timestamp,free_heap_kb,stack_hwm_bytes,net_activity,msg_size,sign_time_ms,label,true_algo
1761018221715,237.62,6064,2,32,203.73,0,0
1761018223872,247.86,6064,1,128,121.21,1,0
1761018226014,237.62,6064,2,32,141.76,1,0
1761018228174,247.7,6064,1,256,158.83,1,0
1761018230334,237.62,6064,2,32,158.66,1,0
1761018232570,242.02,6064,1,1024,235.3,0,0
1761018234924,247.86,6064,1,128,352.07,0,0
1761018237101,237.62,6064,2,512,176.19,1,0
1761018239323,247.86,6064,1,32,220.89,0,0
1761018241686,237.62,6064,2,32,361.59,0,0
1761018243835,247.86,6064,1,64,147.89,1,0
1761018246399,237.62,6064,2,512,563.88,0,0
1761018249974,247.86,6064,1,128,1573.48,0,0
1761018252228,237.62,6064,2,32,253.73,0,0
1761018254597,247.86,6064,1,256,368.45,0,0
1761018256748,237.62,6064,2,128,149.79,1,0
1761018258885,247.86,6064,1,64,137.19,1,0
1761018262470,237.62,6064,2,512,1584.28,0,0
1761018264819,247.86,6064,1,32,347.14,0,0
1761018267280,237.62,6064,2,64,460.49,0,0
1761018269633,247.86,6064,1,256,351.39,0,0
1761018271786,237.62,6064,2,512,151.2,1,0
1761018273945,247.86,6064,1,256,157.99,1,0
1761018277444,237.51,6064,1,256,1497.45,0,0
1761018280943,237.43,6064,2,1024,1496.37,0,0
1761018283154,248.06,6064,1,64,209.37,0,0
1761018285340,237.62,6064,2,1024,184.58,1,0
1761018287555,243.18,6064,1,64,214.55,0,0
1761018291443,247.86,6064,1,32,1886.35,0,0
1761018293598,237.62,6064,2,32,153.0,1,0
1761018295937,248.06,6064,1,32,338.83,0,0
1761018298330,237.62,6064,2,128,390.58,0,0
1761018300664,248.06,6064,1,32,333.96,0,0
1761018302810,237.62,6064,2,64,145.06,1,0
1761018304961,248.06,6064,1,512,149.04,1,0
1761018307114,237.62,6064,2,512,152.87,1,0
1761018309262,248.06,6064,1,128,146.98,1,0
1761018311412,237.62,6064,2,128,148.55,1,0
1761018315029,244.81,6064,1,512,1614.99,0,0
1761018320164,247.86,6064,1,64,9999.0,0,0
1761018323442,237.62,6064,2,64,1276.92,0,0
1761018325977,248.06,6064,1,32,533.61,0,0
1761018328312,237.62,6064,2,512,333.9,0,0
1761018330595,248.06,6064,1,1024,280.9,0,0
1761018334452,237.62,6064,2,512,1854.97,0,0
1761018336601,248.06,6064,1,1024,147.86,1,0
1761018338753,237.62,6064,2,512,150.92,1,0
1761018340932,248.06,6064,1,1024,177.38,1,0
1761018343095,237.62,6064,2,32,161.54,1,0
1761018345241,248.03,6064,1,256,144.38,1,0
1761018349196,248.06,6064,1,1024,1953.24,0,0
1761018351357,237.62,6064,2,1024,158.29,1,0
1761018353545,247.86,6064,1,64,186.19,1,0
1761018356106,237.62,6064,2,64,560.75,0,0
1761018358424,244.65,6064,1,32,316.98,0,0
1761018360571,247.86,6064,1,128,145.98,1,0
1761018362763,237.62,6064,2,256,190.26,1,0
1761018365289,248.03,6064,1,512,525.28,0,0
1761018367739,237.62,6064,2,32,449.08,0,0
1761018370105,248.06,6064,1,64,365.65,0,0
1761018372257,237.62,6064,2,64,149.93,1,0
1761018374399,248.06,6064,1,1024,140.87,1,0
1761018376545,237.62,6064,2,1024,144.09,1,0
1761018378688,242.02,6064,1,1024,141.22,1,0
1761018380847,247.86,6064,1,32,158.02,1,0
1761018382994,237.62,6064,2,1024,146.03,1,0
1761018385085,248.06,6064,1,32,90.36,1,0
1761018387301,237.62,6064,2,64,215.02,0,0
1761018389446,247.82,6064,1,1024,143.27,1,0
1761018391598,247.86,6064,1,1024,150.91,1,0
1761018393692,237.62,6064,2,64,93.4,1,0
1761018395935,248.06,6064,1,64,242.21,0,0
1761018398356,237.62,6064,2,64,419.7,0,0
1761018400539,248.06,6064,1,1024,181.38,1,0
1761018402654,237.62,6064,2,256,113.23,1,0
1761018404809,248.06,6064,1,32,154.52,1,0
1761018406955,237.62,6064,2,128,145.0,1,0
1761018409105,248.06,6064,1,256,148.21,1,0
1761018411250,237.62,6064,2,128,144.27,1,0
1761018413350,248.06,6064,1,256,97.97,1,0
1761018415587,237.62,6064,2,512,235.53,0,0
1761018417703,248.06,6064,1,128,114.87,1,0
1761018419962,237.62,6064,2,256,257.91,0,0
1761018422515,248.06,6064,1,256,552.06,0,0
1761018424872,247.74,6064,1,64,354.99,0,0
1761018427253,237.62,6064,2,64,380.3,0,0
1761018429631,248.06,6064,1,1024,376.99,0,0
1761018431838,237.62,6064,2,256,205.24,0,0
1761018433988,244.81,6064,1,64,149.34,1,0
1761018436275,244.81,6064,1,64,285.04,0,0
1761018438622,247.86,6064,1,256,344.55,0,0
1761018440790,237.62,6064,2,256,166.69,1,0
1761018443207,247.86,6064,1,64,416.74,0,0
1761018445358,237.62,6064,2,1024,148.06,1,0
1761018447501,242.02,6064,1,128,141.85,1,0
1761018449658,248.06,6064,1,32,155.93,1,0
1761018451806,237.62,6064,2,128,147.15,1,0
1761018453956,248.06,6064,1,32,148.67,1,0
1761018456107,237.62,6064,2,1024,150.29,1,0
1761018458361,248.06,6064,1,64,252.18,0,0
1761018460713,237.62,6064,2,512,350.69,0,0
1761018462869,244.81,6064,1,1024,154.82,1,0
1761018465064,247.86,6064,1,64,194.29,1,0
1761018467417,237.62,6064,2,256,352.77,0,0
1761018469626,248.06,6064,1,128,208.37,0,0
1761018471872,237.62,6064,2,128,244.31,0,0
1761018474330,248.06,6064,1,32,458.19,0,0
1761018476693,237.62,6064,2,256,361.71,0,0
1761018478839,248.06,6064,1,128,145.02,1,0
1761018480991,237.62,6064,2,1024,150.71,1,0
1761018483374,248.06,6064,1,256,383.28,0,0
1761018485592,237.62,6064,2,32,216.53,0,0
1761018487747,248.06,6064,1,256,154.71,1,0
1761018489898,247.74,6064,1,256,149.98,1,0
1761018492053,237.62,6064,2,32,154.99,1,0
1761018494204,248.06,6064,1,64,149.64,1,0
1761018496364,237.83,6064,2,512,157.54,1,0
1761018498494,248.27,6064,1,1024,128.98,1,0
1761018500671,238.04,6064,2,64,176.15,1,0
1761018502911,248.48,6064,1,512,239.58,0,0
1761018505288,238.24,6064,2,512,376.03,0,0
1761018507409,242.45,6064,1,32,119.68,1,0
1761018509601,248.68,6064,1,64,191.19,1,0
1761018512018,238.24,6064,2,64,415.91,0,0
1761018514270,248.89,6064,1,64,251.49,0,0
1761018516624,238.45,6064,2,1024,350.88,0,0
1761018518980,248.89,6064,1,512,355.36,0,0
1761018521233,238.45,6064,2,64,251.44,0,0
1761018523380,248.89,6064,1,64,145.77,1,0
1761018525632,238.45,6064,2,256,251.92,0,0
1761018528396,248.68,6064,1,1024,760.65,0,0
1761018531063,238.24,6064,2,64,666.58,0,0
1761018533218,248.48,6064,1,32,153.71,1,0
1761018535365,248.68,6064,1,512,145.7,1,0
1761018537623,238.24,6064,2,32,257.06,0,0
1761018539972,248.48,6064,1,64,348.65,0,0
1761018542142,238.04,6064,2,128,168.64,1,0
1761018544474,248.27,6064,1,64,331.48,0,0
1761018546730,237.83,6064,2,32,254.02,0,0
1761018548877,248.06,6064,1,256,145.92,1,0
1761018551044,237.62,6064,2,256,166.48,1,0
1761018553183,247.86,6064,1,64,137.18,1,0
1761018555327,237.62,6064,2,512,143.04,1,0
1761018557995,247.86,6064,1,512,666.23,0,0
1761018560241,237.62,6064,2,64,244.71,0,0
1761018562501,247.82,6064,1,128,258.47,0,0
1761018564870,237.62,6064,2,1024,367.29,0,0
1761018567009,247.86,6064,1,128,138.49,1,0
1761018569156,237.62,6064,2,512,146.35,1,0
1761018571308,247.86,6064,1,512,152.2,1,0
1761018573460,237.62,6064,2,1024,149.37,1,0
1761018575606,247.86,6064,1,32,144.47,1,0
1761018577792,237.62,6064,2,128,184.35,1,0
1761018580111,247.86,6064,1,128,318.18,0,0
1761018582365,237.62,6064,2,256,252.1,0,0
1761018584516,247.86,6064,1,64,149.59,1,0
1761018586769,237.62,6064,2,128,251.61,0,0
1761018589123,247.86,6064,1,32,352.95,0,0
1761018591270,237.62,6064,2,128,145.87,1,0
1761018593438,247.82,6064,1,128,166.81,1,0
1761018595576,247.86,6064,1,128,137.68,1,0
1761018597828,237.62,6064,2,512,249.53,0,0
1761018600281,247.86,6064,1,1024,450.99,0,0
1761018602640,237.62,6064,2,64,358.18,0,0
1761018604790,247.86,6064,1,256,148.44,1,0
1761018607245,237.62,6064,2,128,453.66,0,0
1761018609604,247.86,6064,1,1024,358.42,0,0
1761018612071,237.62,6064,2,64,465.87,0,0
1761018616461,247.86,6064,1,128,2387.67,0,0
1761018619021,237.62,6064,2,32,558.78,0,0
1761018621378,247.86,6064,1,256,356.84,0,0
1761018623527,237.62,6064,2,256,148.16,1,0
1761018625680,247.86,6064,1,1024,151.13,1,0
1761018627863,237.62,6064,2,512,182.06,1,0
1761018629982,247.86,6064,1,512,117.71,1,0
1761018632132,237.62,6064,2,1024,148.59,1,0
1761018635817,247.86,6064,1,512,1683.29,0,0
1761018637968,237.62,6064,2,256,150.87,1,0
1761018640118,247.86,6064,1,512,146.92,1,0
1761018642366,237.62,6064,2,32,247.48,0,0
1761018645951,247.86,6064,1,1024,1582.38,0,0
1761018648104,237.62,6064,2,1024,150.46,1,0
1761018650262,247.63,6064,1,256,157.12,1,0
1761018652406,247.86,6064,1,64,142.74,1,0
1761018654557,237.62,6064,2,32,149.79,1,0
1761018657015,247.86,6064,1,64,457.4,0,0
1761018659264,237.62,6064,2,512,247.17,0,0
1761018661725,247.86,6064,1,32,460.77,0,0
1761018664099,237.62,6064,2,256,372.59,0,0
1761018666231,247.86,6064,1,32,131.12,1,0
1761018669440,237.62,6064,2,64,1208.72,0,0
1761018671775,247.86,6064,1,128,332.41,0,0
1761018676833,237.62,6064,2,1024,9999.0,0,0
1761018679128,247.86,6064,1,512,293.46,0,0
1761018681279,237.62,6064,2,128,150.85,1,0
1761018683542,241.7,6064,1,256,261.7,0,0
1761018686327,247.86,6064,1,128,783.43,0,0
1761018688652,237.62,6064,2,64,324.16,0,0
1761018690806,247.86,6064,1,256,153.15,1,0
1761018692958,237.62,6064,2,64,150.71,1,0
1761018695209,247.86,6064,1,128,250.21,0,0
1761018697563,237.62,6064,2,512,352.18,0,0
1761018699817,247.86,6064,1,1024,251.82,0,0
1761018702169,237.62,6064,2,1024,349.56,0,0
1761018704319,247.86,6064,1,512,147.96,1,0
1761018706486,237.62,6064,2,128,165.59,1,0
1761018709997,247.86,6064,1,256,1509.18,0,0
1761018712313,237.62,6064,2,512,314.16,0,0
1761018714472,247.86,6064,1,32,158.97,1,0
1761018716613,237.62,6064,2,32,138.32,1,0
1761018718863,247.86,6064,1,64,248.15,0,0
1761018721223,237.62,6064,2,256,357.82,0,0
1761018723373,247.86,6064,1,64,148.7,1,0
1761018725519,237.62,6064,2,128,144.83,1,0
1761018727676,247.82,6064,1,128,155.9,1,0
1761018729820,247.86,6064,1,64,144.17,1,0
1761018731971,237.62,6064,2,1024,148.29,1,0
1761018734124,247.86,6064,1,256,151.98,1,0
1761018736376,237.62,6064,2,64,250.81,0,0
1761018738729,247.86,6064,1,1024,351.09,0,0
1761018740880,237.62,6064,2,512,149.72,1,0
1761018743030,247.86,6064,1,64,148.14,1,0
1761018745180,237.62,6064,2,64,148.88,1,0
1761018747274,247.86,6064,1,128,93.24,1,0
1761018749477,237.62,6064,2,64,201.31,0,0
1761018751738,247.86,6064,1,512,260.02,0,0
1761018754203,237.62,6064,2,512,463.79,0,0
1761018756548,247.86,6064,1,256,343.12,0,0
1761018758698,237.62,6064,2,64,149.26,1,0
1761018760847,247.86,6064,1,64,147.34,1,0
1761018762944,237.62,6064,2,1024,94.61,1,0
1761018765149,247.7,6064,1,32,204.67,0,0
1761018767298,247.86,6064,1,256,147.22,1,0
1761018769472,237.62,6064,2,256,172.97,1,0
1761018771632,247.82,6064,1,64,158.75,1,0
1761018773774,237.62,6064,2,256,140.6,1,0
1761018775899,247.86,6064,1,1024,124.23,1,0
1761018778079,237.62,6064,2,256,179.47,1,0
1761018780201,247.82,6064,1,512,119.89,1,0
1761018782456,237.62,6064,2,512,253.68,0,0
1761018784813,247.86,6064,1,64,356.14,0,0
1761018786987,237.62,6064,2,32,172.49,1,0
1761018789461,247.86,6064,1,1024,472.25,0,0
1761018792205,237.62,6064,2,128,742.48,0,0
1761018794277,247.86,6064,1,1024,69.8,1,0
1761018796679,237.62,6064,2,64,400.3,0,0
1761018799038,247.86,6064,1,32,355.89,0,0
1761018801397,237.62,6064,2,64,357.79,0,0
1761018803648,247.7,6064,1,1024,248.59,0,0
1761018806007,237.64,6064,1,32,357.3,0,0
1761018808190,237.62,6064,2,256,182.27,1,0
1761018810405,247.86,6064,1,64,214.03,0,0
1761018812763,237.62,6064,2,64,354.56,0,0
1761018814857,247.86,6064,1,32,93.64,1,0
1761018817007,237.62,6064,2,256,148.63,1,0
1761018819464,247.86,6064,1,1024,456.0,0,0
1761018821980,237.62,6064,2,256,514.39,0,0
1761018824125,247.86,6064,1,128,144.16,1,0
1761018826225,237.62,6064,2,256,97.71,1,0
1761018828428,247.86,6064,1,32,201.84,0,0
1761018830785,237.62,6064,2,512,355.5,0,0
1761018833051,247.86,6064,1,1024,263.11,0,0
1761018835197,237.62,6064,2,512,144.03,1,0
1761018837335,247.86,6064,1,64,137.42,1,0
1761018839630,237.62,6064,2,128,293.83,0,0
1761018841943,247.86,6064,1,64,311.49,0,0
1761018844041,237.62,6064,2,32,97.29,1,0
1761018848434,247.86,6064,1,32,2392.62,0,0
1761018850548,237.62,6064,2,32,112.81,1,0
1761018852802,241.89,6064,1,1024,251.64,0,0
1761018855153,247.86,6064,1,512,349.8,0,0
1761018857511,237.62,6064,2,64,356.4,0,0
1761018859764,247.86,6064,1,512,250.98,0,0
1761018861914,237.62,6064,2,128,148.94,1,0
1761018864472,247.86,6064,1,256,556.64,0,0
1761018866852,237.43,6064,2,256,378.54,0,0
1761018869162,247.86,6064,1,128,308.99,0,0
1761018871640,237.62,6064,2,512,476.9,0,0
1761018873945,247.86,6064,1,512,302.59,0,0
1761018877974,237.62,6064,2,128,2027.75,0,0
1761018880384,247.86,6064,1,1024,407.58,0,0
1761018882497,237.62,6064,2,256,111.23,1,0
1761018884647,247.86,6064,1,256,149.06,1,0
1761018886937,237.67,6064,1,32,288.58,0,0
1761018889251,237.62,6064,2,512,312.88,0,0
1761018891409,247.86,6064,1,64,157.26,1,0
1761018893564,237.62,6064,2,128,153.62,1,0
1761018895655,247.86,6064,1,128,90.03,1,0
1761018897862,237.62,6064,2,128,206.31,0,0
1761018900109,247.86,6064,1,1024,245.83,0,0
1761018902473,237.62,6064,2,128,363.26,0,0
1761018904622,247.86,6064,1,1024,145.72,1,0
1761018906770,237.62,6064,2,512,147.37,1,0
1761018908958,247.86,6064,1,256,186.23,1,0
1761018911374,237.62,6064,2,64,415.0,0,0
1761018913527,247.82,6064,1,128,151.03,1,0
1761018915678,247.86,6064,1,256,149.42,1,0
1761018917825,237.62,6064,2,256,146.25,1,0
1761018919977,247.86,6064,1,32,150.74,1,0
1761018922327,237.62,6064,2,32,349.38,0,0
1761018924686,247.86,6064,1,128,356.87,0,0
1761018927182,237.62,6064,2,64,495.09,0,0
1761018929502,247.86,6064,1,32,319.1,0,0
1761018931697,237.62,6064,2,256,193.16,1,0
1761018934108,247.82,6064,1,64,410.11,0,0
1761018936258,237.62,6064,2,32,148.89,1,0
1761018938409,247.86,6064,1,1024,149.09,1,0
1761018940581,237.62,6064,2,128,171.08,1,0
1761018942815,247.86,6064,1,256,232.36,0,0
1761018945184,237.62,6064,2,1024,366.02,0,0
1761018947317,247.86,6064,1,256,132.56,1,0
1761018949410,237.43,6064,2,1024,91.65,1,0
1761018951614,247.63,6064,1,1024,201.76,0,0
1761018953714,247.86,6064,1,32,98.57,1,0
1761018955860,237.62,6064,2,32,145.61,1,0
1761018958071,247.86,6064,1,32,209.76,0,0
1761018960244,237.62,6064,2,64,172.48,1,0
1761018962494,247.86,6064,1,256,248.14,0,0
1761018964822,237.62,6064,2,256,325.7,0,0
1761018966994,247.86,6064,1,1024,169.57,1,0
1761018969124,237.62,6064,2,256,129.3,1,0
1761018971382,247.86,6064,1,1024,256.64,0,0
1761018973851,237.62,6064,2,128,467.79,0,0
1761018976214,247.86,6064,1,64,360.85,0,0
1761018978340,237.62,6064,2,128,124.8,1,0
1761018982167,247.86,6064,1,128,1825.01,0,0
1761018984496,237.62,6064,2,64,327.93,0,0
1761018986637,247.86,6064,1,64,140.24,1,0
1761018988803,237.62,6064,2,64,164.61,1,0
1761018991960,247.86,6064,1,512,1154.9,0,0
1761018994336,237.62,6064,2,128,376.12,0,0
1761018996470,247.86,6064,1,1024,130.12,1,0
1761018998562,237.62,6064,2,32,91.4,1,0
1761019000766,242.02,6064,1,32,202.74,0,0
1761019002915,247.86,6064,1,1024,146.41,1,0
1761019005067,237.62,6064,2,1024,150.48,1,0
1761019007165,247.86,6064,1,1024,96.23,1,0
1761019009675,237.62,6064,2,256,509.92,0,0
1761019011824,247.86,6064,1,128,147.86,1,0
1761019013924,237.62,6064,2,256,99.15,1,0
1761019016128,247.86,6064,1,512,202.51,0,0
1761019019429,237.62,6064,2,32,1299.78,0,0
1761019021657,247.86,6064,1,512,227.0,0,0
1761019023804,237.62,6064,2,1024,145.49,1,0
1761019025987,247.86,6064,1,64,182.48,1,0
1761019028105,237.62,6064,2,512,115.97,1,0
1761019030256,247.86,6064,1,512,149.95,1,0
1761019032410,237.62,6064,2,256,152.09,1,0
1761019034667,247.86,6064,1,128,255.46,0,0
1761019037170,237.62,6064,2,64,501.2,0,0
1761019039420,247.86,6064,1,512,250.02,0,0
1761019042039,247.86,6064,1,256,617.54,0,0
1761019044596,237.62,6064,2,512,555.14,0,0
1761019046948,247.86,6064,1,1024,349.02,0,0
1761019049310,237.62,6064,2,512,360.13,0,0
1761019051486,247.86,6064,1,256,175.07,1,0
1761019053608,237.62,6064,2,64,120.45,1,0
1761019055702,247.86,6064,1,256,92.36,1,0
1761019057910,237.43,6064,2,1024,206.86,0,0
1761019060158,247.86,6064,1,256,247.08,0,0
1761019062525,237.62,6064,2,128,365.78,0,0
1761019064673,248.06,6064,1,1024,145.34,1,0
1761019066764,237.62,6064,2,1024,89.92,1,0
1761019068974,242.02,6064,1,32,209.31,0,0
1761019071060,248.06,6064,1,64,85.01,1,0
1761019073267,237.62,6064,2,32,205.39,0,0
1761019075414,244.81,6064,1,512,145.3,1,0
1761019077565,248.06,6064,1,32,149.2,1,0
1761019079720,237.43,6064,2,512,153.37,1,0
1761019081875,246.33,6064,1,256,153.52,1,0
1761019083971,237.62,6064,2,128,93.84,1,0
1761019086170,248.06,6064,1,1024,197.05,1,0
1761019088322,237.62,6064,2,512,151.4,1,0
1761019090517,248.06,6064,1,256,194.46,1,0
1761019092961,237.62,6064,2,256,442.1,0,0
1761019095024,248.06,6064,1,64,61.63,1,0
1761019097234,237.62,6064,2,128,210.12,0,0
1761019099380,248.06,6064,1,256,144.36,1,0
1761019101534,237.62,6064,2,32,152.92,1,0
1761019103785,247.9,6064,1,256,250.68,0,0
1761019106145,237.62,6064,2,1024,357.11,0,0
1761019108291,241.89,6064,1,128,144.41,1,0
1761019110439,248.06,6064,1,64,147.52,1,0
1761019112589,237.62,6064,2,128,148.19,1,0
1761019114740,248.06,6064,1,64,149.53,1,0
1761019116900,237.62,6064,2,32,159.57,1,0
1761019119042,248.06,6064,1,1024,139.38,1,0
1761019121395,237.62,6064,2,256,351.46,0,0
1761019123655,241.89,6064,1,512,258.16,0,0
1761019126004,248.06,6064,1,1024,346.8,0,0
1761019128257,237.62,6064,2,512,250.16,0,0
1761019130413,248.06,6064,1,128,154.32,1,0
1761019132603,237.62,6064,2,64,188.3,1,0
1761019134960,248.06,6064,1,32,355.74,0,0
1761019137162,237.62,6064,2,128,200.11,0,0
1761019139315,241.89,6064,1,512,152.42,1,0
1761019141490,248.06,6064,1,128,172.85,1,0
1761019143666,237.62,6064,2,256,175.36,1,0
1761019146076,248.06,6064,1,64,408.69,0,0
1761019148228,237.62,6064,2,32,150.67,1,0
1761019150424,248.06,6064,1,512,194.45,1,0
1761019152971,237.62,6064,2,512,545.55,0,0
1761019155293,246.33,6064,1,512,319.82,0,0
1761019157441,236.1,6064,2,32,146.76,1,0
1761019159608,246.54,6064,1,256,165.2,1,0
1761019162051,237.83,6064,2,1024,441.81,0,0
1761019164303,248.27,6064,1,256,250.17,0,0
1761019166656,237.83,6064,2,512,351.08,0,0
1761019168909,248.27,6064,1,32,250.63,0,0
1761019171260,237.83,6064,2,256,351.1,0,0
1761019173417,242.22,6064,1,64,155.5,1,0
1761019175511,248.27,6064,1,256,92.02,1,0
1761019177717,237.83,6064,2,1024,203.35,0,0
1761019179968,248.27,6064,1,1024,245.99,0,0
1761019182320,237.83,6064,2,512,349.98,0,0
1761019184476,248.06,6064,1,128,154.92,1,0
1761019186627,237.62,6064,2,1024,148.12,1,0
1761019188786,248.06,6064,1,1024,156.62,1,0
1761019190927,237.62,6064,2,256,140.59,1,0
1761019193078,244.65,6064,1,64,148.38,1,0
1761019195171,244.81,6064,1,256,92.36,1,0
1761019197479,244.81,6064,1,512,307.01,0,0
1761019200088,237.62,6064,2,64,606.96,0,0
1761019202292,248.06,6064,1,512,202.25,0,0
1761019204540,237.62,6064,2,512,246.29,0,0
1761019206949,248.03,6064,1,64,407.68,0,0
1761019209358,237.62,6064,2,128,407.11,0,0
1761019211509,248.06,6064,1,256,149.63,1,0
1761019213661,237.62,6064,2,32,149.79,1,0
1761019215812,242.02,6064,1,128,149.28,1,0
1761019217960,247.86,6064,1,64,146.11,1,0
1761019220138,237.62,6064,2,128,177.09,1,0
1761019222363,248.06,6064,1,64,223.24,0,0
1761019224753,237.62,6064,2,64,388.8,0,0
1761019226867,248.06,6064,1,64,112.8,1,0
1761019229122,237.62,6064,2,256,252.6,0,0
1761019231502,248.06,6064,1,1024,377.37,0,0
1761019233729,237.62,6064,2,32,225.71,0,0
1761019236085,248.06,6064,1,256,354.64,0,0
1761019238333,237.62,6064,2,256,247.05,0,0
1761019240696,248.06,6064,1,32,362.52,0,0
1761019242841,237.62,6064,2,256,144.05,1,0
1761019244992,248.27,6064,1,32,149.6,1,0
1761019247086,237.83,6064,2,256,92.04,1,0
1761019249292,242.22,6064,1,256,205.17,0,0
1761019251444,248.48,6064,1,512,149.72,1,0
1761019253730,238.04,6064,2,256,285.13,0,0
1761019256052,248.68,6064,1,1024,317.85,0,0
1761019258201,238.24,6064,2,1024,147.32,1,0
1761019260352,248.89,6064,1,64,149.69,1,0
1761019262626,238.66,6064,2,32,272.59,0,0
1761019265271,249.1,6064,1,1024,639.87,0,0
1761019267521,249.3,6064,1,512,248.91,0,0
1761019269871,238.86,6064,2,256,348.03,0,0
1761019272146,249.3,6064,1,1024,272.66,0,0
1761019274483,238.86,6064,2,256,335.6,0,0
1761019276636,249.3,6064,1,32,150.98,1,0
1761019278787,238.86,6064,2,512,150.15,1,0
1761019280949,249.3,6064,1,32,161.22,1,0
1761019283115,238.86,6064,2,512,163.97,1,0
1761019285235,249.1,6064,1,512,118.21,1,0
1761019287388,238.86,6064,2,512,150.81,1,0
1761019289538,249.1,6064,1,1024,147.67,1,0
1761019291790,238.86,6064,2,128,250.83,0,0
1761019294259,249.1,6064,1,512,467.96,0,0
1761019296703,238.86,6064,2,32,443.62,0,0
1761019299096,249.1,6064,1,64,391.4,0,0
1761019301252,238.86,6064,2,128,154.8,1,0
1761019303668,249.1,6064,1,32,414.83,0,0
1761019305822,238.66,6064,2,32,153.51,1,0
1761019308015,248.89,6064,1,256,191.57,1,0
1761019310424,238.45,6064,2,128,407.75,0,0
1761019312578,248.68,6064,1,128,152.09,1,0
1761019314669,238.24,6064,2,1024,89.07,1,0
1761019316875,241.91,6064,1,1024,203.98,0,0
1761019318972,248.48,6064,1,512,95.04,1,0
1761019321311,238.04,6064,2,1024,336.93,0,0
1761019323635,248.27,6064,1,32,320.94,0,0
1761019325785,237.83,6064,2,1024,148.02,1,0
1761019328037,248.06,6064,1,128,250.74,0,0
1761019330401,237.62,6064,2,32,362.87,0,0
1761019332595,247.86,6064,1,512,191.47,1,0
1761019334944,237.62,6064,2,64,346.9,0,0
1761019337151,247.86,6064,1,256,205.06,0,0
1761019339299,237.62,6064,2,32,146.9,1,0
1761019341453,247.86,6064,1,512,151.88,1,0
1761019343646,237.62,6064,2,64,191.42,1,0
1761019346084,247.86,6064,1,1024,435.5,0,0
1761019348211,237.62,6064,2,128,125.41,1,0
1761019350358,247.86,6064,1,64,143.58,1,0
1761019353940,237.62,6064,2,32,1581.33,0,0
1761019356203,247.86,6064,1,32,261.84,0,0
1761019358347,237.62,6064,2,64,142.35,1,0
1761019360495,242.02,6064,1,64,145.74,1,0
1761019362681,247.86,6064,1,64,184.32,1,0
1761019364796,237.62,6064,2,256,113.67,1,0
1761019366956,247.86,6064,1,256,159.35,1,0
1761019369200,237.62,6064,2,32,241.95,0,0
1761019371556,247.86,6064,1,256,354.53,0,0
1761019373704,237.62,6064,2,256,146.72,1,0
1761019375892,247.86,6064,1,64,186.41,1,0
1761019377954,237.62,6064,2,256,60.91,1,0
1761019380407,247.86,6064,1,128,451.51,0,0
1761019382721,237.62,6064,2,256,312.59,0,0
1761019385074,247.86,6064,1,512,350.03,0,0
1761019387264,237.62,6064,2,128,189.1,1,0
1761019389780,247.86,6064,1,512,514.39,0,0
1761019392346,237.62,6064,2,1024,565.06,0,0
1761019394598,247.86,6064,1,128,250.5,0,0
1761019397979,237.62,6064,2,512,1379.05,0,0
1761019400140,247.86,6064,1,64,160.24,1,0
1761019402274,237.62,6064,2,256,132.41,1,0
1761019404427,247.86,6064,1,64,149.34,1,0
1761019406577,237.62,6064,2,64,149.03,1,0
1761019408827,247.86,6064,1,64,248.2,0,0
1761019411288,237.62,6064,2,512,460.12,0,0
1761019413662,247.86,6064,1,1024,370.84,0,0
1761019415946,237.62,6064,2,32,283.25,0,0
1761019418256,241.89,6064,1,64,309.36,0,0
1761019420403,247.86,6064,1,128,144.95,1,0
1761019422553,237.62,6064,2,256,149.05,1,0
1761019424806,247.86,6064,1,128,251.47,0,0
1761019427160,237.62,6064,2,1024,353.22,0,0
1761019429413,247.86,6064,1,128,251.37,0,0
1761019431772,237.62,6064,2,32,358.33,0,0
1761019433920,247.86,6064,1,1024,145.6,1,0
1761019436171,237.62,6064,2,128,250.96,0,0
1761019438527,248.06,6064,1,256,354.43,0,0
1761019440703,237.62,6064,2,32,174.35,1,0
1761019442850,242.02,6064,1,128,145.38,1,0
1761019445078,248.06,6064,1,128,226.27,0,0
1761019447755,237.62,6064,2,128,675.59,0,0
1761019449894,248.06,6064,1,32,138.16,1,0
1761019451988,237.62,6064,2,128,92.4,1,0
1761019454205,247.86,6064,1,1024,215.15,0,0
1761019456354,237.62,6064,2,512,147.06,1,0
1761019458511,248.06,6064,1,128,155.97,1,0
1761019460650,237.62,6064,2,64,136.77,1,0
1761019462797,248.06,6064,1,512,146.03,1,0
1761019464990,237.62,6064,2,512,190.96,1,0
1761019467404,248.06,6064,1,1024,411.39,0,0
1761019469596,237.62,6064,2,1024,189.4,1,0
1761019472011,248.06,6064,1,128,413.69,0,0
1761019474209,237.62,6064,2,1024,196.35,1,0
1761019476620,244.95,6064,1,128,410.0,0,0
1761019478770,248.06,6064,1,64,148.91,1,0
1761019480921,237.62,6064,2,1024,148.38,1,0
1761019483072,248.06,6064,1,32,150.4,1,0
1761019485326,237.62,6064,2,1024,252.42,0,0
1761019487622,248.03,6064,1,32,296.03,0,0
1761019489829,237.62,6064,2,512,204.74,0,0
1761019491980,248.06,6064,1,32,150.8,1,0
1761019494077,237.62,6064,2,256,96.6,1,0
1761019496415,248.06,6064,1,128,335.63,0,0
1761019498743,237.62,6064,2,64,326.75,0,0
1761019500889,248.06,6064,1,1024,144.7,1,0
1761019503144,237.62,6064,2,1024,253.5,0,0
1761019505497,248.06,6064,1,1024,351.37,0,0
1761019507646,237.62,6064,2,256,147.71,1,0
1761019509941,247.9,6064,1,512,294.67,0,0
1761019512254,237.62,6064,2,512,310.07,0,0
1761019514509,242.02,6064,1,128,254.04,0,0
1761019516968,248.06,6064,1,64,456.98,0,0
1761019519320,237.62,6064,2,512,351.18,0,0
1761019521414,248.06,6064,1,256,92.74,1,0
1761019523621,237.62,6064,2,1024,203.01,0,0
1761019525874,248.06,6064,1,1024,250.52,0,0
1761019528229,237.62,6064,2,512,353.56,0,0
1761019530485,248.06,6064,1,64,254.83,0,0
1761019532841,237.62,6064,2,128,355.09,0,0
1761019535012,248.06,6064,1,1024,170.22,1,0
1761019537262,237.62,6064,2,128,248.96,0,0
1761019539595,248.06,6064,1,32,331.06,0,0
1761019541748,237.62,6064,2,128,152.21,1,0
1761019543933,248.06,6064,1,1024,182.47,1,0
1761019546377,237.62,6064,2,32,442.48,0,0
1761019548501,248.06,6064,1,128,122.99,1,0
1761019550654,237.62,6064,2,32,152.23,1,0
1761019552807,248.06,6064,1,32,151.4,1,0
1761019555053,247.58,6064,1,128,244.7,0,0
1761019557415,237.62,6064,2,32,357.79,0,0
1761019559586,244.81,6064,1,256,170.1,1,0
1761019561715,247.86,6064,1,256,126.38,1,0
1761019563906,237.62,6064,2,32,190.51,1,0
1761019566321,248.06,6064,1,1024,413.36,0,0
1761019568474,237.62,6064,2,256,151.62,1,0
1761019570626,248.06,6064,1,128,150.94,1,0
1761019572773,237.62,6064,2,64,144.82,1,0
1761019575029,248.06,6064,1,512,254.89,0,0
1761019577483,237.62,6064,2,512,451.75,0,0
1761019579839,248.06,6064,1,512,351.53,0,0
1761019582001,237.62,6064,2,256,160.24,1,0
1761019584141,248.06,6064,1,256,138.6,1,0
1761019586497,237.62,6064,2,32,354.72,0,0
1761019588792,248.06,6064,1,32,293.27,0,0
1761019591207,237.62,6064,2,1024,413.13,0,0
1761019593356,242.02,6064,1,256,144.85,1,0
1761019595555,248.06,6064,1,512,194.62,1,0
1761019597964,237.62,6064,2,128,407.52,0,0
1761019600367,248.06,6064,1,256,402.06,0,0
1761019602567,237.62,6064,2,64,199.13,1,0
1761019604723,247.86,6064,1,512,153.21,1,0
1761019606873,237.62,6064,2,32,148.76,1,0
1761019609025,248.06,6064,1,64,151.32,1,0
1761019611178,237.62,6064,2,64,152.57,1,0
1761019613323,246.33,6064,1,32,144.31,1,0
1761019615469,247.74,6064,1,512,144.45,1,0
1761019617865,237.43,6064,2,128,394.43,0,0
1761019620183,247.86,6016,1,64,314.79,0,0
1761019622592,237.62,6016,2,32,408.63,0,0
1761019625204,247.9,6016,1,64,610.6,0,0
1761019627459,237.62,6016,2,128,253.28,0,0
1761019629605,241.89,6016,1,512,144.33,1,0
1761019631751,248.06,6016,1,512,144.48,1,0
1761019633851,237.62,6016,2,1024,97.37,1,0
1761019636058,248.27,6016,1,256,206.19,0,0
1761019638150,237.83,6016,2,256,90.3,1,0
1761019640357,248.48,6016,1,1024,204.52,0,0
1761019642522,238.04,6016,2,32,163.9,1,0
1761019644653,248.68,6016,1,1024,129.01,1,0
1761019646854,238.24,6016,2,32,199.54,1,0
1761019649305,248.89,6016,1,128,449.67,0,0
1761019651671,238.45,6016,2,64,365.56,0,0
1761019653869,248.89,6016,1,1024,195.34,1,0
1761019656025,238.45,6016,2,128,155.09,1,0
1761019658211,248.89,6016,1,256,184.89,1,0
1761019660741,238.45,6016,2,64,526.76,0,0
1761019663095,248.89,6016,1,512,351.27,0,0
1761019665240,238.45,6016,2,512,144.06,1,0
1761019667399,248.89,6016,1,64,157.45,1,0
1761019669592,238.45,6016,2,128,191.5,1,0
1761019672024,248.86,6016,1,256,429.8,0,0
1761019674144,248.89,6016,1,256,118.61,1,0
1761019676298,238.45,6016,2,512,152.68,1,0
1761019678594,248.89,6016,1,256,294.85,0,0
1761019680852,238.45,6016,2,1024,257.17,0,0
1761019683159,248.89,6016,1,32,305.57,0,0
1761019685459,238.45,6016,2,512,298.25,0,0
1761019687767,248.68,6016,1,128,306.91,0,0
1761019690225,238.24,6016,2,256,456.83,0,0
1761019692585,248.48,6016,1,64,357.86,0,0
1761019694727,238.04,6016,2,1024,137.99,1,0
1761019696885,248.27,6016,1,32,157.07,1,0
1761019699050,237.83,6016,2,128,163.57,1,0
1761019701208,248.23,6016,1,32,157.4,1,0
1761019703334,237.83,6016,2,512,124.53,1,0
1761019705499,248.06,6016,1,128,162.93,1,0
1761019707635,237.62,6016,2,512,134.74,1,0
1761019709729,247.86,6016,1,64,93.36,1,0
1761019711930,237.62,6016,2,32,199.41,1,0
1761019714029,247.86,6016,1,1024,98.61,1,0
1761019716230,237.64,6016,1,64,200.25,0,0
1761019718400,237.62,6016,2,512,167.57,1,0
1761019720634,247.86,6016,1,512,231.7,0,0
1761019723092,237.62,6016,2,1024,456.86,0,0
1761019725450,247.86,6016,1,128,357.04,0,0
1761019727607,237.62,6016,2,512,154.99,1,0
1761019729776,247.86,6016,1,256,167.25,1,0
1761019732000,237.62,6016,2,64,222.66,0,0
1761019734461,247.86,6016,1,64,459.81,0,0
1761019736817,237.62,6016,2,512,352.37,0,0
1761019739012,247.86,6016,1,1024,194.17,1,0
1761019741424,237.62,6016,2,64,412.2,0,0
1761019743826,247.86,6016,1,64,400.4,0,0
1761019746037,237.62,6016,2,32,210.07,0,0
1761019748126,247.7,6016,1,1024,87.39,1,0
1761019750330,237.62,6016,2,512,201.76,0,0
1761019752480,242.02,6016,1,256,148.49,1,0
1761019754636,247.86,6016,1,1024,155.03,1,0
1761019756787,237.62,6016,2,128,149.52,1,0
1761019759038,247.86,6016,1,128,250.05,0,0
1761019761389,237.62,6016,2,512,348.92,0,0
1761019763548,247.86,6016,1,128,158.76,1,0
1761019765694,237.62,6016,2,512,143.61,1,0
1761019767848,247.86,6016,1,256,150.6,1,0
1761019769990,237.62,6016,2,32,140.53,1,0
1761019772148,247.86,6016,1,64,157.18,1,0
1761019774297,237.62,6016,2,128,146.86,1,0
1761019776446,247.86,6016,1,256,147.22,1,0
1761019778596,237.62,6016,2,256,149.16,1,0
1761019780746,247.86,6016,1,64,147.92,1,0
1761019782898,237.62,6016,2,512,150.23,1,0
1761019785053,247.86,6016,1,32,153.94,1,0
1761019787300,237.62,6016,2,64,245.98,0,0
1761019789674,248.03,6016,1,512,371.83,0,0
1761019791909,237.62,6016,2,32,233.44,0,0
1761019794211,248.06,6016,1,32,301.37,0,0
1761019796409,237.62,6016,2,1024,196.78,1,0
1761019798581,248.06,6016,1,1024,169.98,1,0
1761019800813,248.06,6016,1,128,230.53,0,0
1761019803274,237.62,6016,2,512,460.16,0,0
1761019805728,248.06,6016,1,128,452.33,0,0
1761019808088,237.62,6016,2,64,358.0,0,0
1761019810281,248.06,6016,1,64,191.77,1,0
1761019812799,237.62,6016,2,512,517.01,0,0
1761019815098,248.06,6016,1,64,297.21,0,0
1761019817305,237.62,6016,2,32,207.08,0,0
1761019819555,248.06,6016,1,256,248.53,0,0
1761019821914,237.62,6016,2,32,354.73,0,0
1761019824266,248.06,6016,1,1024,350.72,0,0
1761019826519,237.62,6016,2,128,251.46,0,0
1761019828669,248.06,6016,1,256,148.44,1,0
1761019830765,237.62,6016,2,1024,94.17,1,0
1761019833068,248.06,6016,1,256,301.65,0,0
1761019835269,237.62,6016,2,512,200.04,0,0
1761019837578,242.02,6016,1,256,308.57,0,0
1761019839728,248.06,6016,1,128,148.55,1,0
1761019841823,237.62,6016,2,128,93.68,1,0
1761019844069,247.9,6016,1,64,244.35,0,0
1761019846488,237.62,6016,2,128,417.9,0,0
1761019848640,241.89,6016,1,32,151.97,1,0
1761019850789,248.06,6016,1,512,146.81,1,0
1761019852940,237.62,6016,2,256,150.26,1,0
1761019855034,248.06,6016,1,128,92.77,1,0
1761019857243,237.62,6016,2,32,208.4,0,0
1761019859504,247.86,6016,1,128,260.02,0,0
1761019861789,237.62,6016,2,64,284.43,0,0
1761019864108,248.06,6016,1,64,317.15,0,0
1761019866577,237.62,6016,2,256,468.38,0,0
1761019868912,248.06,6016,1,512,332.46,0,0
1761019871007,237.62,6016,2,128,93.91,1,0
1761019873315,247.84,6016,1,1024,307.08,0,0
1761019875692,248.06,6016,1,128,376.38,0,0
1761019877821,237.62,6016,2,1024,127.22,1,0
1761019879974,248.06,6016,1,64,152.24,1,0
1761019882324,237.62,6016,2,32,348.02,0,0
1761019884575,248.06,6016,1,64,249.95,0,0
1761019886731,237.62,6016,2,64,154.78,1,0
1761019888881,248.06,6016,1,128,147.67,1,0
1761019891032,237.62,6016,2,64,150.53,1,0
1761019893298,248.06,6016,1,256,264.48,0,0
1761019895583,237.62,6016,2,1024,282.28,0,0
1761019897820,248.06,6016,1,32,235.61,0,0
1761019899940,237.62,6016,2,1024,117.64,1,0
1761019902090,248.06,6016,1,1024,147.67,1,0
1761019904242,237.62,6016,2,1024,148.79,1,0
1761019906338,246.33,6016,1,128,94.15,1,0
1761019908555,237.62,6016,2,512,216.0,0,0
1761019910714,248.06,6016,1,512,157.01,1,0
1761019912875,237.62,6016,2,128,159.79,1,0
1761019914988,244.81,6016,1,64,110.69,1,0
1761019917143,248.06,6016,1,128,154.86,1,0
1761019919292,237.62,6016,2,64,147.19,1,0
1761019921546,248.06,6016,1,512,251.09,0,0
1761019923845,237.62,6016,2,1024,297.36,0,0
1761019925995,248.06,6016,1,256,148.49,1,0
1761019928203,237.62,6016,2,1024,204.43,0,0
1761019930374,248.06,6016,1,64,170.46,1,0
1761019932504,237.62,6016,2,512,128.69,1,0
1761019934656,248.06,6016,1,64,151.34,1,0
1761019936907,237.62,6016,2,1024,248.53,0,0
1761019939260,248.06,6016,1,64,351.99,0,0
1761019941411,237.62,6016,2,32,149.76,1,0
1761019943586,248.06,6016,1,32,173.69,1,0
1761019945830,237.62,6016,2,1024,241.48,0,0
1761019948206,242.02,6016,1,256,375.78,0,0
1761019950320,248.06,6016,1,32,112.59,1,0
1761019952686,237.62,6016,2,64,364.76,0,0
1761019954924,248.06,6016,1,32,235.93,0,0
1761019957085,237.62,6016,2,64,160.37,1,0
1761019959230,248.06,6016,1,256,143.6,1,0
1761019961381,237.62,6016,2,512,148.64,1,0
1761019963555,248.06,6016,1,32,172.1,1,0
1761019965683,237.62,6016,2,256,127.5,1,0
1761019967835,247.9,6016,1,32,151.21,1,0
1761019969982,248.06,6016,1,128,144.79,1,0
1761019972132,237.62,6016,2,256,148.63,1,0
1761019974283,248.27,6016,1,32,149.89,1,0
1761019976379,237.83,6016,2,1024,93.22,1,0
1761019978585,248.48,6016,1,64,204.84,0,0
1761019980835,238.04,6016,2,64,247.95,0,0
1761019983497,248.68,6016,1,32,661.07,0,0
1761019986917,238.24,6016,2,1024,1417.42,0,0
1761019989437,248.89,6016,1,32,518.69,0,0
1761019992919,238.45,6016,2,64,1479.8,0,0
1761019995270,249.1,6016,1,256,350.15,0,0
1761019997662,238.66,6016,2,64,390.94,0,0
1761019999774,249.3,6016,1,1024,109.86,1,0
1761020002153,238.86,6016,2,128,377.61,0,0
1761020004430,249.3,6016,1,256,275.84,0,0
1761020006948,239.07,6016,2,64,515.62,0,0
1761020009310,249.3,6016,1,1024,358.72,0,0
1761020011397,239.07,6016,2,1024,85.51,1,0
1761020013944,243.46,6016,1,256,545.82,0,0
1761020016096,249.51,6016,1,256,150.97,1,0
1761020018314,239.07,6016,2,1024,215.48,0,0
1761020020698,249.51,6016,1,128,382.93,0,0
1761020022917,239.07,6016,2,512,217.68,0,0
1761020025219,249.51,6016,1,512,300.12,0,0
1761020027731,239.07,6016,2,1024,511.53,0,0
1761020029827,249.51,6016,1,64,93.91,1,0
1761020033415,239.07,6016,2,512,1586.63,0,0
1761020035718,249.51,6016,1,32,301.64,0,0
1761020037867,239.07,6016,2,128,147.81,1,0
1761020040326,249.51,6016,1,512,457.05,0,0
1761020042424,239.07,6016,2,128,97.18,1,0
1761020044630,249.3,6016,1,32,205.0,0,0
1761020046777,238.86,6016,2,256,146.07,1,0
1761020048950,249.1,6016,1,1024,171.92,1,0
1761020051023,238.66,6016,2,128,71.97,1,0
1761020053256,248.89,6016,1,256,231.38,0,0
1761020055379,238.26,6016,2,256,121.61,1,0
1761020058915,248.68,6016,1,512,1535.47,0,0
1761020061216,238.24,6016,2,1024,298.31,0,0
1761020063368,248.48,6016,1,64,149.85,1,0
1761020065463,238.04,6016,2,128,93.69,1,0
1761020067664,248.27,6016,1,64,200.51,0,0
1761020069843,237.83,6016,2,512,176.49,1,0
1761020071967,247.9,6016,1,256,122.68,1,0
1761020074168,248.06,6016,1,32,199.71,1,0
1761020076577,237.62,6016,2,1024,406.44,0,0
1761020078772,247.82,6016,1,512,193.44,1,0
1761020081214,237.62,6016,2,512,439.69,0,0
1761020083332,247.86,6016,1,128,117.33,1,0
1761020085791,237.62,6016,2,64,456.89,0,0
1761020087951,247.86,6016,1,256,158.89,1,0
1761020090101,237.62,6016,2,32,148.43,1,0
1761020092249,247.86,6016,1,64,147.09,1,0
1761020094407,237.62,6016,2,256,156.7,1,0
1761020096549,247.86,6016,1,128,140.3,1,0
1761020098899,237.62,6016,2,32,348.68,0,0
1761020101155,247.86,6016,1,512,254.22,0,0
1761020103307,237.62,6016,2,1024,149.45,1,0
1761020105757,247.86,6016,1,128,448.81,0,0
1761020107913,237.62,6016,2,512,154.33,1,0
1761020110066,247.86,6016,1,32,151.41,1,0
1761020112209,237.62,6016,2,512,140.45,1,0
1761020114367,247.86,6016,1,128,156.72,1,0
1761020116567,237.62,6016,2,256,198.27,1,0
1761020119009,247.7,6016,1,512,440.23,0,0
1761020121123,237.62,6016,2,1024,112.69,1,0
1761020123317,242.02,6016,1,1024,190.51,1,0
1761020125782,247.86,6016,1,256,463.68,0,0
1761020128301,237.62,6016,2,32,517.56,0,0
1761020130641,247.86,6016,1,512,338.15,0,0
1761020132796,237.62,6016,2,32,154.49,1,0
1761020135048,247.86,6016,1,64,251.06,0,0
1761020137639,237.62,6016,2,512,590.2,0,0
1761020139861,247.86,6016,1,512,221.04,0,0
1761020142014,237.62,6016,2,64,152.39,1,0
1761020144167,247.86,6016,1,128,151.13,1,0
1761020146312,237.62,6016,2,32,144.09,1,0
1761020148459,247.86,6016,1,32,146.08,1,0
1761020150635,237.62,6016,2,256,173.67,1,0
1761020152706,247.86,6016,1,128,69.26,1,0
1761020154962,237.62,6016,2,128,254.72,0,0
1761020157316,247.86,6016,1,64,352.67,0,0
1761020159571,237.62,6016,2,128,253.73,0,0
1761020161979,247.86,6016,1,64,407.43,0,0
1761020164131,247.86,6016,1,1024,150.33,1,0
1761020166276,237.62,6016,2,256,142.95,1,0
1761020168432,247.86,6016,1,32,154.96,1,0
1761020170601,237.62,6016,2,256,166.92,1,0
1761020172728,247.86,6016,1,128,126.46,1,0
1761020174882,237.62,6016,2,256,151.46,1,0
1761020177152,247.86,6016,1,128,269.74,0,0
1761020179490,237.62,6016,2,512,335.49,0,0
1761020181635,247.86,6016,1,64,145.08,1,0
1761020183894,237.62,6016,2,256,257.02,0,0
1761020186251,247.86,6016,1,32,356.47,0,0
1761020188417,237.62,6016,2,1024,163.36,1,0
1761020190601,247.86,6016,1,512,181.92,1,0
1761020193154,237.62,6016,2,256,551.87,0,0
1761020195410,247.86,6016,1,1024,254.94,0,0
1761020197617,237.62,6016,2,64,205.21,0,0
1761020199814,247.86,6016,1,512,195.64,1,0
1761020202228,247.86,6016,1,128,412.8,0,0
1761020204471,237.62,6016,2,128,242.41,0,0
1761020206831,247.86,6016,1,32,357.42,0,0
1761020208998,237.62,6016,2,64,165.74,1,0
1761020211131,247.86,6016,1,512,131.36,1,0
1761020213281,237.62,6016,2,1024,147.88,1,0
1761020215432,247.86,6016,1,32,149.22,1,0
1761020217685,237.62,6016,2,1024,250.37,0,0
1761020220054,247.86,6016,1,1024,367.88,0,0
1761020222191,237.62,6016,2,512,136.07,1,0
1761020224547,247.86,6016,1,1024,354.02,0,0
1761020226800,237.62,6016,2,64,251.63,0,0
1761020228951,247.86,6016,1,1024,149.29,1,0
1761020231103,237.62,6016,2,1024,149.42,1,0
1761020233454,247.82,6016,1,128,350.27,0,0
1761020235811,247.82,6016,1,256,355.52,0,0
1761020238170,237.62,6016,2,256,357.13,0,0
1761020240339,247.86,6016,1,1024,166.68,1,0
1761020242501,237.62,6016,2,32,161.29,1,0
1761020244668,247.86,6016,1,256,164.79,1,0
1761020247083,237.62,6016,2,512,412.87,0,0
1761020249223,247.86,6016,1,512,138.53,1,0
1761020251378,237.62,6016,2,512,152.96,1,0
1761020253525,247.86,6016,1,256,145.29,1,0
1761020255779,237.62,6016,2,512,252.21,0,0
1761020258151,247.86,6016,1,512,371.2,0,0
1761020260308,237.62,6016,2,1024,155.72,1,0
1761020262537,248.06,6016,1,512,226.98,0,0
1761020265098,237.62,6016,2,128,559.54,0,0
1761020267352,247.86,6016,1,32,252.9,0,0
1761020269499,237.62,6016,2,32,145.92,1,0
1761020271651,247.86,6016,1,128,149.43,1,0
1761020273800,237.62,6016,2,512,148.19,1,0
1761020275896,247.7,6016,1,1024,93.45,1,0
1761020278097,237.62,6016,2,128,199.68,1,0
1761020280277,242.02,6016,1,512,178.94,1,0
1761020282401,247.86,6016,1,64,122.66,1,0
1761020284650,237.62,6016,2,128,247.86,0,0
1761020287112,247.86,6016,1,128,459.72,0,0
1761020289465,237.62,6016,2,512,351.77,0,0
1761020291617,247.86,6016,1,512,149.63,1,0
1761020293768,237.62,6016,2,64,149.93,1,0
1761020295914,247.86,6016,1,256,144.77,1,0
1761020298069,237.62,6016,2,256,153.39,1,0
1761020300322,247.86,6016,1,128,251.4,0,0
1761020302622,237.62,6016,2,1024,298.98,0,0
1761020304824,247.86,6016,1,256,199.68,1,0
1761020306973,237.62,6016,2,128,148.14,1,0
1761020309128,247.86,6016,1,256,153.87,1,0
1761020311225,237.62,6016,2,64,95.28,1,0
1761020313429,247.86,6016,1,128,203.49,0,0
1761020315681,247.86,6016,1,512,250.52,0,0
1761020318038,237.62,6016,2,512,353.26,0,0
1761020320393,247.86,6016,1,1024,352.36,0,0
1761020322645,237.62,6016,2,512,250.6,0,0
1761020324791,247.86,6016,1,128,144.86,1,0
1761020326890,237.62,6016,2,64,98.3,1,0
1761020329399,247.86,6016,1,1024,507.95,0,0
1761020331702,237.62,6016,2,512,301.56,0,0
1761020334010,247.86,6016,1,256,306.96,0,0
1761020336269,237.62,6016,2,128,257.49,0,0
1761020338620,247.86,6016,1,1024,349.35,0,0
1761020340822,237.62,6016,2,1024,200.14,0,0
1761020343228,247.86,6016,1,32,404.34,0,0
1761020345379,237.62,6016,2,32,150.71,1,0
1761020347532,247.86,6016,1,256,151.37,1,0
1761020349704,237.62,6016,2,32,171.15,1,0
1761020351829,247.86,6016,1,512,121.94,1,0
1761020353976,237.62,6016,2,32,145.8,1,0
1761020356151,242.02,6016,1,1024,173.25,1,0
1761020358287,247.86,6016,1,512,135.89,1,0
1761020360479,237.62,6016,2,32,190.75,1,0
1761020362905,247.86,6016,1,64,424.53,0,0
1761020365137,237.62,6016,2,512,228.71,0,0
1761020367598,247.86,6016,1,1024,459.52,0,0
1761020369952,237.62,6016,2,256,352.22,0,0
1761020372100,247.86,6016,1,64,146.4,1,0
1761020374255,237.62,6016,2,512,153.07,1,0
1761020376400,247.82,6016,1,128,144.32,1,0
1761020378555,237.62,6016,2,64,153.53,1,0
1761020380745,247.86,6016,1,128,187.89,1,0
1761020383163,237.62,6016,2,1024,415.68,0,0
1761020385315,247.86,6016,1,256,150.68,1,0
1761020387486,237.62,6016,2,128,170.45,1,0
1761020389652,247.82,6016,1,512,163.22,1,0
1761020391795,237.64,6016,1,64,142.22,1,0
1761020393921,237.62,6016,2,128,124.82,1,0
1761020396007,247.86,6016,1,64,85.14,1,0
1761020398429,237.62,6016,2,64,420.63,0,0
1761020400688,247.86,6016,1,512,257.05,0,0
1761020402823,237.62,6016,2,256,133.48,1,0
1761020404973,247.86,6016,1,1024,147.89,1,0
1761020407232,237.62,6016,2,256,257.38,0,0
1761020409583,247.86,6016,1,1024,348.25,0,0
1761020411840,237.62,6016,2,256,255.14,0,0
1761020414240,247.86,6016,1,32,398.38,0,0
1761020416849,237.62,6016,2,128,607.89,0,0
1761020419202,247.86,6016,1,1024,352.48,0,0
1761020421558,237.62,6016,2,64,353.58,0,0
1761020423753,247.86,6016,1,128,193.74,1,0
1761020426220,237.62,6016,2,512,465.06,0,0
1761020428680,247.86,6016,1,128,458.68,0,0
1761020431029,237.62,6016,2,1024,348.19,0,0
1761020433232,247.86,6016,1,32,201.39,0,0
1761020435434,237.62,6016,2,1024,201.39,0,0
1761020437857,247.86,6016,1,512,419.26,0,0
1761020440019,247.86,6016,1,256,160.8,1,0
1761020442150,237.62,6016,2,128,130.49,1,0
1761020444347,247.86,6016,1,256,195.93,1,0
1761020446755,237.62,6016,2,1024,404.93,0,0
1761020448899,247.86,6016,1,1024,142.88,1,0
1761020451057,237.62,6016,2,512,155.65,1,0
1761020453205,247.86,6016,1,256,146.87,1,0
1761020455351,237.62,6016,2,512,143.79,1,0
1761020457643,247.86,6016,1,128,290.32,0,0
1761020460012,237.62,6016,2,64,367.94,0,0
1761020462420,247.86,6016,1,512,407.04,0,0
1761020464570,237.62,6016,2,64,149.04,1,0
1761020466721,247.82,6016,1,128,149.3,1,0
1761020468874,237.62,6016,2,64,152.38,1,0
1761020470967,242.02,6016,1,128,91.6,1,0
1761020473171,247.86,6016,1,1024,202.42,0,0
1761020475323,237.62,6016,2,256,150.98,1,0
1761020477486,247.86,6016,1,64,161.7,1,0
1761020479569,237.62,6016,2,64,81.35,1,0
1761020481770,247.86,6016,1,64,200.45,0,0
1761020483923,237.62,6016,2,32,151.85,1,0
1761020486183,247.86,6016,1,128,259.17,0,0
1761020488532,237.62,6016,2,128,347.19,0,0
1761020490683,247.86,6016,1,64,149.42,1,0
1761020492834,237.62,6016,2,1024,148.66,1,0
1761020495081,247.86,6016,1,64,244.91,0,0
1761020497539,237.62,6016,2,128,456.44,0,0
1761020500202,247.86,6016,1,256,661.84,0,0
1761020502457,237.62,6016,2,32,254.7,0,0
1761020504851,247.86,6016,1,256,391.64,0,0
1761020507003,237.62,6016,2,512,150.82,1,0
1761020509525,247.82,6016,1,1024,519.89,0,0
1761020511880,247.86,6016,1,32,353.11,0,0
1761020514031,237.62,6016,2,256,149.61,1,0
1761020516181,247.86,6016,1,32,149.24,1,0
1761020518336,237.62,6016,2,1024,153.53,1,0
1761020520480,247.86,6016,1,1024,142.11,1,0
1761020522633,237.62,6016,2,512,151.46,1,0
1761020524785,248.06,6016,1,64,151.39,1,0
1761020526877,237.62,6016,2,512,91.43,1,0
1761020529129,247.86,6016,1,1024,249.52,0,0
1761020531535,237.62,6016,2,256,404.32,0,0
1761020533827,247.86,6016,1,256,289.85,0,0
1761020536149,237.62,6016,2,512,319.59,0,0
1761020538241,248.06,6016,1,32,91.5,1,0
1761020540551,237.62,6016,2,128,308.43,0,0
1761020542905,248.06,6016,1,32,352.39,0,0
1761020545060,237.62,6016,2,512,153.64,1,0
1761020547206,248.06,6016,1,32,144.33,1,0
1761020549497,248.06,6016,1,64,289.56,0,0
1761020551814,237.62,6016,2,32,315.49,0,0
1761020553965,248.06,6016,1,256,149.35,1,0
1761020556111,237.62,6016,2,256,145.07,1,0
1761020558265,248.06,6016,1,128,153.62,1,0
1761020560517,237.62,6016,2,32,250.24,0,0
1761020562893,248.06,6016,1,512,373.75,0,0
1761020565079,237.62,6016,2,256,184.03,1,0
1761020567481,248.06,6016,1,1024,399.76,0,0
1761020569642,237.62,6016,2,32,159.53,1,0
1761020571786,248.06,6016,1,64,142.49,1,0
1761020574235,237.62,6016,2,64,447.43,0,0
1761020576415,248.06,6016,1,32,179.24,1,0
1761020578483,237.62,6016,2,128,64.54,1,0
1761020580691,248.06,6016,1,1024,206.33,0,0
1761020582784,237.62,6016,2,256,91.29,1,0
1761020584987,248.03,6016,1,256,203.1,0,0
1761020587137,248.06,6016,1,512,148.4,1,0
1761020589395,237.62,6016,2,32,256.77,0,0
1761020591750,248.06,6016,1,512,352.91,0,0
1761020593942,237.62,6016,2,512,190.29,1,0
1761020596360,248.06,6016,1,128,416.83,0,0
1761020598505,237.62,6016,2,256,142.99,1,0
1761020600713,248.06,6016,1,128,207.41,0,0
1761020603111,237.62,6016,2,256,396.31,0,0
1761020605212,248.06,6016,1,256,99.16,1,0
1761020607524,237.62,6016,2,64,310.83,0,0
1761020609879,248.06,6016,1,512,352.93,0,0
1761020612021,237.62,6016,2,32,141.28,1,0
1761020614119,248.06,6016,1,512,96.65,1,0
1761020616270,237.62,6016,2,512,150.6,1,0
1761020618494,248.06,6016,1,256,222.28,0,0
1761020620769,237.62,6016,2,512,273.37,0,0
1761020623121,248.06,6016,1,32,350.87,0,0
1761020625237,237.62,6016,2,512,114.05,1,0
1761020627397,244.81,6016,1,256,158.06,1,0
1761020629536,247.86,6016,1,512,137.43,1,0
1761020631688,237.62,6016,2,32,149.63,1,0
1761020633832,248.06,6016,1,128,143.16,1,0
1761020635994,237.62,6016,2,64,161.62,1,0
1761020638133,248.06,6016,1,32,137.34,1,0
1761020640300,237.62,6016,2,256,165.61,1,0
1761020642452,248.06,6016,1,512,149.78,1,0
1761020644590,237.62,6016,2,512,135.68,1,0
1761020646746,247.9,6016,1,64,155.56,1,0
1761020648884,237.62,6016,2,64,136.06,1,0
1761020651035,242.02,6016,1,32,149.9,1,0
1761020653137,248.06,6016,1,32,101.02,1,0
1761020655383,237.62,6016,2,256,245.23,0,0
1761020657798,248.06,6016,1,1024,412.04,0,0
1761020659944,237.62,6016,2,512,144.02,1,0
1761020662093,248.06,6016,1,128,147.77,1,0
1761020664245,237.62,6016,2,64,150.39,1,0
1761020666395,248.06,6016,1,128,148.75,1,0
1761020668666,237.62,6016,2,512,269.86,0,0
1761020671002,248.06,6016,1,64,334.13,0,0
1761020673101,237.62,6016,2,256,97.12,1,0
1761020675325,248.06,6016,1,1024,220.58,0,0
1761020677556,237.62,6016,2,256,230.09,0,0
1761020680223,248.06,6016,1,64,666.15,0,0
1761020682391,237.62,6016,2,1024,165.65,1,0
1761020684469,248.06,6016,1,128,77.41,1,0
1761020686681,237.62,6016,2,64,211.26,0,0
1761020688843,248.03,6016,1,64,158.93,1,0
1761020691079,248.06,6016,1,32,236.03,0,0
1761020693440,237.62,6016,2,512,359.09,0,0
1761020695596,248.06,6016,1,64,153.27,1,0
1761020697735,237.62,6016,2,256,136.89,1,0
1761020699916,248.06,6016,1,128,179.95,1,0
1761020702070,237.62,6016,2,64,152.16,1,0
1761020704283,248.06,6016,1,512,211.97,0,0
1761020706848,237.62,6016,2,512,562.54,0,0
1761020709116,248.06,6016,1,128,266.7,0,0
1761020711348,237.62,6016,2,256,230.89,0,0
1761020713704,248.06,6016,1,1024,353.01,0,0
1761020715876,237.62,6016,2,64,171.2,1,0
1761020717954,244.77,6016,1,64,76.78,1,0
1761020720159,248.06,6016,1,512,204.31,0,0
1761020722305,237.83,6016,2,512,143.96,1,0
1761020724460,248.27,6016,1,1024,151.68,1,0
1761020726661,237.84,6016,2,256,198.71,1,0
1761020729064,248.48,6016,1,256,401.69,0,0
1761020731219,238.24,6016,2,32,154.85,1,0
1761020733401,248.68,6016,1,128,180.65,1,0
1761020735519,238.45,6016,2,1024,115.84,1,0
1761020737676,248.89,6016,1,1024,153.53,1,0
1761020739829,238.66,6016,2,512,151.37,1,0
1761020742003,243.05,6016,1,32,173.13,1,0
1761020744116,249.3,6016,1,1024,109.85,1,0
1761020746298,238.86,6016,2,512,181.22,1,0
1761020748417,249.51,6016,1,64,116.89,1,0
1761020750567,239.07,6016,2,64,149.1,1,0
1761020752719,249.51,6016,1,64,148.8,1,0
1761020754868,239.07,6016,2,256,148.01,1,0
1761020757024,249.51,6016,1,512,153.81,1,0
1761020759169,239.28,6016,2,128,143.06,1,0
1761020761327,249.51,6016,1,512,155.53,1,0
1761020763471,239.28,6016,2,512,141.69,1,0
1761020765621,249.51,6016,1,64,147.93,1,0
1761020767772,239.28,6016,2,32,149.95,1,0
1761020769920,249.51,6016,1,256,147.03,1,0
1761020772085,239.07,6016,2,32,163.68,1,0
1761020774174,243.46,6016,1,128,87.66,1,0
1761020776372,249.51,6016,1,256,197.4,1,0
1761020778469,239.07,6016,2,32,96.32,1,0
1761020780679,249.51,6016,1,128,208.62,0,0
1761020782823,239.07,6016,2,64,142.79,1,0
1761020784974,249.3,6016,1,512,148.84,1,0
1761020787124,238.86,6016,2,32,149.03,1,0
1761020789315,249.1,6016,1,512,189.3,1,0
1761020791630,238.66,6016,2,512,313.31,0,0
1761020793893,248.89,6016,1,64,261.29,0,0
1761020796036,238.45,6016,2,1024,140.99,1,0
1761020798215,248.68,6016,1,1024,176.23,1,0
1761020800368,238.24,6016,2,1024,150.35,1,0
1761020802505,248.48,6016,1,32,133.36,1,0
1761020804665,238.04,6016,2,512,157.26,1,0
1761020806917,248.27,6016,1,128,250.73,0,0
1761020809242,237.83,6016,2,512,323.6,0,0
1761020811393,242.22,6016,1,64,150.18,1,0
1761020813542,248.06,6016,1,128,148.09,1,0
1761020815698,237.62,6016,2,256,154.94,1,0
1761020817848,247.86,6016,1,256,149.08,1,0
1761020820000,237.62,6016,2,128,151.08,1,0
1761020822351,247.86,6016,1,256,349.9,0,0
1761020824611,237.62,6016,2,64,258.57,0,0
1761020826786,247.86,6016,1,64,174.62,1,0
1761020828933,237.62,6016,2,256,145.37,1,0
1761020831072,247.86,6016,1,1024,137.0,1,0
1761020833154,237.62,6016,2,128,80.77,1,0
1761020835354,247.86,6016,1,256,198.74,1,0
1761020837505,237.62,6016,2,128,149.29,1,0
1761020839681,247.86,6016,1,256,174.87,1,0
1761020841812,237.62,6016,2,64,129.05,1,0
1761020844011,247.86,6016,1,32,198.52,1,0
1761020846414,237.62,6016,2,128,401.47,0,0
1761020848571,247.86,6016,1,512,154.82,1,0
1761020850723,237.62,6016,2,32,147.52,1,0
1761020852872,247.82,6016,1,128,147.66,1,0
1761020855036,247.82,6016,1,256,163.31,1,0
1761020857171,237.62,6016,2,128,133.89,1,0
1761020859321,247.86,6016,1,64,148.77,1,0
1761020861777,237.62,6016,2,64,455.93,0,0
1761020863930,247.86,6016,1,32,151.55,1,0
1761020866026,237.62,6016,2,512,94.36,1,0
1761020868247,247.86,6016,1,128,220.25,0,0
1761020870379,237.62,6016,2,1024,129.29,1,0
1761020872524,247.86,6016,1,128,143.43,1,0
1761020874685,237.62,6016,2,512,159.08,1,0
1761020876832,247.86,6016,1,64,145.7,1,0
1761020878928,237.62,6016,2,256,94.55,1,0
1761020881131,247.86,6016,1,64,201.54,0,0
1761020883414,237.62,6016,2,64,281.69,0,0
1761020885796,247.7,6016,1,1024,379.84,0,0
1761020888192,237.64,6016,1,1024,392.14,0,0
1761020890398,237.62,6016,2,256,203.62,0,0
1761020892808,247.86,6016,1,128,408.45,0,0
1761020894973,237.62,6016,2,32,162.82,1,0
1761020897117,247.86,6016,1,512,143.35,1,0
1761020899356,237.62,6016,2,128,237.89,0,0
1761020901714,247.86,6016,1,128,356.92,0,0
1761020903888,237.62,6016,2,32,172.78,1,0
1761020906021,247.86,6016,1,128,131.92,1,0
1761020908161,237.62,6016,2,64,138.52,1,0
1761020910319,247.86,6016,1,32,156.97,1,0
1761020912409,237.62,6016,2,32,88.78,1,0
1761020914622,247.86,6016,1,128,212.11,0,0
1761020916809,237.62,6016,2,512,185.16,1,0
1761020919224,247.86,6016,1,512,413.23,0,0
1761020921377,237.62,6016,2,256,151.48,1,0
1761020923535,247.86,6016,1,64,156.77,1,0
1761020925675,237.62,6016,2,256,138.71,1,0
1761020927827,247.86,6016,1,128,151.15,1,0
1761020930080,237.62,6016,2,64,251.23,0,0
1761020932433,242.02,6016,1,64,352.22,0,0
1761020934589,247.86,6016,1,256,154.19,1,0
1761020936738,237.62,6016,2,512,146.52,1,0
1761020938928,247.86,6016,1,1024,187.51,1,0
1761020941295,237.62,6016,2,64,365.92,0,0
1761020943590,247.86,6016,1,32,294.12,0,0
1761020945946,237.62,6016,2,64,354.85,0,0
1761020948123,247.86,6016,1,1024,174.63,1,0
1761020950250,237.62,6016,2,128,125.67,1,0
1761020952505,247.86,6016,1,128,253.87,0,0
1761020954807,237.62,6016,2,64,300.64,0,0
1761020957004,247.86,6016,1,256,196.59,1,0
1761020959259,237.62,6016,2,64,254.04,0,0
1761020961619,247.86,6016,1,128,359.64,0,0
1761020963762,237.62,6016,2,64,141.38,1,0
1761020965913,241.89,6016,1,512,149.64,1,0
1761020968166,247.86,6016,1,32,251.69,0,0
1761020970526,237.62,6016,2,128,358.55,0,0
1761020972726,247.86,6016,1,256,198.88,1,0
1761020975139,237.62,6016,2,1024,410.3,0,0
1761020977286,247.86,6016,1,1024,144.56,1,0
1761020979460,237.62,6016,2,128,172.65,1,0
1761020981581,247.86,6016,1,1024,118.54,1,0
1761020983731,237.62,6016,2,256,148.67,1,0
1761020985899,247.86,6016,1,64,166.69,1,0
1761020987979,237.62,6016,2,128,78.06,1,0
1761020990195,247.86,6016,1,512,214.92,0,0
1761020992376,237.62,6016,2,32,178.84,1,0
1761020994795,247.86,6016,1,512,417.01,0,0
1761020996947,237.62,6016,2,1024,148.95,1,0
1761020999239,242.02,6016,1,64,291.86,0,0
1761021001554,247.86,6016,1,128,312.76,0,0
1761021003719,237.62,6016,2,32,163.41,1,0
1761021005849,247.86,6016,1,64,128.42,1,0
1761021008006,237.62,6016,2,32,155.88,1,0
1761021010160,247.86,6016,1,1024,153.13,1,0
1761021012307,237.62,6016,2,1024,144.47,1,0
1761021014473,247.86,6016,1,128,165.28,1,0
1761021016702,237.62,6016,2,1024,226.58,0,0
1761021019058,247.86,6016,1,512,353.34,0,0
1761021021232,237.62,6016,2,1024,172.55,1,0
1761021023403,247.86,6016,1,512,170.42,1,0
1761021025821,237.62,6016,2,256,416.25,0,0
1761021027972,247.86,6016,1,128,148.79,1,0
1761021030221,237.62,6016,2,1024,247.23,0,0
1761021032600,247.86,6016,1,1024,376.33,0,0
1761021034673,237.62,6016,2,64,70.97,1,0
1761021036829,247.86,6016,1,512,154.36,1,0
1761021039030,237.62,6016,2,1024,199.36,1,0
1761021041286,247.82,6016,1,128,255.3,0,0
1761021043586,247.86,6016,1,128,297.89,0,0
1761021045798,237.62,6016,2,256,210.66,0,0
1761021047963,247.86,6016,1,128,164.02,1,0
1761021050124,237.62,6016,2,512,159.95,1,0
1761021052186,247.86,6016,1,128,60.04,1,0
1761021054403,237.62,6016,2,32,215.96,0,0
1761021056585,247.86,6016,1,64,180.77,1,0
1761021059001,237.62,6016,2,64,415.01,0,0
1761021061246,247.82,6016,1,128,243.43,0,0
1761021063603,237.62,6016,2,1024,355.06,0,0
1761021065758,247.86,6016,1,32,153.79,1,0
1761021068005,237.62,6016,2,256,245.16,0,0
1761021070464,247.86,6016,1,64,458.04,0,0
1761021072924,237.62,6016,2,64,459.0,0,0
1761021075305,247.86,6016,1,64,379.32,0,0
1761021077476,237.62,6016,2,32,168.5,1,0
1761021079832,247.86,6016,1,256,355.22,0,0
1761021082034,237.62,6016,2,256,199.89,1,0
1761021084492,247.7,6016,1,256,457.74,0,0
1761021086685,237.64,6016,1,128,191.06,1,0
1761021088740,237.62,6016,2,256,54.37,1,0
1761021090894,247.86,6016,1,128,152.08,1,0
1761021093094,237.62,6016,2,1024,199.25,1,0
1761021095287,247.86,6016,1,32,191.72,1,0
1761021097754,237.62,6016,2,1024,464.76,0,0
1761021100193,247.86,6016,1,128,437.88,0,0
1761021102314,237.62,6016,2,1024,118.48,1,0
1761021104473,247.86,6016,1,128,157.95,1,0
1761021106637,237.62,6016,2,1024,162.55,1,0
1761021108807,247.86,6016,1,1024,167.69,1,0
1761021111455,237.62,6016,2,32,647.27,0,0
1761021113735,247.86,6016,1,128,278.76,0,0
1761021116133,237.62,6016,2,128,395.67,0,0
1761021118386,247.82,6016,1,64,251.95,0,0
1761021120741,247.86,6016,1,1024,352.55,0,0
1761021122898,237.62,6016,2,128,155.67,1,0
1761021125061,247.86,6016,1,64,161.86,1,0
1761021127199,237.62,6016,2,512,135.67,1,0
1761021129348,247.86,6016,1,512,146.77,1,0
1761021131500,237.62,6016,2,128,151.19,1,0
1761021133771,247.86,6016,1,256,270.15,0,0
1761021136211,237.62,6016,2,64,438.88,0,0
1761021138559,247.86,6016,1,64,347.11,0,0
1761021140710,237.62,6016,2,32,149.35,1,0
1761021142809,247.86,6016,1,128,97.62,1,0
1761021145010,237.62,6016,2,64,200.36,0,0
1761021147172,247.86,6016,1,128,161.69,1,0
1761021149319,237.62,6016,2,512,145.04,1,0
1761021151564,247.86,6016,1,256,243.21,0,0
1761021153918,237.62,6016,2,64,352.78,0,0
1761021156017,241.89,6016,1,1024,97.51,1,0
1761021158225,247.86,6016,1,512,206.35,0,0
1761021160376,237.62,6016,2,512,149.79,1,0
1761021162525,247.86,6016,1,64,148.07,1,0
1761021164677,237.62,6016,2,512,150.48,1,0
1761021166827,247.86,6016,1,256,149.76,1,0
1761021168972,237.62,6016,2,256,144.0,1,0
1761021171231,247.86,6016,1,128,258.33,0,0
1761021173580,237.62,6016,2,256,347.25,0,0
1761021175679,247.86,6016,1,64,97.67,1,0
1761021177830,237.62,6016,2,32,151.11,1,0
1761021180031,247.86,6016,1,128,199.29,1,0
1761021182202,237.62,6016,2,512,169.83,1,0
1761021184332,247.86,6016,1,512,128.48,1,0
1761021186488,237.62,6016,2,64,154.45,1,0
1761021188582,247.86,6016,1,1024,89.89,1,0
1761021190783,247.86,6016,1,64,200.37,0,0
1761021192883,237.62,6016,2,256,99.13,1,0
1761021195088,247.86,6016,1,128,203.7,0,0
1761021197234,237.62,6016,2,32,145.3,1,0
1761021199333,247.86,6016,1,1024,96.79,1,0
1761021201482,237.62,6016,2,128,147.99,1,0
1761021203788,247.86,6016,1,1024,305.06,0,0
1761021206144,237.62,6016,2,1024,353.61,0,0
1761021208297,247.86,6016,1,1024,151.01,1,0
1761021210448,237.62,6016,2,512,149.28,1,0
1761021212593,247.86,6016,1,1024,142.02,1,0
1761021214699,237.62,6016,2,128,104.4,1,0
1761021216846,247.86,6016,1,128,146.94,1,0
1761021219051,237.62,6016,2,512,202.28,0,0
1761021221196,247.86,6016,1,32,143.61,1,0
1761021223350,237.62,6016,2,1024,152.4,1,0
1761021225597,247.86,6016,1,512,245.05,0,0
1761021227953,237.62,6016,2,1024,354.48,0,0
1761021230109,247.86,6016,1,256,154.55,1,0
1761021232261,237.62,6016,2,512,150.57,1,0
1761021234614,247.86,6016,1,1024,349.87,0,0
1761021236868,237.62,6016,2,64,252.27,0,0
1761021238964,242.02,6016,1,128,91.83,1,0
1761021241113,247.86,6016,1,32,148.26,1,0
1761021243314,237.62,6016,2,128,199.91,1,0
1761021245470,247.86,6016,1,32,154.56,1,0
1761021247651,237.62,6016,2,512,178.58,1,0
1761021249783,247.82,6016,1,32,130.68,1,0
1761021252016,237.62,6016,2,256,231.3,0,0
1761021254378,247.86,6016,1,1024,359.91,0,0
1761021256528,237.62,6016,2,32,149.68,1,0
1761021258680,247.86,6016,1,512,147.31,1,0
1761021261063,237.62,6016,2,512,380.96,0,0
1761021263288,247.86,6016,1,64,224.31,0,0
1761021265539,237.62,6016,2,32,249.37,0,0
1761021267839,247.86,6016,1,512,298.89,0,0
1761021270046,247.86,6016,1,256,204.97,0,0
1761021272191,237.62,6016,2,128,143.63,1,0
1761021274450,247.86,6016,1,256,258.0,0,0
1761021276806,237.62,6016,2,64,352.13,0,0
1761021278949,247.86,6016,1,32,141.4,1,0
1761021281111,237.62,6016,2,256,161.17,1,0
1761021283196,247.86,6016,1,32,83.7,1,0
1761021285449,237.62,6016,2,512,251.14,0,0
1761021287961,247.86,6016,1,256,510.41,0,0
1761021290374,237.62,6016,2,32,411.59,0,0
1761021292776,247.86,6016,1,256,400.56,0,0
1761021294923,237.62,6016,2,32,146.3,1,0
1761021297073,247.86,6016,1,128,148.86,1,0
1761021299281,237.62,6016,2,1024,205.24,0,0
1761021301724,247.86,6016,1,256,440.98,0,0
1761021303872,237.62,6016,2,128,147.54,1,0
1761021305982,247.86,6016,1,256,108.04,1,0
1761021308133,237.62,6016,2,512,149.28,1,0
1761021310488,242.02,6016,1,256,354.01,0,0
1761021312741,247.86,6016,1,64,251.49,0,0
1761021314838,237.62,6016,2,512,95.56,1,0
1761021317143,247.86,6016,1,1024,303.11,0,0
1761021319503,237.62,6016,2,1024,357.57,0,0
1761021321653,247.86,6016,1,512,148.51,1,0
1761021323800,237.62,6016,2,128,144.7,1,0
1761021325961,247.86,6016,1,512,159.88,1,0
1761021328129,237.62,6016,2,512,166.74,1,0
1761021330267,247.86,6016,1,128,136.44,1,0
1761021332400,237.62,6016,2,256,131.39,1,0
1761021334559,247.86,6016,1,1024,156.58,1,0
1761021336714,237.62,6016,2,512,153.59,1,0
1761021338852,247.86,6016,1,1024,136.78,1,0
1761021341161,237.62,6016,2,32,308.55,0,0
1761021343465,242.02,6016,1,1024,301.02,0,0
1761021345667,247.86,6016,1,1024,199.72,1,0
1761021348016,237.62,6016,2,512,347.78,0,0
1761021350217,247.86,6016,1,1024,200.99,0,0
1761021352488,237.62,6016,2,512,268.7,0,0
1761021354834,247.86,6016,1,128,344.35,0,0
1761021357004,237.62,6016,2,512,168.7,1,0
1761021359132,247.86,6016,1,256,125.63,1,0
1761021361296,237.62,6016,2,1024,161.54,1,0
1761021363428,247.86,6016,1,256,131.2,1,0
1761021365586,237.62,6016,2,256,156.0,1,0
1761021367734,247.86,6016,1,32,146.98,1,0
1761021370012,237.62,6016,2,256,274.26,0,0
1761021372392,247.86,6016,1,64,379.13,0,0
1761021374799,237.62,6016,2,32,404.99,0,0
1761021377283,247.86,6016,1,256,482.17,0,0
1761021379407,237.62,6016,2,32,122.77,1,0
1761021381656,247.86,6016,1,128,247.58,0,0
1761021384010,237.62,6016,2,256,352.1,0,0
1761021386377,247.86,6016,1,256,365.59,0,0
1761021388665,237.62,6016,2,256,285.52,0,0
1761021391086,247.86,6016,1,1024,418.08,0,0
1761021393249,237.62,6016,2,128,161.62,1,0
1761021395521,247.86,6016,1,128,271.55,0,0
1761021397835,247.82,6016,1,64,312.42,0,0
1761021400040,237.62,6016,2,256,203.85,0,0
1761021402447,247.86,6016,1,1024,405.02,0,0
1761021404700,237.62,6016,2,1024,251.17,0,0
1761021407182,247.86,6016,1,512,479.75,0,0
1761021409513,237.62,6016,2,512,329.18,0,0
1761021411696,247.86,6016,1,64,181.75,1,0
1761021413757,237.62,6016,2,256,60.64,1,0
1761021415965,247.86,6016,1,512,207.15,0,0
1761021418059,237.62,6016,2,512,91.35,1,0
1761021420265,247.86,6016,1,128,205.02,0,0
1761021422411,237.62,6016,2,512,144.65,1,0
1761021424573,247.86,6016,1,512,159.23,1,0
1761021426716,237.62,6016,2,32,141.93,1,0
1761021428889,247.7,6016,1,512,172.84,1,0
1761021431010,237.62,6016,2,1024,118.42,1,0
1761021433275,242.02,6016,1,256,263.73,0,0
1761021435628,247.86,6016,1,32,352.29,0,0
1761021437718,237.62,6016,2,256,87.9,1,0
1761021439878,247.86,6016,1,64,159.94,1,0
1761021442070,237.43,6016,2,512,190.18,1,0
1761021444222,247.82,6016,1,128,149.85,1,0
1761021446377,237.62,6016,2,128,154.89,1,0
1761021448521,247.86,6016,1,256,142.69,1,0
1761021450677,237.62,6016,2,512,153.81,1,0
1761021452821,247.86,6016,1,32,142.82,1,0
1761021455081,237.62,6016,2,1024,257.04,0,0
1761021457491,247.86,6016,1,64,406.35,0,0
1761021459893,237.62,6016,2,64,400.5,0,0
1761021462047,247.86,6016,1,1024,153.04,1,0
1761021464199,237.62,6016,2,32,150.37,1,0
1761021466362,247.86,6016,1,512,161.17,1,0
1761021468599,237.62,6016,2,512,235.34,0,0
1761021470953,247.86,6016,1,256,353.14,0,0
1761021473349,237.62,6016,2,64,395.6,0,0
1761021475512,241.89,6016,1,1024,160.37,1,0
1761021477707,247.86,6016,1,256,193.19,1,0
1761021479877,237.62,6016,2,32,168.91,1,0
1761021482017,247.86,6016,1,128,138.43,1,0
1761021484162,237.62,6016,2,128,143.48,1,0
1761021486313,247.86,6016,1,1024,148.71,1,0
1761021488407,237.62,6016,2,256,92.56,1,0
1761021490608,247.86,6016,1,64,199.83,1,0
1761021492763,237.62,6016,2,512,153.13,1,0
1761021494914,247.86,6016,1,64,148.83,1,0
1761021497167,237.62,6016,2,128,251.45,0,0
1761021499518,247.86,6016,1,512,348.64,0,0
1761021501814,237.62,6016,2,32,295.33,0,0
1761021504076,247.86,6016,1,512,260.63,0,0
1761021506385,237.62,6016,2,32,307.26,0,0
1761021508939,247.86,6016,1,256,552.26,0,0
1761021511190,237.62,6016,2,512,249.02,0,0
1761021513341,247.86,6016,1,128,150.34,1,0
1761021515493,237.62,6016,2,64,151.39,1,0
1761021517666,247.86,6016,1,32,171.66,1,0
1761021519804,237.62,6016,2,512,137.81,1,0
1761021521944,247.86,6016,1,1024,138.58,1,0
1761021524197,237.62,6016,2,64,252.39,0,0
1761021526495,247.86,6016,1,512,295.87,0,0
1761021529013,237.62,6016,2,1024,517.12,0,0
1761021531104,242.02,6016,1,1024,89.09,1,0
1761021533719,247.86,6016,1,128,614.35,0,0
1761021536081,237.62,6016,2,128,360.97,0,0
1761021538223,247.86,6016,1,64,141.16,1,0
1761021540375,237.62,6016,2,1024,148.32,1,0
1761021542530,248.06,6016,1,128,154.75,1,0
1761021544677,237.62,6016,2,64,145.02,1,0
1761021547874,247.86,6016,1,256,1195.54,0,0
1761021550152,237.62,6016,2,64,278.14,0,0
1761021552394,247.86,6016,1,512,239.63,0,0
1761021554452,237.62,6016,2,32,57.08,1,0
1761021556658,247.86,6016,1,128,204.96,0,0
1761021558807,237.62,6016,2,512,147.48,1,0
1761021560959,247.86,6016,1,64,150.52,1,0
1761021563108,237.62,6016,2,64,147.99,1,0
1761021565281,247.86,6016,1,64,171.63,1,0
1761021567511,247.86,6016,1,1024,227.77,0,0
1761021570074,237.62,6016,2,256,560.92,0,0
1761021572332,247.86,6016,1,1024,252.57,0,0
1761021574509,237.62,6016,2,256,176.19,1,0
1761021576728,247.86,6016,1,128,217.45,0,0
1761021579083,237.62,6016,2,256,353.59,0,0
1761021581232,247.86,6016,1,256,147.36,1,0
1761021583383,237.62,6016,2,256,150.28,1,0
1761021585579,247.82,6016,1,256,194.98,1,0
1761021588120,237.62,6016,2,1024,539.31,0,0
1761021590452,247.86,6016,1,64,330.78,0,0
1761021594146,246.08,6016,1,128,1690.87,0,0
1761021596442,237.62,6016,2,1024,293.52,0,0
1761021598744,247.86,6016,1,256,299.13,0,0
1761021600896,237.62,6016,2,256,150.96,1,0
1761021603059,247.86,6016,1,128,162.04,1,0
1761021605195,237.62,6016,2,64,134.48,1,0
1761021607288,247.86,6016,1,512,92.28,1,0
1761021609805,237.62,6016,2,512,514.68,0,0
1761021611953,247.86,6016,1,128,147.04,1,0
1761021614106,237.62,6016,2,32,152.3,1,0
1761021616256,247.86,6016,1,1024,149.06,1,0
1761021618403,237.62,6016,2,64,146.96,1,0
1761021620554,247.86,6016,1,64,149.61,1,0
1761021622744,237.62,6016,2,128,189.41,1,0
1761021624860,247.86,6016,1,256,114.96,1,0
1761021627107,237.62,6016,2,64,245.8,0,0
1761021629510,247.86,6016,1,1024,402.09,0,0
1761021631918,237.62,6016,2,128,408.06,0,0
1761021634176,242.02,6016,1,1024,256.67,0,0
1761021636549,247.86,6016,1,256,372.28,0,0
1761021638682,237.62,6016,2,1024,130.93,1,0
1761021640832,247.86,6016,1,256,146.47,1,0
1761021642983,237.62,6016,2,256,150.31,1,0
1761021645139,247.86,6016,1,256,154.28,1,0
1761021647224,237.62,6016,2,32,82.96,1,0
1761021649429,247.86,6016,1,1024,203.16,0,0
1761021651584,237.62,6016,2,512,150.45,1,0
1761021653833,247.86,6016,1,32,247.2,0,0
1761021656295,237.62,6016,2,512,459.95,0,0
1761021658654,247.86,6016,1,32,357.45,0,0
1761021660800,237.62,6016,2,1024,142.17,1,0
1761021662951,247.86,6016,1,256,149.15,1,0
1761021665101,237.62,6016,2,1024,148.64,1,0
1761021667554,247.86,6016,1,32,452.63,0,0
1761021669706,237.62,6016,2,64,150.43,1,0
1761021671878,247.86,6016,1,512,170.12,1,0
1761021674010,237.62,6016,2,1024,130.29,1,0
1761021676262,247.86,6016,1,128,251.54,0,0
1761021678617,237.62,6016,2,64,352.88,0,0
1761021680769,247.63,6016,1,256,149.82,1,0
1761021683021,247.86,6016,1,512,250.18,0,0
1761021685393,237.62,6016,2,512,370.27,0,0
1761021687528,247.86,6016,1,1024,132.17,1,0
1761021689687,237.62,6016,2,1024,156.96,1,0
1761021691839,247.86,6016,1,64,150.04,1,0
1761021694010,237.62,6016,2,128,169.86,1,0
1761021696147,247.86,6016,1,256,135.55,1,0
1761021698381,237.43,6016,2,32,232.72,0,0
1761021700736,247.86,6016,1,512,353.1,0,0
1761021702887,237.62,6016,2,128,149.42,1,0
1761021705037,247.86,6016,1,64,149.14,1,0
1761021707332,237.62,6016,2,512,292.59,0,0
1761021709663,247.86,6016,1,256,330.97,0,0
1761021711797,237.62,6016,2,64,132.05,1,0
1761021713950,247.63,6016,1,256,151.18,1,0
1761021716096,247.86,6016,1,32,145.04,1,0
1761021718247,237.62,6016,2,256,149.27,1,0
1761021720397,247.86,6016,1,512,148.23,1,0
1761021722547,237.62,6016,2,512,147.72,1,0
1761021724898,247.86,6016,1,32,350.13,0,0
1761021727266,237.62,6016,2,256,365.57,0,0
1761021729623,247.86,6016,1,128,356.0,0,0
1761021731765,237.62,6016,2,1024,139.97,1,0
1761021733913,247.86,6016,1,64,146.7,1,0
1761021736064,237.62,6016,2,256,149.77,1,0
1761021738158,247.86,6016,1,64,91.22,1,0
1761021740360,237.62,6016,2,32,200.88,0,0
1761021742621,247.86,6016,1,1024,259.05,0,0
1761021744973,237.62,6016,2,1024,350.12,0,0
1761021747123,247.86,6016,1,32,148.38,1,0
1761021749480,237.62,6016,2,512,355.14,0,0
1761021751830,247.86,6016,1,128,348.16,0,0
1761021754191,237.62,6016,2,512,358.49,0,0
1761021756349,247.82,6016,1,1024,155.74,1,0
1761021758533,247.86,6016,1,32,183.41,1,0
1761021761052,237.62,6016,2,512,518.11,0,0
1761021763441,247.86,6016,1,64,387.32,0,0
1761021765556,237.62,6016,2,1024,112.09,1,0
1761021767707,247.86,6016,1,32,149.66,1,0
1761021769858,237.62,6016,2,64,150.12,1,0
1761021772137,247.86,6016,1,512,278.05,0,0
1761021774463,237.62,6016,2,1024,321.58,0,0
1761021776755,247.86,6016,1,512,291.39,0,0
1761021779073,237.62,6016,2,128,313.69,0,0
1761021781234,247.86,6016,1,128,158.42,1,0
1761021783479,237.62,6016,2,256,243.48,0,0
1761021785869,247.86,6016,1,512,388.25,0,0
1761021787981,237.62,6016,2,512,110.48,1,0
1761021790149,247.86,6016,1,256,166.83,1,0
1761021792302,237.62,6016,2,512,151.29,1,0
1761021794440,247.82,6016,1,128,136.29,1,0
1761021796688,237.62,6016,2,64,246.94,0,0
1761021799040,247.86,6016,1,128,349.6,0,0
1761021801197,237.62,6016,2,128,154.77,1,0
1761021803443,247.86,6016,1,256,244.7,0,0
1761021805801,237.62,6016,2,1024,355.23,0,0
1761021807960,247.7,6016,1,1024,156.38,1,0
1761021810100,237.64,6016,1,64,137.81,1,0
1761021812285,237.62,6016,2,128,184.45,1,0
1761021814403,247.86,6016,1,256,116.09,1,0
1761021816551,237.62,6016,2,32,147.85,1,0
1761021818703,247.86,6016,1,128,150.98,1,0
1761021820949,237.62,6016,2,512,243.96,0,0
1761021823309,247.86,6016,1,32,359.77,0,0
1761021825460,237.62,6016,2,256,149.36,1,0
1761021827916,247.86,6016,1,1024,453.99,0,0
1761021830277,237.62,6016,2,512,359.2,0,0
1761021832526,247.86,6016,1,512,243.04,0,0
1761021834798,237.62,6016,2,256,270.13,0,0
1761021837135,247.86,6016,1,64,332.45,0,0
1761021839284,237.62,6016,2,64,147.97,1,0
1761021841544,247.86,6016,1,512,258.02,0,0
1761021843891,237.62,6016,2,256,344.27,0,0
1761021846043,247.86,6016,1,128,150.36,1,0
1761021848231,237.62,6016,2,256,186.79,1,0
1761021850285,247.86,6016,1,64,52.24,1,0
1761021852623,237.62,6016,2,64,335.46,0,0
1761021854950,247.86,6016,1,512,323.5,0,0
1761021857104,247.86,6016,1,64,151.48,1,0
1761021859353,237.62,6016,2,512,246.97,0,0
1761021861757,247.86,6016,1,512,402.06,0,0
1761021864272,237.62,6016,2,128,513.35,0,0
1761021866624,247.86,6016,1,32,350.06,0,0
1761021868882,237.62,6016,2,1024,256.03,0,0
1761021871251,247.86,6016,1,1024,366.54,0,0
1761021873382,237.62,6016,2,1024,128.21,1,0
1761021875636,247.86,6016,1,128,250.91,0,0
1761021877990,237.62,6016,2,512,351.92,0,0
1761021880246,247.86,6016,1,64,253.94,0,0
1761021882599,237.62,6016,2,512,351.17,0,0
1761021884750,247.86,6016,1,64,149.11,1,0
1761021886900,237.62,6016,2,64,148.93,1,0
1761021889045,247.86,6016,1,256,144.5,1,0
1761021891303,237.62,6016,2,32,257.23,0,0
1761021893760,247.86,6016,1,512,455.81,0,0
1761021896116,237.62,6016,2,128,352.83,0,0
1761021898267,242.02,6016,1,32,149.63,1,0
1761021900435,247.86,6016,1,512,166.54,1,0
1761021902568,237.62,6016,2,32,132.33,1,0
1761021904717,247.86,6016,1,256,147.5,1,0
1761021906909,237.62,6016,2,32,191.19,1,0
1761021909426,247.86,6016,1,512,514.07,0,0
1761021911782,237.62,6016,2,128,354.37,0,0
1761021913933,247.86,6016,1,64,149.89,1,0
1761021916083,237.62,6016,2,128,149.55,1,0
1761021918376,247.86,6016,1,128,291.3,0,0
1761021920632,237.62,6016,2,512,254.34,0,0
1761021922840,247.86,6016,1,1024,205.84,0,0
1761021924996,237.62,6016,2,64,154.12,1,0
1761021927347,247.86,6016,1,1024,349.25,0,0
1761021929619,237.62,6016,2,256,269.83,0,0
1761021931754,247.86,6016,1,32,134.07,1,0
1761021933850,237.62,6016,2,512,93.67,1,0
1761021936069,247.86,6016,1,1024,213.17,0,0
1761021938204,237.62,6016,2,64,134.37,1,0
1761021940354,247.86,6016,1,512,148.16,1,0
1761021942510,237.62,6016,2,64,154.65,1,0
1761021944676,247.86,6016,1,512,163.47,1,0
1761021946802,237.62,6016,2,64,124.93,1,0
1761021948954,247.86,6016,1,32,151.48,1,0
1761021951103,247.82,6016,1,512,146.87,1,0
1761021953193,237.62,6016,2,128,89.34,1,0
1761021955348,248.06,6016,1,256,153.34,1,0
1761021957777,237.62,6016,2,64,425.78,0,0
1761021960020,247.86,6016,1,32,241.82,0,0
1761021962166,247.86,6016,1,64,143.03,1,0
1761021964416,237.62,6016,2,128,248.37,0,0
1761021966771,248.06,6016,1,32,353.54,0,0
1761021968923,237.62,6016,2,1024,149.65,1,0
1761021971076,247.86,6016,1,1024,147.78,1,0
1761021973254,237.62,6016,2,512,175.84,1,0
1761021975378,242.02,6016,1,32,121.89,1,0
1761021977625,248.06,6016,1,1024,244.89,0,0
1761021980005,237.62,6016,2,256,377.87,0,0
1761021982145,248.06,6016,1,128,138.49,1,0
1761021984227,237.62,6016,2,1024,79.46,1,0
1761021986435,248.06,6016,1,128,205.44,0,0
1761021988582,237.62,6016,2,1024,144.52,1,0
1761021990733,248.06,6016,1,128,148.83,1,0
1761021992884,237.62,6016,2,32,150.02,1,0
1761021995032,248.06,6016,1,1024,146.37,1,0
1761021997183,237.62,6016,2,128,149.5,1,0
1761021999337,248.06,6016,1,64,152.24,1,0
1761022001487,237.62,6016,2,256,148.97,1,0
1761022003634,242.02,6016,1,64,146.39,1,0
1761022005724,248.06,6016,1,64,88.36,1,0
1761022008037,237.62,6016,2,512,311.47,0,0
1761022010412,248.06,6016,1,32,373.84,0,0
1761022012543,237.62,6016,2,1024,128.5,1,0
1761022014797,248.06,6016,1,1024,250.75,0,0
1761022017093,237.62,6016,2,32,295.54,0,0
1761022019303,248.06,6016,1,512,207.87,0,0
1761022021451,237.62,6016,2,32,147.27,1,0
1761022023602,248.06,6016,1,128,146.98,1,0
1761022025697,237.62,6016,2,1024,93.14,1,0
1761022027904,248.06,6016,1,256,204.82,0,0
1761022030054,237.62,6016,2,1024,146.87,1,0
1761022032253,248.06,6016,1,256,198.33,1,0
1761022034661,237.62,6016,2,512,405.29,0,0
1761022036813,248.03,6016,1,64,150.09,1,0
1761022038967,248.06,6016,1,32,151.64,1,0
1761022041113,237.62,6016,2,512,144.35,1,0
1761022043275,248.06,6016,1,512,161.0,1,0
1761022045414,237.62,6016,2,256,137.05,1,0
1761022047564,248.06,6016,1,1024,147.19,1,0
1761022049817,237.62,6016,2,1024,251.32,0,0
1761022052198,244.81,6016,1,64,379.24,0,0
1761022054323,247.86,6016,1,256,123.65,1,0
1761022056492,237.62,6016,2,64,167.74,1,0
1761022058622,248.06,6016,1,64,128.74,1,0
1761022060876,237.62,6016,2,1024,252.64,0,0
1761022063238,248.03,6016,1,128,359.9,0,0
1761022065381,237.62,6016,2,512,141.31,1,0
1761022067637,248.06,6016,1,32,254.65,0,0
1761022069932,237.62,6016,2,1024,291.59,0,0
1761022072088,248.06,6016,1,128,154.21,1,0
1761022074394,237.62,6016,2,256,304.78,0,0
1761022076784,248.06,6016,1,512,387.53,0,0
1761022078841,237.62,6016,2,512,54.26,1,0
1761022081078,248.06,6016,1,32,234.83,0,0
1761022083203,237.62,6016,2,128,121.86,1,0
1761022085388,248.06,6016,1,256,183.64,1,0
1761022087911,237.62,6016,2,256,520.7,0,0
1761022090269,248.06,6016,1,128,355.91,0,0
1761022092414,237.62,6016,2,1024,143.96,1,0
1761022094569,248.03,6016,1,128,153.53,1,0
1761022096714,237.62,6016,2,32,143.77,1,0
1761022098866,242.02,6016,1,1024,148.22,1,0
1761022101034,248.06,6016,1,32,166.15,1,0
1761022103264,237.62,6016,2,512,228.8,0,0
1761022105624,247.86,6016,1,64,358.67,0,0
1761022107775,237.62,6016,2,64,149.53,1,0
1761022109868,248.06,6016,1,256,91.42,1,0
1761022112178,237.62,6016,2,256,306.03,0,0
1761022114533,241.89,6016,1,512,353.27,0,0
1761022116703,248.06,6016,1,1024,167.32,1,0
1761022118865,237.62,6016,2,1024,158.27,1,0
1761022120984,248.06,6016,1,256,117.27,1,0
1761022123157,237.62,6016,2,128,172.53,1,0
1761022125513,248.06,6016,1,128,353.79,0,0
1761022127670,237.62,6016,2,256,156.04,1,0
1761022129838,248.06,6016,1,256,166.71,1,0
1761022131937,237.62,6016,2,128,97.68,1,0
1761022134131,248.06,6016,1,128,191.61,1,0
1761022136401,237.62,6016,2,256,268.73,0,0
1761022138698,248.06,6016,1,1024,295.34,0,0
1761022140923,237.62,6016,2,32,222.98,0,0
1761022143237,248.06,6016,1,32,312.79,0,0
1761022145579,237.62,6016,2,128,338.36,0,0
1761022147937,248.06,6016,1,512,356.15,0,0
1761022150105,237.83,6016,2,512,167.05,1,0
1761022152271,248.27,6016,1,256,164.54,1,0
1761022154411,238.04,6016,2,128,138.1,1,0
1761022156696,246.51,6016,1,128,283.69,0,0
1761022159106,248.68,6016,1,32,408.16,0,0
1761022161522,238.24,6016,2,128,414.67,0,0
1761022163578,248.89,6016,1,32,54.54,1,0
1761022165731,238.45,6016,2,512,150.44,1,0
1761022167938,249.1,6016,1,1024,205.01,0,0
1761022170101,238.86,6016,2,128,161.1,1,0
1761022172284,249.1,6016,1,512,180.0,1,0
1761022174639,238.66,6016,2,64,353.88,0,0
1761022176796,249.1,6016,1,128,155.52,1,0
1761022178988,238.66,6016,2,512,190.15,1,0
1761022181082,249.1,6016,1,128,92.26,1,0
1761022183221,238.86,6016,2,64,138.51,1,0
1761022185389,249.1,6016,1,1024,165.97,1,0
1761022187568,238.66,6016,2,64,177.78,1,0
1761022189929,249.1,6016,1,1024,360.47,0,0
1761022192131,238.86,6016,2,128,200.25,0,0
1761022194474,249.1,6016,1,1024,340.85,0,0
1761022196784,238.66,6016,2,1024,306.25,0,0
1761022198976,248.86,6016,1,64,191.16,1,0
1761022201480,248.89,6016,1,256,502.73,0,0
1761022203891,238.45,6016,2,128,409.09,0,0
1761022206362,248.89,6016,1,512,469.53,0,0
1761022208761,238.45,6016,2,32,397.51,0,0
1761022210873,248.65,6016,1,128,110.58,1,0
1761022213057,238.24,6016,2,64,183.44,1,0
1761022215173,248.48,6016,1,1024,114.59,1,0
1761022217346,238.24,6016,2,512,170.54,1,0
1761022219475,248.48,6016,1,256,127.61,1,0
1761022221649,238.04,6016,2,128,172.58,1,0
1761022223762,248.27,6016,1,128,111.68,1,0
1761022225896,237.83,6016,2,1024,130.66,1,0
1761022228045,248.06,6016,1,1024,146.4,1,0
1761022230213,237.62,6016,2,128,165.65,1,0
1761022232360,247.86,6016,1,512,145.4,1,0
1761022234565,237.62,6016,2,512,203.62,0,0
1761022236689,247.86,6016,1,512,122.77,1,0
1761022238916,237.62,6016,2,1024,223.85,0,0
1761022241322,247.82,6016,1,256,403.54,0,0
1761022243394,247.86,6016,1,256,70.06,1,0
1761022245674,237.62,6016,2,128,278.19,0,0
1761022248015,247.86,6016,1,128,339.93,0,0
1761022250152,237.62,6016,2,512,135.89,1,0
1761022252347,247.86,6016,1,1024,192.6,1,0
1761022254507,237.62,6016,2,128,159.13,1,0
1761022256637,247.86,6016,1,32,128.76,1,0
1761022258790,237.62,6016,2,1024,151.8,1,0
1761022260954,247.86,6016,1,64,163.3,1,0
1761022263028,237.62,6016,2,1024,70.57,1,0
1761022265206,247.86,6016,1,32,176.68,1,0
1761022267361,237.62,6016,2,32,153.58,1,0
1761022269509,242.02,6016,1,512,146.69,1,0
1761022271651,247.86,6016,1,64,140.77,1,0
1761022273835,237.62,6016,2,256,182.75,1,0
1761022275953,247.86,6016,1,32,116.73,1,0
1761022278076,237.62,6016,2,512,120.8,1,0
1761022280291,247.86,6016,1,128,213.26,0,0
1761022282378,237.62,6016,2,32,86.16,1,0
1761022284628,247.86,6016,1,64,248.32,0,0
1761022287015,237.62,6016,2,64,386.13,0,0
1761022289369,247.86,6016,1,64,353.1,0,0
1761022291676,237.62,6016,2,256,306.5,0,0
1761022293773,247.86,6016,1,1024,94.76,1,0
1761022295929,237.62,6016,2,256,155.06,1,0
1761022298057,247.86,6016,1,512,126.54,1,0
1761022300195,237.62,6016,2,1024,135.04,1,0
1761022302345,247.86,6016,1,256,148.95,1,0
1761022304578,237.62,6016,2,128,232.15,0,0
1761022306718,247.86,6016,1,64,137.76,1,0
1761022309187,237.62,6016,2,64,467.41,0,0
1761022311610,247.86,6016,1,32,421.97,0,0
1761022313871,237.62,6016,2,32,259.93,0,0
1761022316174,247.82,6016,1,256,301.96,0,0
1761022318366,247.86,6016,1,1024,188.87,1,0
1761022320514,237.62,6016,2,64,146.62,1,0
1761022322627,247.86,6016,1,128,110.76,1,0
1761022324761,237.62,6016,2,512,133.73,1,0
1761022326899,247.86,6016,1,128,136.25,1,0
1761022329089,237.62,6016,2,256,187.71,1,0
1761022331234,247.86,6016,1,128,144.08,1,0
1761022333350,237.62,6016,2,64,114.65,1,0
1761022335662,247.86,6016,1,1024,309.54,0,0
1761022338082,237.62,6016,2,128,418.56,0,0
1761022340427,247.86,6016,1,1024,339.43,0,0
1761022342711,237.62,6016,2,128,281.59,0,0
1761022345173,247.86,6016,1,256,459.98,0,0
1761022347589,237.62,6016,2,64,414.01,0,0
1761022349937,247.86,6016,1,1024,344.69,0,0
1761022352086,237.62,6016,2,256,147.63,1,0
1761022354307,247.86,6016,1,256,218.02,0,0
1761022356438,237.43,6016,2,1024,127.85,1,0
1761022358594,247.86,6016,1,1024,153.9,1,0
1761022360759,237.62,6016,2,64,161.49,1,0
1761022362825,242.02,6016,1,32,63.62,1,0
1761022365042,247.86,6016,1,128,214.39,0,0
1761022367372,237.62,6016,2,512,328.38,0,0
1761022369575,247.86,6016,1,64,201.39,0,0
1761022371759,237.62,6016,2,1024,181.44,1,0
1761022374067,247.86,6016,1,128,306.35,0,0
1761022376450,237.62,6016,2,32,381.02,0,0
1761022378851,247.86,6016,1,32,399.32,0,0
1761022380978,237.62,6016,2,1024,124.06,1,0
1761022383110,247.86,6016,1,512,130.49,1,0
1761022385279,237.62,6016,2,64,167.3,1,0
1761022387441,247.86,6016,1,128,161.46,1,0
1761022389745,237.62,6016,2,512,302.56,0,0
1761022392041,247.86,6016,1,32,295.47,0,0
1761022394124,237.62,6016,2,256,80.84,1,0
1761022396359,244.81,6016,1,128,234.02,0,0
1761022398454,247.86,6016,1,1024,93.15,1,0
1761022400609,237.62,6016,2,64,153.75,1,0
1761022402754,247.86,6016,1,512,141.63,1,0
1761022404912,237.62,6016,2,128,156.67,1,0
1761022407092,247.86,6016,1,64,177.96,1,0
1761022409295,237.62,6016,2,1024,197.53,1,0
1761022411634,247.86,6016,1,512,336.72,0,0
1761022413968,237.62,6016,2,512,331.22,0,0
1761022416260,247.86,6016,1,64,291.55,0,0
1761022418427,237.62,6016,2,64,165.83,1,0
1761022420570,247.86,6016,1,64,142.27,1,0
1761022422752,237.62,6016,2,32,180.38,1,0
1761022424821,247.86,6016,1,512,67.38,1,0
1761022427050,237.62,6016,2,32,226.08,0,0
1761022429140,247.86,6016,1,64,89.61,1,0
1761022431337,237.62,6016,2,128,194.99,1,0
1761022433423,247.86,6016,1,32,84.91,1,0
1761022435601,237.62,6016,2,32,176.77,1,0
1761022437790,241.82,6016,1,64,187.5,1,0
1761022439899,247.86,6016,1,32,105.54,1,0
1761022442031,237.62,6016,2,1024,129.03,1,0
1761022444262,247.86,6016,1,512,228.5,0,0
1761022446700,237.62,6016,2,256,436.98,0,0
1761022448768,247.86,6016,1,256,65.33,1,0
1761022450962,237.62,6016,2,64,193.07,1,0
1761022453068,247.86,6016,1,32,104.35,1,0
1761022455219,237.62,6016,2,32,149.59,1,0
1761022457384,247.86,6016,1,128,163.03,1,0
1761022459525,237.62,6016,2,256,139.97,1,0
1761022461684,247.86,6016,1,64,157.66,1,0
1761022463941,237.62,6016,2,64,254.4,0,0
1761022466388,247.86,6016,1,512,444.63,0,0
1761022468856,237.62,6016,2,512,465.74,0,0
1761022471291,247.86,6016,1,512,432.05,0,0
1761022473359,237.62,6016,2,128,66.76,1,0
1761022475495,242.02,6016,1,1024,133.68,1,0
1761022477765,247.86,6016,1,64,268.0,0,0
1761022480181,237.62,6016,2,1024,413.55,0,0
1761022482532,247.86,6016,1,256,349.17,0,0
1761022484697,237.62,6016,2,32,163.29,1,0
1761022486844,247.86,6016,1,128,145.15,1,0
1761022489016,237.62,6016,2,256,170.54,1,0
1761022491230,247.86,6016,1,256,212.51,0,0
1761022493629,237.62,6016,2,32,397.61,0,0
1761022495731,247.86,6016,1,512,99.82,1,0
1761022497897,237.62,6016,2,1024,160.44,1,0
1761022500049,247.86,6016,1,64,149.71,1,0
1761022502216,237.62,6016,2,128,165.58,1,0
1761022504449,247.86,6016,1,1024,229.84,0,0
1761022506913,237.62,6016,2,128,462.67,0,0
1761022509323,247.86,6016,1,128,405.31,0,0
1761022511490,237.62,6016,2,128,165.87,1,0
1761022513593,247.86,6016,1,1024,100.52,1,0
1761022515758,237.62,6016,2,256,163.83,1,0
1761022517861,242.02,6016,1,256,100.41,1,0
1761022520117,247.86,6016,1,128,255.19,0,0
1761022522478,237.62,6016,2,32,358.69,0,0
1761022524684,247.86,6016,1,512,204.06,0,0
1761022526795,237.62,6016,2,128,110.29,1,0
1761022528956,247.86,6016,1,1024,157.08,1,0
1761022531175,237.62,6016,2,128,218.38,0,0
1761022533548,247.86,6016,1,1024,368.65,0,0
1761022535818,237.62,6016,2,256,268.05,0,0
1761022538264,247.86,6016,1,64,442.47,0,0
1761022540605,237.62,6016,2,32,339.92,0,0
1761022542741,247.86,6016,1,512,134.64,1,0
1761022544949,237.62,6016,2,1024,205.85,0,0
1761022547314,247.86,6016,1,256,363.34,0,0
1761022549450,237.62,6016,2,32,134.57,1,0
1761022551604,247.86,6016,1,1024,151.74,1,0
1761022553792,237.62,6016,2,64,187.34,1,0
1761022555914,242.02,6016,1,256,120.37,1,0
1761022558133,247.86,6016,1,512,216.44,0,0
1761022560405,237.62,6016,2,64,270.47,0,0
1761022562788,247.86,6016,1,256,381.19,0,0
1761022565207,237.62,6016,2,64,417.58,0,0
1761022567402,247.86,6016,1,512,193.33,1,0
1761022569774,237.62,6016,2,1024,368.55,0,0
1761022572064,247.86,6016,1,32,289.16,0,0
1761022574564,237.62,6016,2,256,498.43,0,0
1761022576852,247.86,6016,1,512,284.8,0,0
1761022578993,237.62,6016,2,512,137.87,1,0
1761022581093,247.86,6016,1,32,99.33,1,0
1761022583356,237.62,6016,2,128,260.44,0,0
1761022585724,247.86,6016,1,64,366.13,0,0
1761022587889,237.62,6016,2,32,164.1,1,0
1761022590189,247.86,6016,1,128,298.23,0,0
1761022592501,237.62,6016,2,128,310.72,0,0
1761022594697,247.86,6016,1,512,194.02,1,0
1761022597074,237.62,6016,2,256,375.33,0,0
1761022599196,247.82,6016,1,64,120.38,1,0
1761022601360,247.86,6016,1,256,158.96,1,0
1761022603606,237.62,6016,2,1024,240.44,0,0
1761022606097,247.86,6016,1,64,490.21,0,0
1761022608432,237.62,6016,2,64,333.84,0,0
1761022610709,247.86,6016,1,1024,274.69,0,0
1761022613127,237.62,6016,2,1024,417.27,0,0
1761022615477,247.86,6016,1,32,349.4,0,0
1761022617645,237.62,6016,2,1024,163.89,1,0
1761022619833,247.86,6016,1,256,186.58,1,0
1761022621964,237.62,6016,2,1024,129.37,1,0
1761022624183,247.86,6016,1,256,216.9,0,0
1761022626604,237.62,6016,2,1024,418.0,0,0
1761022628819,247.86,6016,1,32,214.03,0,0
1761022631112,237.62,6016,2,32,291.52,0,0
1761022633365,247.86,6016,1,64,252.43,0,0
1761022635760,237.62,6016,2,32,392.36,0,0
1761022637935,247.86,6016,1,32,174.39,1,0
1761022640077,237.62,6016,2,64,140.56,1,0
1761022642516,247.86,6016,1,128,438.41,0,0
1761022644727,237.62,6016,2,128,207.88,0,0
1761022647084,247.7,6016,1,32,356.16,0,0
1761022649276,247.86,6016,1,1024,185.14,1,0
1761022651385,237.62,6016,2,128,107.63,1,0
1761022653669,247.82,6016,1,64,282.89,0,0
1761022656129,237.62,6016,2,256,458.3,0,0
1761022658475,247.86,6016,1,32,344.3,0,0
1761022660675,237.62,6016,2,32,198.59,1,0
1761022662768,247.86,6016,1,32,92.48,1,0
1761022665003,237.62,6016,2,512,232.7,0,0
1761022667454,247.86,6016,1,256,448.26,0,0
1761022669557,237.62,6016,2,512,100.92,1,0
1761022671710,247.86,6016,1,512,150.22,1,0
1761022673906,237.62,6016,2,32,194.73,1,0
1761022675984,247.86,6016,1,128,75.69,1,0
1761022678154,237.62,6016,2,1024,164.97,1,0
1761022680261,247.86,6016,1,64,105.83,1,0
1761022682502,247.86,6016,1,256,240.08,0,0
1761022685247,237.62,6016,2,64,742.83,0,0
1761022687333,247.86,6016,1,128,84.34,1,0
1761022689454,237.62,6016,2,32,119.26,1,0
1761022691624,247.86,6016,1,1024,167.76,1,0
1761022693777,237.62,6016,2,512,150.92,1,0
1761022695958,247.86,6016,1,256,179.54,1,0
1761022698162,237.62,6016,2,32,203.39,0,0
1761022700617,247.86,6016,1,1024,452.12,0,0
1761022703029,237.62,6016,2,512,408.79,0,0
1761022705174,247.86,6016,1,256,143.83,1,0
1761022707429,237.62,6016,2,128,252.97,0,0
1761022709760,247.86,6016,1,128,329.75,0,0
1761022711896,237.62,6016,2,1024,132.94,1,0
1761022714098,247.86,6016,1,256,200.35,0,0
1761022716233,237.62,6016,2,1024,130.92,1,0
1761022718344,247.7,6016,1,32,109.8,1,0
1761022720472,237.62,6016,2,256,126.39,1,0
1761022722648,242.01,6016,1,512,173.49,1,0
1761022724801,247.86,6016,1,128,151.58,1,0
1761022726972,237.62,6016,2,512,169.28,1,0
1761022729051,247.86,6016,1,32,77.55,1,0
1761022731219,237.62,6016,2,64,165.61,1,0
1761022733352,247.86,6016,1,64,132.12,1,0
1761022735503,237.62,6016,2,512,148.38,1,0
1761022737707,247.86,6016,1,64,202.76,0,0
1761022739804,237.62,6016,2,1024,94.5,1,0
1761022742002,247.86,6016,1,1024,196.14,1,0
1761022744123,237.62,6016,2,512,119.07,1,0
1761022746313,247.86,6016,1,1024,186.17,1,0
1761022748534,237.62,6016,2,128,213.96,0,0
1761022750906,247.86,6016,1,1024,369.73,0,0
1761022753127,237.62,6016,2,1024,215.49,0,0
1761022755597,247.86,6016,1,64,469.42,0,0
1761022757929,247.86,6016,1,1024,330.18,0,0
1761022760162,237.62,6016,2,64,230.38,0,0
1761022762368,247.86,6016,1,512,202.98,0,0
1761022764720,237.62,6016,2,512,347.01,0,0
1761022766810,247.86,6016,1,256,88.16,1,0
1761022768959,237.62,6016,2,32,148.78,1,0
1761022771126,247.86,6016,1,32,164.96,1,0
1761022773619,237.62,6016,2,64,489.12,0,0
1761022775732,247.86,6016,1,256,111.09,1,0
1761022777916,237.62,6016,2,512,182.38,1,0
1761022780156,247.86,6016,1,256,238.56,0,0
1761022782500,237.62,6016,2,512,341.88,0,0
1761022784738,247.86,6016,1,128,237.35,0,0
1761022787131,237.62,6016,2,64,391.3,0,0
1761022789265,247.86,6016,1,1024,131.55,1,0
1761022791408,237.62,6016,2,32,142.03,1,0
1761022793602,247.82,6016,1,128,192.87,1,0
1761022795702,237.62,6016,2,128,98.28,1,0
1761022797866,247.86,6016,1,64,163.42,1,0
1761022799987,237.62,6016,2,256,119.72,1,0
1761022802151,247.82,6016,1,512,162.43,1,0
1761022804346,237.62,6016,2,512,193.42,1,0
1761022806451,247.82,6016,1,64,102.93,1,0
1761022808590,237.64,6016,1,512,136.37,1,0
1761022810731,237.62,6016,2,512,138.3,1,0
1761022812979,247.86,6016,1,512,244.85,0,0
1761022815422,237.62,6016,2,1024,441.08,0,0
1761022817517,247.86,6016,1,1024,92.78,1,0
1761022819625,237.62,6016,2,64,106.66,1,0
1761022821812,247.86,6016,1,64,185.7,1,0
1761022823980,237.62,6016,2,128,165.31,1,0
1761022826090,247.86,6016,1,128,108.98,1,0
1761022828246,237.62,6016,2,128,153.24,1,0
1761022830442,247.86,6016,1,64,194.57,1,0
1761022832657,237.62,6016,2,1024,211.42,0,0
1761022835000,247.86,6016,1,1024,340.79,0,0
1761022837195,237.62,6016,2,512,192.35,1,0
1761022839397,247.86,6016,1,32,200.85,0,0
1761022841726,237.62,6016,2,128,329.02,0,0
1761022843888,247.86,6016,1,512,159.79,1,0
1761022846047,237.62,6016,2,256,158.09,1,0
1761022848196,242.02,6016,1,32,148.89,1,0
1761022850394,247.86,6016,1,256,196.3,1,0
1761022852508,237.62,6016,2,32,113.02,1,0
1761022854675,247.86,6016,1,128,165.28,1,0
1761022856773,237.62,6016,2,64,96.47,1,0
1761022859103,247.86,6016,1,64,328.06,0,0
1761022861380,237.62,6016,2,512,274.66,0,0
1761022863540,247.86,6016,1,512,159.56,1,0
1761022865717,237.62,6016,2,32,174.41,1,0
1761022867834,247.86,6016,1,128,115.94,1,0
1761022870088,237.62,6016,2,128,252.43,0,0
1761022872453,247.86,6016,1,64,363.35,0,0
1761022874685,247.86,6016,1,512,228.51,0,0
1761022877046,237.62,6016,2,256,359.45,0,0
1761022879232,247.86,6016,1,512,185.67,1,0
1761022881639,237.62,6016,2,64,405.68,0,0
1761022883873,247.86,6016,1,32,232.71,0,0
1761022886038,237.62,6016,2,256,163.95,1,0
1761022888184,247.86,6016,1,1024,144.63,1,0
1761022890347,237.62,6016,2,1024,160.98,1,0
1761022892815,247.86,6016,1,32,467.43,0,0
1761022895220,237.62,6016,2,64,398.43,0,0
1761022897437,247.86,6016,1,256,216.51,0,0
1761022899628,237.62,6016,2,256,189.34,1,0
1761022901889,242.02,6016,1,64,258.26,0,0
1761022904097,247.86,6016,1,1024,206.42,0,0
1761022906225,237.62,6016,2,32,126.45,1,0
1761022908361,247.86,6016,1,64,135.42,1,0
1761022910627,237.62,6016,2,1024,264.09,0,0
1761022912968,247.86,6016,1,512,339.02,0,0
1761022915096,237.62,6016,2,256,126.47,1,0
1761022917264,247.86,6016,1,32,166.78,1,0
1761022919396,237.62,6016,2,64,130.25,1,0
1761022921549,247.86,6016,1,32,150.85,1,0
1761022923718,237.62,6016,2,1024,165.96,1,0
1761022925912,247.86,6016,1,64,193.19,1,0
1761022928005,237.62,6016,2,128,91.89,1,0
1761022930170,247.86,6016,1,512,162.98,1,0
1761022932309,237.62,6016,2,128,137.07,1,0
1761022934542,247.86,6016,1,512,231.63,0,0
1761022936927,237.62,6016,2,256,381.18,0,0
1761022939113,247.86,6016,1,1024,183.6,1,0
1761022941207,237.62,6016,2,512,92.77,1,0
1761022943474,247.86,6016,1,32,266.23,0,0
1761022945845,247.86,6016,1,512,368.75,0,0
1761022947989,237.62,6016,2,512,141.74,1,0
1761022950162,247.86,6016,1,32,172.14,1,0
1761022952356,237.62,6016,2,128,192.5,1,0
1761022954724,247.82,6016,1,32,366.64,0,0
1761022956862,237.62,6016,2,32,136.68,1,0
1761022959226,247.86,6016,1,128,362.29,0,0
1761022961508,237.62,6016,2,256,280.84,0,0
1761022963658,247.86,6016,1,256,149.4,1,0
1761022965960,237.62,6016,2,256,299.33,0,0
1761022968223,247.86,6016,1,256,260.86,0,0
1761022970358,237.62,6016,2,1024,133.06,1,0
1761022972537,247.86,6016,1,1024,176.91,1,0
1761022974719,237.62,6016,2,1024,180.19,1,0
1761022976855,247.86,6016,1,1024,131.95,1,0
1761022978987,237.62,6016,2,512,129.99,1,0
1761022981123,247.86,6016,1,32,135.25,1,0
1761022983268,237.62,6016,2,32,142.99,1,0
1761022985395,247.86,6016,1,512,126.01,1,0
1761022987658,237.62,6016,2,1024,261.6,0,0
1761022990020,247.86,6016,1,1024,359.42,0,0
1761022992196,237.62,6016,2,1024,174.42,1,0
1761022994318,247.7,6016,1,512,119.63,1,0
1761022996470,237.62,6016,2,128,148.02,1,0
1761022998606,242.02,6016,1,32,134.6,1,0
1761023001001,247.86,6016,1,256,394.52,0,0
1761023003229,237.62,6016,2,512,225.2,0,0
1761023005418,247.86,6016,1,128,188.16,1,0
1761023007529,237.62,6016,2,1024,104.76,1,0
1761023009733,247.86,6016,1,256,202.12,0,0
1761023011855,237.62,6016,2,1024,119.53,1,0
1761023014263,247.86,6016,1,256,406.69,0,0
1761023016488,237.62,6016,2,1024,222.61,0,0
1761023018668,247.86,6016,1,128,178.91,1,0
1761023021025,237.62,6016,2,256,354.46,0,0
1761023023301,247.86,6016,1,1024,274.18,0,0
1761023025636,237.62,6016,2,32,331.65,0,0
1761023027826,247.86,6016,1,256,188.76,1,0
1761023029985,237.67,6016,1,1024,156.85,1,0
1761023032098,237.62,6016,2,512,111.43,1,0
1761023034246,247.86,6016,1,32,146.53,1,0
1761023036431,237.62,6016,2,512,183.28,1,0
1761023038523,247.86,6016,1,512,90.33,1,0
1761023040819,237.62,6016,2,128,294.03,0,0
1761023043131,247.86,6016,1,1024,308.56,0,0
1761023045409,237.62,6016,2,256,276.94,0,0
1761023047754,247.86,6016,1,256,343.07,0,0
1761023049920,237.62,6016,2,1024,163.84,1,0
1761023052017,247.86,6016,1,32,95.74,1,0
1761023054216,237.62,6016,2,32,198.37,1,0
1761023056332,247.82,6016,1,1024,113.73,1,0
1761023058515,247.86,6016,1,512,181.65,1,0
1761023060604,237.62,6016,2,256,88.18,1,0
1761023062772,247.86,6016,1,512,165.08,1,0
1761023064915,237.62,6016,2,1024,139.92,1,0
1761023067071,247.86,6016,1,1024,152.78,1,0
1761023069307,237.62,6016,2,512,233.66,0,0
1761023071727,247.86,6016,1,32,418.21,0,0
1761023073825,237.62,6016,2,256,95.74,1,0
1761023075990,247.86,6016,1,64,162.51,1,0
1761023078116,237.62,6016,2,128,123.97,1,0
1761023080325,247.86,6016,1,1024,205.37,0,0
1761023082468,237.62,6016,2,128,141.83,1,0
1761023084653,247.86,6016,1,128,183.6,1,0
1761023086769,237.62,6016,2,64,114.62,1,0
1761023088918,247.86,6016,1,64,148.27,1,0
1761023091062,237.62,6016,2,32,142.43,1,0
1761023093188,247.86,6016,1,64,125.27,1,0
1761023095333,237.62,6016,2,128,144.06,1,0
1761023097490,247.86,6016,1,32,155.14,1,0
1761023099647,237.62,6016,2,512,154.82,1,0
1761023102059,247.7,6016,1,256,409.92,0,0
1761023104210,247.86,6016,1,128,148.48,1,0
1761023106506,237.62,6016,2,512,293.85,0,0
1761023108821,247.82,6016,1,256,313.66,0,0
1761023111014,237.62,6016,2,64,192.93,1,0
1761023113133,247.86,6016,1,64,117.46,1,0
1761023115282,237.62,6016,2,32,147.73,1,0
1761023117407,247.86,6016,1,32,124.01,1,0
1761023119590,237.62,6016,2,1024,180.23,1,0
1761023121785,247.86,6016,1,512,193.59,1,0
1761023123883,237.62,6016,2,512,95.96,1,0
1761023126155,247.86,6016,1,512,269.87,0,0
1761023128520,237.62,6016,2,64,363.55,0,0
1761023130704,247.86,6016,1,64,183.21,1,0
1761023132783,237.62,6016,2,32,77.52,1,0
1761023135051,247.86,6016,1,1024,264.26,0,0
1761023137375,237.62,6016,2,128,323.39,0,0
1761023139549,247.7,6016,1,1024,170.98,1,0
1761023141676,237.62,6016,2,32,125.47,1,0
1761023143912,241.89,6016,1,1024,234.12,0,0
1761023146103,247.86,6016,1,256,189.87,1,0
1761023148482,237.62,6016,2,256,377.1,0,0
1761023150667,247.86,6016,1,64,183.71,1,0
1761023153089,237.62,6016,2,64,420.4,0,0
1761023155268,247.86,6016,1,128,177.95,1,0
1761023157707,237.62,6016,2,32,437.74,0,0
1761023159858,247.86,6016,1,512,148.36,1,0
1761023161983,237.62,6016,2,512,123.77,1,0
1761023164098,247.86,6016,1,128,113.16,1,0
1761023166354,237.62,6016,2,64,255.35,0,0
1761023168799,247.86,6016,1,256,443.31,0,0
1761023171162,237.62,6016,2,1024,360.29,0,0
1761023173287,247.86,6016,1,64,123.95,1,0
1761023175456,237.62,6016,2,32,167.21,1,0
1761023177624,247.86,6016,1,1024,165.61,1,0
1761023179840,237.62,6016,2,512,214.13,0,0
1761023182304,247.86,6016,1,128,462.61,0,0
1761023184714,237.62,6016,2,256,407.25,0,0
1761023186906,241.82,6016,1,512,189.44,1,0
1761023189349,247.86,6016,1,512,441.1,0,0
1761023191450,237.62,6016,2,512,98.36,1,0
1761023193621,247.86,6016,1,512,170.39,1,0
1761023195776,237.62,6016,2,32,153.47,1,0
1761023197883,247.86,6016,1,256,105.38,1,0
1761023200086,237.62,6016,2,32,201.37,0,0
1761023202153,247.86,6016,1,512,65.98,1,0
1761023204334,237.62,6016,2,1024,179.01,1,0
1761023206559,247.86,6016,1,32,223.87,0,0
1761023209009,237.62,6016,2,1024,445.0,0,0
1761023211412,247.86,6016,1,128,402.19,0,0
1761023213509,237.62,6016,2,32,95.12,1,0
1761023215673,247.86,6016,1,32,163.27,1,0
1761023217854,237.62,6016,2,128,179.22,1,0
1761023219979,247.86,6016,1,64,124.03,1,0
1761023222192,237.62,6016,2,1024,211.29,0,0
1761023224285,247.86,6016,1,32,91.81,1,0
1761023226514,237.62,6016,2,64,227.76,0,0
1761023228897,247.63,6016,1,128,380.39,0,0
1761023231064,247.82,6016,1,1024,164.51,1,0
1761023233187,237.62,6016,2,64,121.91,1,0
1761023235396,247.86,6016,1,64,208.51,0,0
1761023237483,237.62,6016,2,512,84.79,1,0
1761023239636,247.86,6016,1,256,151.79,1,0
1761023241886,237.62,6016,2,128,248.36,0,0
1761023244261,247.86,6016,1,128,373.03,0,0
1761023246454,237.62,6016,2,128,191.71,1,0
1761023248894,247.86,6016,1,512,437.35,0,0
1761023251512,237.62,6016,2,128,613.81,0,0
1761023253711,247.86,6016,1,256,197.21,1,0
1761023255970,237.62,6016,2,32,254.85,0,0
1761023258469,247.86,6016,1,256,497.11,0,0
1761023260777,237.62,6016,2,64,306.94,0,0
1761023262982,247.7,6016,1,256,203.59,0,0
1761023265123,237.62,6016,2,128,139.6,1,0
1761023267257,241.89,6016,1,256,133.0,1,0
1761023269394,247.86,6016,1,1024,133.61,1,0
1761023271583,237.62,6016,2,1024,183.62,1,0
1761023273678,247.86,6016,1,128,93.51,1,0
1761023275949,237.62,6016,2,1024,267.29,0,0
1761023278370,247.86,6016,1,512,419.69,0,0
1761023280513,237.62,6016,2,1024,139.43,1,0
1761023282662,247.86,6016,1,512,146.39,1,0
1761023284756,237.62,6016,2,512,92.59,1,0
1761023286897,247.86,6016,1,512,139.56,1,0
1761023289033,237.62,6016,2,64,135.19,1,0
1761023291236,247.86,6016,1,1024,200.85,0,0
1761023293333,237.62,6016,2,64,95.63,1,0
1761023295501,247.86,6016,1,64,166.16,1,0
1761023297620,237.62,6016,2,512,118.4,1,0
1761023299834,247.86,6016,1,128,212.68,0,0
1761023301920,237.62,6016,2,256,84.46,1,0
1761023304100,247.86,6016,1,512,178.04,1,0
1761023306280,237.62,6016,2,128,178.75,1,0
1761023308416,247.86,6016,1,512,133.79,1,0
1761023310572,237.62,6016,2,256,153.96,1,0
1761023312672,247.86,6016,1,256,99.34,1,0
1761023314874,237.62,6016,2,32,200.4,0,0
1761023316974,242.02,6016,1,256,98.19,1,0
1761023319183,247.86,6016,1,512,207.7,0,0
1761023321299,237.62,6016,2,32,114.14,1,0
1761023323414,247.86,6016,1,128,112.53,1,0
1761023325661,237.62,6016,2,64,245.69,0,0
1761023328025,247.86,6016,1,128,362.9,0,0
1761023330199,237.62,6016,2,32,172.52,1,0
1761023332316,247.86,6016,1,512,115.48,1,0
1761023334560,237.62,6016,2,1024,241.62,0,0
1761023336928,247.86,6016,1,512,366.81,0,0
1761023339081,237.43,6016,2,256,151.48,1,0
1761023341259,247.86,6016,1,32,176.93,1,0
1761023343385,237.62,6016,2,64,124.7,1,0
1761023345539,247.86,6016,1,512,153.43,1,0
1761023347854,237.62,6016,2,256,312.24,0,0
1761023350254,247.86,6016,1,1024,398.18,0,0
1761023352588,237.62,6016,2,64,333.01,0,0
1761023354742,247.86,6016,1,64,152.92,1,0
1761023356873,237.62,6016,2,64,128.96,1,0
1761023359068,247.86,6016,1,256,192.38,1,0
1761023361267,237.62,6016,2,128,197.79,1,0
1761023363325,247.86,6016,1,256,55.41,1,0
1761023365489,237.62,6016,2,1024,162.14,1,0
1761023367700,247.82,6016,1,512,209.16,0,0
1761023369775,247.82,6016,1,128,73.51,1,0
1761023371995,237.62,6016,2,512,218.54,0,0
1761023374242,247.86,6016,1,256,246.03,0,0
1761023376569,237.62,6016,2,32,325.27,0,0
1761023378694,247.86,6016,1,1024,123.4,1,0
1761023380835,237.62,6016,2,64,140.52,1,0
1761023383025,247.86,6016,1,128,187.7,1,0
1761023385156,237.62,6016,2,1024,130.03,1,0
1761023387323,247.86,6016,1,64,165.77,1,0
1761023389530,237.62,6016,2,512,204.46,0,0
1761023391929,247.86,6016,1,1024,395.96,0,0
1761023394048,237.62,6016,2,1024,116.78,1,0
1761023396274,247.86,6016,1,128,223.83,0,0
1761023398711,237.62,6016,2,32,435.15,0,0
1761023400839,247.86,6016,1,128,125.82,1,0
1761023402991,237.62,6016,2,128,148.48,1,0
1761023405144,247.86,6016,1,256,152.11,1,0
1761023407243,237.67,6016,1,256,97.74,1,0
1761023409379,237.62,6016,2,1024,133.8,1,0
1761023411617,247.86,6016,1,256,236.47,0,0
1761023414039,237.62,6016,2,64,419.69,0,0
1761023416136,247.86,6016,1,512,93.32,1,0
1761023418307,237.62,6016,2,32,169.1,1,0
1761023420446,247.86,6016,1,32,138.21,1,0
1761023422643,237.62,6016,2,128,195.21,1,0
1761023424725,247.86,6016,1,512,79.88,1,0
1761023426906,237.62,6016,2,512,180.2,1,0
1761023429017,247.86,6016,1,512,108.88,1,0
1761023431174,237.62,6016,2,256,156.0,1,0
1761023433443,247.86,6016,1,32,267.25,0,0
1761023435821,237.62,6016,2,128,376.18,0,0
1761023437946,247.86,6016,1,32,123.47,1,0
1761023440083,237.62,6016,2,128,135.46,1,0
1761023442304,247.86,6016,1,128,217.35,0,0
1761023444395,237.62,6016,2,1024,87.99,1,0
1761023446784,247.86,6016,1,512,386.17,0,0
1761023449071,237.62,6016,2,1024,285.43,0,0
1761023451225,247.86,6016,1,256,151.69,1,0
1761023453311,237.62,6016,2,128,85.21,1,0
1761023455458,242.02,6016,1,512,145.12,1,0
1761023457604,247.86,6016,1,256,143.2,1,0
1761023459724,237.62,6016,2,1024,116.39,1,0
1761023461864,247.86,6016,1,32,137.2,1,0
1761023464052,237.62,6016,2,64,185.42,1,0
1761023466161,247.86,6016,1,1024,106.05,1,0
1761023468388,237.62,6016,2,256,225.43,0,0
1761023470471,247.86,6016,1,32,81.5,1,0
1761023472701,237.62,6016,2,32,229.39,0,0
1761023475068,247.86,6016,1,128,364.82,0,0
1761023477203,237.62,6016,2,128,132.8,1,0
1761023479396,247.86,6016,1,256,192.18,1,0
1761023481519,237.62,6016,2,128,120.78,1,0
1761023483740,247.82,6016,1,512,218.53,0,0
1761023485967,237.62,6016,2,1024,224.32,0,0
1761023488348,247.86,6016,1,256,378.64,0,0
1761023490482,237.64,6016,1,64,130.89,1,0
1761023492651,237.62,6016,2,256,164.43,1,0
1761023494745,247.86,6016,1,512,92.48,1,0
1761023496884,237.62,6016,2,256,137.83,1,0
1761023499067,247.86,6016,1,128,181.27,1,0
1761023501218,237.62,6016,2,128,149.35,1,0
1761023503316,247.86,6016,1,1024,96.62,1,0
1761023505498,237.62,6016,2,128,181.13,1,0
1761023507633,247.86,6016,1,256,133.63,1,0
1761023509849,237.62,6016,2,1024,213.76,0,0
1761023512038,247.86,6016,1,256,186.55,1,0
1761023514355,237.62,6016,2,256,316.75,0,0
1761023516541,247.86,6016,1,64,184.37,1,0
1761023518711,237.62,6016,2,512,168.84,1,0
1761023520790,247.86,6016,1,1024,77.39,1,0
1761023522991,237.62,6016,2,128,199.3,1,0
1761023525091,247.86,6016,1,512,99.16,1,0
1761023527275,237.62,6016,2,1024,181.93,1,0
1761023529432,247.86,6016,1,64,156.35,1,0
1761023531679,237.62,6016,2,64,244.48,0,0
1761023534046,247.86,6016,1,32,365.88,0,0
1761023536182,237.62,6016,2,32,134.15,1,0
1761023538352,247.7,6016,1,1024,167.25,1,0
1761023540495,237.62,6016,2,64,142.35,1,0
1761023542679,242.02,6016,1,64,181.58,1,0
1761023544769,247.86,6016,1,128,89.13,1,0
1761023546927,237.62,6016,2,256,157.12,1,0
1761023549190,247.86,6016,1,32,261.64,0,0
1761023551554,237.62,6016,2,128,362.49,0,0
1761023553823,247.86,6016,1,128,268.43,0,0
1761023556217,237.62,6016,2,128,392.27,0,0
1761023558640,247.86,6016,1,1024,422.1,0,0
1761023560936,237.62,6016,2,512,293.47,0,0
1761023563261,247.86,6016,1,512,322.6,0,0
1761023565474,237.62,6016,2,1024,211.56,0,0
1761023567858,247.86,6016,1,32,382.99,0,0
1761023569935,237.62,6016,2,512,75.39,1,0
1761023572083,247.86,6016,1,128,147.18,1,0
1761023574355,237.62,6016,2,32,271.79,0,0
1761023576692,247.86,6016,1,1024,335.77,0,0
1761023578858,237.62,6016,2,512,164.15,1,0
1761023581022,247.86,6016,1,512,162.77,1,0
1761023583194,237.62,6016,2,32,170.63,1,0
1761023585280,247.86,6016,1,1024,84.4,1,0
1761023587574,237.62,6016,2,1024,291.93,0,0
1761023589908,247.86,6016,1,32,333.09,0,0
1761023592109,237.62,6016,2,1024,199.41,1,0
1761023594235,247.86,6016,1,512,124.37,1,0
1761023596374,237.62,6016,2,64,138.23,1,0
1761023598565,247.86,6016,1,256,190.49,1,0
1761023600953,237.62,6016,2,64,385.74,0,0
1761023603063,231.82,6016,1,128,109.33,1,0
1761023605272,247.86,6016,1,1024,208.02,0,0
1761023607366,237.62,6016,2,32,93.3,1,0
1761023609516,247.86,6016,1,256,149.46,1,0
1761023611753,237.62,6016,2,32,235.86,0,0
1761023613825,247.86,6016,1,1024,69.15,1,0
1761023616006,237.62,6016,2,512,179.99,1,0
1761023618122,247.86,6016,1,512,115.79,1,0
1761023620256,237.62,6016,2,256,133.55,1,0
1761023622417,247.86,6016,1,256,160.15,1,0
1761023624596,237.62,6016,2,64,177.19,1,0
1761023626909,247.86,6016,1,64,311.67,0,0
1761023629266,237.62,6016,2,512,355.86,0,0
1761023631706,247.86,6016,1,512,437.69,0,0
1761023633838,237.62,6016,2,256,129.94,1,0
1761023635948,247.86,6016,1,1024,108.63,1,0
1761023638080,237.62,6016,2,64,130.2,1,0
1761023640270,247.86,6016,1,32,188.91,1,0
1761023642392,237.62,6016,2,64,120.8,1,0
1761023644547,247.86,6016,1,1024,152.86,1,0
1761023646717,237.62,6016,2,256,168.99,1,0
1761023648842,247.86,6016,1,128,123.38,1,0
1761023651001,237.62,6016,2,1024,156.78,1,0
1761023653269,247.82,6016,1,512,264.52,0,0
1761023655620,247.82,6016,1,64,349.29,0,0
1761023657756,237.62,6016,2,512,134.94,1,0
1761023660024,247.86,6016,1,32,266.05,0,0
1761023662359,237.62,6016,2,1024,332.44,0,0
1761023664531,247.82,6016,1,32,170.26,1,0
1761023666667,237.62,6016,2,256,135.4,1,0
1761023668794,247.86,6016,1,32,126.16,1,0
1761023670977,237.62,6016,2,256,181.42,1,0
1761023673114,247.86,6016,1,1024,134.99,1,0
1761023675180,237.62,6016,2,256,64.59,1,0
1761023677428,247.86,6016,1,64,246.61,0,0
1761023679542,237.62,6016,2,1024,113.52,1,0
1761023681784,247.86,6016,1,128,240.03,0,0
1761023684168,237.62,6016,2,64,382.71,0,0
1761023686291,247.86,6016,1,256,121.57,1,0
1761023688491,237.62,6016,2,32,199.88,1,0
1761023690599,247.86,6016,1,1024,105.3,1,0
1761023692770,237.62,6016,2,256,170.2,1,0
1761023694902,247.86,6016,1,64,130.14,1,0
1761023697093,237.62,6016,2,32,189.58,1,0
1761023699379,247.86,6016,1,256,281.75,0,0
1761023701683,237.62,6016,2,256,301.59,0,0
1761023703908,247.7,6016,1,512,223.38,0,0
1761023706310,237.62,6016,2,512,400.38,0,0
1761023708483,242.02,6016,1,128,171.68,1,0
1761023710837,247.86,6016,1,256,351.69,0,0
1761023713059,237.62,6016,2,256,221.22,0,0
1761023715245,247.86,6016,1,64,185.28,1,0
1761023717581,237.62,6016,2,64,334.69,0,0
1761023719761,247.86,6016,1,128,179.45,1,0
1761023721983,237.62,6016,2,128,220.69,0,0
1761023724410,247.86,6016,1,64,425.09,0,0
1761023726553,237.62,6016,2,128,141.6,1,0
1761023728655,247.86,6016,1,64,101.29,1,0
1761023730881,237.62,6016,2,128,225.02,0,0
1761023732943,247.86,6016,1,32,61.17,1,0
1761023735188,237.62,6016,2,1024,242.91,0,0
1761023737295,247.86,6016,1,256,104.4,1,0
1761023739619,237.62,6016,2,512,322.16,0,0
1761023741935,247.86,6016,1,128,314.4,0,0
1761023744038,237.62,6016,2,256,101.68,1,0
1761023746151,247.86,6016,1,128,112.0,1,0
1761023748341,237.62,6016,2,256,188.03,1,0
1761023750473,247.86,6016,1,512,130.73,1,0
1761023752686,237.62,6016,2,256,212.07,0,0
1761023755055,247.86,6016,1,32,367.89,0,0
1761023757284,247.86,6016,1,128,227.93,0,0
1761023759675,237.62,6016,2,1024,388.83,0,0
1761023761825,247.86,6016,1,32,148.32,1,0
1761023764005,237.62,6016,2,1024,178.51,1,0
1761023766100,247.86,6016,1,1024,92.68,1,0
1761023768277,237.62,6016,2,128,176.11,1,0
1761023770402,247.86,6016,1,512,124.42,1,0
1761023772594,237.62,6016,2,64,191.01,1,0
1761023774738,247.86,6016,1,512,142.15,1,0
1761023776911,237.62,6016,2,64,171.7,1,0
1761023779061,247.86,6016,1,256,149.28,1,0
1761023781223,237.62,6016,2,32,160.79,1,0
1761023783350,247.86,6016,1,32,124.32,1,0
1761023785477,237.62,6016,2,256,126.03,1,0
1761023787644,247.86,6016,1,64,166.3,1,0
1761023789817,237.62,6016,2,1024,170.5,1,0
1761023791912,247.86,6016,1,64,93.48,1,0
1761023794060,237.62,6016,2,512,146.58,1,0
1761023796211,247.86,6016,1,32,148.81,1,0
1761023798355,237.62,6016,2,512,143.48,1,0
1761023800512,247.86,6016,1,128,155.19,1,0
1761023802702,237.62,6016,2,1024,188.47,1,0
1761023804879,242.02,6016,1,256,175.52,1,0
1761023806974,247.86,6016,1,32,91.01,1,0
1761023809192,237.62,6016,2,1024,215.79,0,0
1761023811549,247.86,6016,1,32,355.42,0,0
1761023813750,237.62,6016,2,32,200.33,0,0
1761023815835,247.86,6016,1,64,84.23,1,0
1761023818002,237.62,6016,2,64,165.79,1,0
1761023820172,247.86,6016,1,128,169.21,1,0
1761023822414,237.62,6016,2,256,239.8,0,0
1761023824863,247.86,6016,1,512,447.42,0,0
1761023827294,237.62,6016,2,1024,428.17,0,0
1761023829713,247.86,6016,1,64,418.38,0,0
1761023831832,237.62,6016,2,128,117.55,1,0
1761023834024,247.86,6016,1,1024,189.33,1,0
1761023836399,237.62,6016,2,1024,372.84,0,0
1761023838622,247.86,6016,1,256,221.63,0,0
1761023840731,237.62,6016,2,128,107.92,1,0
1761023842850,247.82,6016,1,512,117.86,1,0
1761023845001,237.62,6016,2,32,149.25,1,0
1761023847197,247.82,6016,1,512,194.67,1,0
1761023849302,246.08,6016,1,64,103.68,1,0
1761023851562,237.62,6016,2,32,258.47,0,0
1761023853982,247.86,6016,1,256,418.32,0,0
1761023856359,237.62,6016,2,256,374.36,0,0
1761023858506,247.86,6016,1,64,145.66,1,0
1761023860674,237.62,6016,2,512,167.19,1,0
1761023862857,247.86,6016,1,1024,181.15,1,0
1761023864988,237.62,6016,2,1024,128.45,1,0
1761023867298,247.86,6016,1,128,308.63,0,0
1761023869713,237.62,6016,2,32,413.2,0,0
1761023872120,247.86,6016,1,128,405.47,0,0
1761023874531,237.62,6016,2,1024,408.58,0,0
1761023876670,247.86,6016,1,512,137.51,1,0
1761023878842,237.62,6016,2,512,170.6,1,0
1761023881008,247.86,6016,1,512,163.76,1,0
1761023883070,237.62,6016,2,1024,60.46,1,0
1761023885216,247.86,6016,1,128,145.08,1,0
1761023887429,237.62,6016,2,256,212.37,0,0
1761023889531,247.86,6016,1,128,100.71,1,0
1761023891760,237.62,6016,2,1024,226.97,0,0
1761023893844,242.02,6016,1,256,82.35,1,0
1761023895983,247.86,6016,1,128,137.32,1,0
1761023898129,237.62,6016,2,128,145.54,1,0
1761023900389,247.86,6016,1,128,258.53,0,0
1761023902720,237.62,6016,2,256,329.37,0,0
1761023904871,247.86,6016,1,256,148.78,1,0
1761023907060,237.62,6016,2,128,188.53,1,0
1761023909217,247.86,6016,1,64,155.17,1,0
1761023911358,237.62,6016,2,512,139.88,1,0
1761023913588,247.86,6016,1,128,228.69,0,0
1761023916010,237.62,6016,2,512,419.6,0,0
1761023918077,247.86,6016,1,512,65.89,1,0
1761023920285,237.62,6016,2,128,205.91,0,0
1761023922517,247.86,6016,1,128,229.91,0,0
1761023924891,237.62,6016,2,256,373.16,0,0
1761023927006,247.86,6016,1,32,112.28,1,0
1761023929249,237.62,6016,2,256,241.52,0,0
1761023931682,247.86,6016,1,1024,428.51,0,0
1761023934111,237.62,6016,2,128,428.43,0,0
1761023936660,247.86,6016,1,64,547.55,0,0
1761023938957,247.86,6016,1,1024,293.67,0,0
1761023941092,237.62,6016,2,1024,133.45,1,0
1761023943290,247.86,6016,1,256,197.31,1,0
1761023945407,237.62,6016,2,64,114.74,1,0
1761023947578,247.86,6016,1,256,167.44,1,0
1761023949701,237.62,6016,2,512,121.19,1,0
1761023951900,247.86,6016,1,256,196.88,1,0
1761023954135,237.62,6016,2,128,233.11,0,0
1761023956445,247.82,6016,1,64,309.12,0,0
1761023958603,237.62,6016,2,256,157.0,1,0
1761023960748,247.86,6016,1,512,143.89,1,0
1761023962923,237.62,6016,2,512,174.56,1,0
1761023965088,247.86,6016,1,1024,163.78,1,0
1761023967239,237.62,6016,2,512,150.64,1,0
1761023969394,247.86,6016,1,512,152.56,1,0
1761023971507,237.62,6016,2,128,112.83,1,0
1761023973755,247.86,6016,1,64,246.89,0,0
1761023976223,237.62,6016,2,128,466.67,0,0
1761023978594,247.7,6016,1,64,369.12,0,0
1761023980744,237.62,6016,2,256,148.55,1,0
1761023982951,242.02,6016,1,1024,205.42,0,0
1761023985205,247.86,6016,1,1024,251.11,0,0
1761023987489,237.62,6016,2,256,281.8,0,0
1761023989658,247.86,6016,1,1024,165.48,1,0
1761023991840,237.62,6016,2,512,180.34,1,0
1761023994229,247.86,6016,1,256,387.56,0,0
1761023996360,237.62,6016,2,64,129.79,1,0
1761023998533,247.86,6016,1,128,171.69,1,0
1761024000794,237.62,6016,2,256,259.57,0,0
1761024003158,247.86,6016,1,256,362.22,0,0
1761024005410,237.62,6016,2,512,249.3,0,0
1761024007713,247.86,6016,1,64,301.11,0,0
1761024009954,237.62,6016,2,256,239.68,0,0
1761024012343,247.86,6016,1,1024,385.62,0,0
1761024014497,237.62,6016,2,32,153.16,1,0
1761024016634,247.86,6016,1,32,136.52,1,0
1761024018775,237.62,6016,2,512,139.75,1,0
1761024020945,241.89,6016,1,32,167.99,1,0
1761024023086,247.86,6016,1,128,140.38,1,0
1761024025280,237.62,6016,2,128,192.39,1,0
1761024027349,247.86,6016,1,512,67.46,1,0
1761024029513,237.62,6016,2,32,163.29,1,0
1761024031654,247.86,6016,1,1024,139.11,1,0
1761024033831,237.62,6016,2,1024,174.57,1,0
1761024035985,247.86,6016,1,128,152.55,1,0
1761024038179,237.62,6016,2,1024,191.5,1,0
1761024040384,247.86,6016,1,32,203.5,0,0
1761024042755,237.62,6016,2,64,369.3,0,0
1761024044898,247.86,6016,1,64,141.95,1,0
1761024047122,237.62,6016,2,64,222.71,0,0
1761024049548,247.86,6016,1,1024,423.44,0,0
1761024051623,237.62,6016,2,512,73.43,1,0
1761024053781,247.86,6016,1,32,157.05,1,0
1761024055923,237.62,6016,2,128,140.22,1,0
1761024058091,247.86,6016,1,64,166.69,1,0
1761024060250,237.62,6016,2,512,157.24,1,0
1761024062359,247.86,6016,1,32,108.88,1,0
1761024064577,237.62,6016,2,64,217.27,0,0
1761024066746,247.86,6016,1,1024,167.3,1,0
1761024068812,247.86,6016,1,64,64.85,1,0
1761024071011,237.62,6016,2,32,194.79,1,0
1761024073107,247.86,6016,1,512,94.64,1,0
1761024075249,237.62,6016,2,64,141.62,1,0
1761024077397,247.86,6016,1,1024,145.01,1,0
1761024079571,237.62,6016,2,1024,172.58,1,0
1761024081688,247.86,6016,1,1024,115.37,1,0
1761024083889,237.62,6016,2,64,199.3,1,0
1761024085986,247.86,6016,1,256,95.29,1,0
1761024088177,237.62,6016,2,1024,189.05,1,0
1761024090337,247.86,6016,1,128,159.29,1,0
1761024092440,237.62,6016,2,64,101.17,1,0
1761024094668,247.86,6016,1,1024,225.73,0,0
1761024096759,237.62,6016,2,512,88.81,1,0
1761024098990,247.86,6016,1,128,229.89,0,0
1761024101416,237.62,6016,2,1024,423.61,0,0
1761024103576,247.86,6016,1,128,157.29,1,0
1761024105810,237.62,6016,2,32,231.63,0,0
1761024108161,247.86,6016,1,128,350.02,0,0
1761024110272,237.62,6016,2,1024,108.85,1,0
1761024112463,247.82,6016,1,64,189.92,1,0
1761024114547,247.82,6016,1,1024,81.77,1,0
1761024116746,237.62,6016,2,64,197.2,1,0
1761024118879,247.86,6016,1,64,132.0,1,0
1761024121036,237.62,6016,2,64,156.83,1,0
1761024123212,247.86,6016,1,256,175.37,1,0
1761024125337,237.62,6016,2,128,123.27,1,0
1761024127444,247.86,6016,1,64,106.61,1,0
1761024129631,237.62,6016,2,256,185.8,1,0
1761024131721,247.86,6016,1,1024,87.57,1,0
1761024133871,237.62,6016,2,1024,148.19,1,0
1761024136155,247.86,6016,1,256,282.52,0,0
1761024138532,237.62,6016,2,512,374.53,0,0
1761024140658,247.86,6016,1,32,124.69,1,0
1761024142825,237.62,6016,2,1024,164.53,1,0
1761024144952,247.86,6016,1,512,125.79,1,0
1761024147086,237.62,6016,2,1024,128.43,1,0
1761024149285,242.02,6016,1,512,197.0,1,0
1761024151435,247.86,6016,1,512,149.09,1,0
1761024153554,237.62,6016,2,64,117.9,1,0
1761024155710,247.86,6016,1,32,154.35,1,0
1761024157897,237.62,6016,2,1024,184.3,1,0
1761024160068,247.86,6016,1,64,170.14,1,0
1761024162194,237.62,6016,2,64,124.48,1,0
1761024164312,247.86,6016,1,512,115.59,1,0
1761024166432,237.62,6016,2,64,118.27,1,0
1761024168587,247.86,6016,1,64,154.14,1,0
1761024170804,237.62,6016,2,128,215.52,0,0
1761024172949,247.86,6016,1,1024,142.96,1,0
1761024175081,237.62,6016,2,256,130.72,1,0
1761024177159,247.86,6016,1,32,77.33,1,0
1761024179415,237.62,6016,2,64,253.87,0,0
1761024181807,247.86,6016,1,32,391.04,0,0
1761024184024,237.62,6016,2,512,215.65,0,0
1761024186391,247.86,6016,1,64,366.02,0,0
1761024188556,237.62,6016,2,1024,163.34,1,0
1761024190678,247.86,6016,1,128,120.48,1,0
1761024193020,237.62,6016,2,128,341.39,0,0
1761024195313,247.82,6016,1,64,292.14,0,0
1761024197554,237.62,6016,2,64,240.23,0,0
1761024199893,247.63,6016,1,1024,337.86,0,0
1761024202226,247.86,6016,1,32,332.08,0,0
1761024204539,237.62,6016,2,512,311.04,0,0
1761024206687,247.86,6016,1,128,147.02,1,0
1761024208816,237.62,6016,2,64,128.22,1,0
1761024211113,247.86,6016,1,1024,295.6,0,0
1761024213384,237.62,6016,2,512,268.83,0,0
1761024215638,247.86,6016,1,32,252.19,0,0
1761024218010,237.62,6016,2,512,370.02,0,0
1761024220271,247.86,6016,1,512,259.86,0,0
1761024222644,237.62,6016,2,1024,370.39,0,0
1761024224845,247.86,6016,1,256,198.96,1,0
1761024227365,237.62,6016,2,128,519.13,0,0
1761024229817,247.86,6016,1,512,449.68,0,0
1761024232278,247.86,6016,1,512,459.09,0,0
1761024234751,237.62,6016,2,64,470.66,0,0
1761024237088,247.86,6016,1,512,336.46,0,0
1761024239463,237.62,6016,2,128,374.24,0,0
1761024241691,247.86,6016,1,512,225.28,0,0
1761024243908,237.62,6016,2,512,215.41,0,0
1761024246303,247.86,6016,1,1024,391.79,0,0
1761024248495,237.62,6016,2,128,190.87,1,0
1761024250889,247.86,6016,1,1024,391.59,0,0
1761024253125,237.62,6016,2,512,233.72,0,0
1761024255467,247.86,6016,1,32,340.65,0,0
1761024257626,237.62,6016,2,1024,157.09,1,0
1761024259773,247.86,6016,1,32,146.17,1,0
1761024261931,237.62,6016,2,64,156.65,1,0
1761024264082,242.02,6016,1,128,149.54,1,0
1761024266258,247.86,6016,1,128,174.19,1,0
1761024268384,237.62,6016,2,1024,121.49,1,0
1761024270630,247.86,6016,1,32,244.56,0,0
1761024272813,237.62,6016,2,512,180.81,1,0
1761024275137,247.86,6016,1,32,322.48,0,0
1761024277324,237.62,6016,2,32,186.61,1,0
1761024279447,247.86,6016,1,32,121.69,1,0
1761024281555,237.62,6016,2,64,106.35,1,0
1761024283728,247.82,6016,1,256,171.26,1,0
1761024285860,237.62,6016,2,64,131.15,1,0
1761024288100,247.86,6016,1,512,238.51,0,0
1761024290460,237.62,6016,2,1024,357.56,0,0
1761024292687,247.86,6016,1,128,225.78,0,0
1761024294809,237.62,6016,2,128,120.67,1,0
1761024296904,247.86,6016,1,64,93.62,1,0
1761024299072,237.62,6016,2,1024,166.27,1,0
1761024301206,247.86,6016,1,1024,131.21,1,0
1761024303381,237.62,6016,2,1024,172.58,1,0
1761024305580,247.82,6016,1,64,197.37,1,0
1761024307692,237.64,6016,1,64,109.98,1,0
1761024309828,237.62,6016,2,64,134.78,1,0
1761024312019,247.86,6016,1,1024,189.01,1,0
1761024314105,237.62,6016,2,32,85.64,1,0
1761024316280,247.86,6016,1,1024,172.84,1,0
1761024318398,237.62,6016,2,64,116.54,1,0
1761024320544,247.86,6016,1,64,145.53,1,0
1761024322708,237.62,6016,2,256,161.73,1,0
1761024324852,247.86,6016,1,128,143.06,1,0
1761024327008,237.62,6016,2,64,155.04,1,0
1761024329285,247.86,6016,1,128,275.68,0,0
1761024331630,237.62,6016,2,64,344.36,0,0
1761024333764,242.02,6016,1,512,132.66,1,0
1761024335965,247.86,6016,1,1024,199.12,1,0
1761024338078,237.62,6016,2,128,111.68,1,0
1761024340196,247.86,6016,1,256,117.39,1,0
1761024342331,237.62,6016,2,1024,133.39,1,0
1761024344503,247.86,6016,1,512,170.11,1,0
1761024346742,237.62,6016,2,128,237.93,0,0
1761024349109,247.86,6016,1,32,366.78,0,0
1761024351270,237.62,6016,2,128,158.9,1,0
1761024353443,247.86,6016,1,1024,171.98,1,0
1761024355652,237.62,6016,2,256,207.37,0,0
1761024358089,247.86,6016,1,64,435.06,0,0
1761024360625,237.62,6016,2,512,534.53,0,0
1761024362938,247.86,6016,1,512,310.58,0,0
1761024365141,237.62,6016,2,64,200.97,0,0
1761024367509,247.86,6016,1,32,366.66,0,0
1761024369700,237.62,6016,2,64,190.02,1,0
1761024371809,247.86,6016,1,256,107.12,1,0
1761024373960,237.62,6016,2,128,150.05,1,0
1761024376110,247.63,6016,1,256,148.43,1,0
1761024378354,247.86,6016,1,512,241.89,0,0
1761024380695,237.62,6016,2,32,339.93,0,0
1761024382916,247.86,6016,1,128,219.61,0,0
1761024385108,237.62,6016,2,64,191.47,1,0
1761024387479,247.86,6016,1,32,369.74,0,0
1761024389633,237.62,6016,2,64,152.19,1,0
1761024391824,247.86,6016,1,32,190.96,1,0
1761024393967,237.62,6016,2,256,141.26,1,0
1761024396056,247.86,6016,1,512,88.31,1,0
1761024398301,237.62,6016,2,512,243.32,0,0
1761024400504,247.86,6016,1,32,201.25,0,0
1761024402827,237.62,6016,2,1024,321.9,0,0
1761024405025,247.86,6016,1,1024,196.07,1,0
1761024407165,237.62,6016,2,64,138.62,1,0
1761024409341,247.86,6016,1,32,174.62,1,0
1761024411441,237.62,6016,2,64,99.29,1,0
1761024413604,247.86,6016,1,32,161.6,1,0
1761024415746,237.62,6016,2,512,139.76,1,0
1761024417964,247.86,6016,1,32,217.37,0,0
1761024420456,237.62,6016,2,1024,490.2,0,0
1761024422775,247.86,6016,1,1024,316.02,0,0
1761024425046,237.62,6016,2,1024,269.22,0,0
1761024427383,247.82,6016,1,1024,334.96,0,0
1761024429558,247.86,6016,1,1024,173.73,1,0
1761024431776,237.62,6016,2,256,215.37,0,0
1761024434230,247.86,6016,1,256,451.57,0,0
1761024436582,237.62,6016,2,512,349.98,0,0
1761024438734,247.82,6016,1,1024,149.73,1,0
1761024440907,237.62,6016,2,32,171.57,1,0
1761024443034,247.86,6016,1,1024,124.99,1,0
1761024445243,237.62,6016,2,128,208.23,0,0
1761024447522,247.86,6016,1,32,277.54,0,0
1761024449970,237.62,6016,2,512,446.0,0,0
1761024452227,247.86,6016,1,64,256.25,0,0
1761024454421,237.62,6016,2,64,192.64,1,0
1761024456569,247.86,6016,1,512,147.65,1,0
1761024458836,237.62,6016,2,32,266.18,0,0
1761024461139,247.86,6016,1,1024,299.9,0,0
1761024463326,237.62,6016,2,128,185.97,1,0
1761024465466,247.86,6016,1,512,137.75,1,0
1761024467650,237.62,6016,2,32,182.49,1,0
1761024469819,247.86,6016,1,512,167.3,1,0
1761024471925,237.62,6016,2,64,105.38,1,0
1761024474059,247.86,6016,1,64,132.71,1,0
1761024476207,237.62,6016,2,32,147.46,1,0
1761024478356,247.86,6016,1,1024,147.59,1,0
1761024480489,237.62,6016,2,128,131.83,1,0
1761024482613,241.89,6016,1,32,123.32,1,0
1761024484766,247.86,6016,1,256,151.69,1,0
1761024486950,237.62,6016,2,512,181.71,1,0
1761024489082,247.86,6016,1,1024,130.22,1,0
1761024491215,237.62,6016,2,512,131.15,1,0
1761024493412,247.86,6016,1,32,195.56,1,0
1761024495531,237.62,6016,2,128,117.67,1,0
1761024497667,247.86,6016,1,128,135.13,1,0
1761024499848,237.62,6016,2,512,179.23,1,0
1761024501984,247.86,6016,1,512,134.99,1,0
1761024504128,237.62,6016,2,128,142.69,1,0
1761024506266,247.86,6016,1,128,136.67,1,0
1761024508476,237.62,6016,2,128,208.56,0,0
1761024510598,247.86,6016,1,64,121.35,1,0
1761024512724,237.62,6016,2,32,124.42,1,0
1761024514870,247.86,6016,1,512,144.01,1,0
1761024517041,237.62,6016,2,32,170.39,1,0
1761024519187,247.86,6016,1,256,144.04,1,0
1761024521434,237.62,6016,2,64,246.07,0,0
1761024523843,247.86,6016,1,256,407.83,0,0
1761024526023,237.62,6016,2,64,179.31,1,0
1761024528409,247.86,6016,1,64,384.31,0,0
1761024530645,237.62,6016,2,256,234.25,0,0
1761024533012,247.63,6016,1,128,365.43,0,0
1761024535197,247.86,6016,1,128,184.22,1,0
1761024537310,237.62,6016,2,32,111.42,1,0
1761024539473,247.86,6016,1,256,161.23,1,0
1761024541583,237.62,6016,2,128,108.71,1,0
1761024543749,247.86,6016,1,64,165.46,1,0
1761024545871,237.62,6016,2,128,121.31,1,0
1761024548039,247.86,6016,1,256,166.12,1,0
1761024550235,237.62,6016,2,1024,193.88,1,0
1761024552322,247.86,6016,1,32,86.03,1,0
1761024554491,237.62,6016,2,512,167.22,1,0
1761024556671,247.86,6016,1,1024,179.14,1,0
1761024558845,237.62,6016,2,128,172.55,1,0
1761024560923,247.86,6016,1,32,76.81,1,0
1761024563079,237.62,6016,2,512,154.56,1,0
1761024565211,247.86,6016,1,512,131.03,1,0
1761024567361,237.62,6016,2,256,148.49,1,0
1761024569600,247.86,6016,1,1024,237.65,0,0
1761024572000,237.62,6016,2,1024,398.41,0,0
1761024574193,247.86,6016,1,1024,191.94,1,0
1761024576312,247.86,6016,1,64,117.87,1,0
1761024578439,237.62,6016,2,1024,124.67,1,0
1761024580558,247.86,6016,1,32,117.68,1,0
1761024582757,237.62,6016,2,32,197.98,1,0
1761024584906,247.86,6016,1,1024,147.17,1,0
1761024587031,237.62,6016,2,1024,123.21,1,0
1761024589173,247.86,6016,1,256,141.11,1,0
1761024591451,237.62,6016,2,128,276.34,0,0
1761024593836,247.86,6016,1,32,382.81,0,0
1761024596007,237.62,6016,2,512,169.03,1,0
1761024598073,247.86,6016,1,1024,64.0,1,0
1761024600353,237.62,6016,2,512,278.88,0,0
1761024602500,247.86,6016,1,1024,144.24,1,0
1761024604833,237.62,6016,2,256,331.89,0,0
1761024606965,247.86,6016,1,64,130.53,1,0
1761024609118,237.62,6016,2,128,150.99,1,0
1761024611276,247.82,6016,1,512,156.79,1,0
1761024613433,237.62,6016,2,32,155.49,1,0
1761024615559,247.86,6016,1,256,124.48,1,0
1761024617701,237.62,6016,2,32,140.88,1,0
1761024619912,247.86,6016,1,1024,208.55,0,0
1761024622014,237.62,6016,2,256,101.11,1,0
1761024624167,247.82,6016,1,32,151.86,1,0
1761024626377,247.51,6016,1,128,208.54,0,0
1761024628463,237.62,6016,2,32,85.1,1,0
1761024630621,247.86,6016,1,256,156.19,1,0
1761024632791,237.62,6016,2,256,168.11,1,0
1761024635042,247.86,6016,1,1024,249.17,0,0
1761024637381,237.62,6016,2,512,338.11,0,0
1761024639612,247.86,6016,1,32,229.28,0,0
1761024642055,237.62,6016,2,512,441.35,0,0
1761024644106,247.86,6016,1,256,50.38,1,0
1761024646282,237.62,6016,2,32,175.08,1,0
1761024648553,247.86,6016,1,64,269.97,0,0
1761024650866,237.62,6016,2,1024,310.49,0,0
1761024653051,247.86,6016,1,512,183.5,1,0
1761024655215,237.62,6016,2,128,162.93,1,0
1761024657375,247.86,6016,1,128,159.05,1,0
1761024659494,237.62,6016,2,64,118.1,1,0
1761024661632,242.02,6016,1,32,136.8,1,0
1761024663785,247.86,6016,1,32,151.98,1,0
1761024665909,237.62,6016,2,128,122.93,1,0
1761024668117,247.86,6016,1,256,206.83,0,0
1761024670224,237.62,6016,2,64,106.05,1,0
1761024672366,247.86,6016,1,1024,139.2,1,0
1761024674568,237.62,6016,2,128,200.58,0,0
1761024676692,247.86,6016,1,32,123.06,1,0
1761024678874,237.62,6016,2,512,179.92,1,0
1761024680978,247.86,6016,1,512,101.92,1,0
1761024683141,237.62,6016,2,128,161.69,1,0
1761024685325,247.86,6016,1,256,183.5,1,0
1761024687419,237.62,6016,2,1024,90.6,1,0
1761024689616,247.86,6016,1,128,196.41,1,0
1761024691736,237.62,6016,2,512,117.67,1,0
1761024693912,242.02,6016,1,1024,173.57,1,0
1761024696163,247.86,6016,1,512,248.8,0,0
1761024698495,237.62,6016,2,512,326.55,0,0
1761024700621,247.86,6016,1,512,123.65,1,0
1761024702803,237.62,6016,2,512,179.4,1,0
1761024704924,247.86,6016,1,256,120.03,1,0
1761024707163,237.62,6016,2,32,236.79,0,0
1761024709572,247.86,6016,1,1024,406.9,0,0
1761024712012,237.62,6016,2,32,437.99,0,0
1761024714111,247.86,6016,1,128,98.19,1,0
1761024716382,237.62,6016,2,512,269.02,0,0
1761024718739,247.86,6016,1,32,355.29,0,0
1761024720915,237.62,6016,2,1024,174.13,1,0
1761024723038,247.86,6016,1,128,120.23,1,0
1761024725237,237.62,6016,2,64,198.97,1,0
1761024727660,247.86,6016,1,128,421.22,0,0
1761024729793,237.62,6016,2,512,131.53,1,0
1761024732092,247.86,6016,1,512,296.38,0,0
1761024734351,237.62,6016,2,128,257.24,0,0
1761024736610,247.63,6016,1,64,258.26,0,0
1761024739036,247.86,6016,1,256,424.64,0,0
1761024741167,237.62,6016,2,256,129.09,1,0
1761024743285,247.86,6016,1,512,117.7,1,0
1761024745435,237.62,6016,2,32,148.61,1,0
1761024747573,247.86,6016,1,128,137.33,1,0
1761024749790,237.62,6016,2,512,216.17,0,0
1761024751859,247.86,6016,1,64,67.89,1,0
1761024754028,237.62,6016,2,1024,166.19,1,0
1761024756191,247.86,6016,1,1024,161.88,1,0
1761024758394,237.62,6016,2,32,201.89,0,0
1761024760503,247.86,6016,1,64,107.87,1,0
1761024762641,237.62,6016,2,128,137.09,1,0
1761024764833,247.86,6016,1,32,191.17,1,0
1761024766969,237.62,6016,2,64,136.2,1,0
1761024769186,247.86,6016,1,128,215.6,0,0
1761024771543,237.62,6016,2,32,355.96,0,0
1761024773764,247.82,6016,1,32,219.79,0,0
1761024775861,237.62,6016,2,64,95.46,1,0
1761024777959,247.86,6016,1,1024,97.08,1,0
1761024780157,237.62,6016,2,1024,194.95,1,0
1761024782265,247.86,6016,1,512,106.86,1,0
1761024784442,237.62,6016,2,64,174.93,1,0
1761024786612,247.82,6016,1,32,168.3,1,0
1761024788722,237.64,6016,1,256,108.97,1,0
1761024790948,237.62,6016,2,32,225.02,0,0
1761024793322,247.86,6016,1,128,371.49,0,0
1761024795474,237.62,6016,2,512,151.22,1,0
1761024797710,247.86,6016,1,512,234.18,0,0
1761024800152,237.62,6016,2,512,440.03,0,0
1761024802239,247.86,6016,1,256,85.47,1,0
1761024804383,237.62,6016,2,64,143.41,1,0
1761024806540,247.86,6016,1,64,155.46,1,0
1761024808700,237.62,6016,2,1024,157.38,1,0
1761024810827,247.86,6016,1,32,126.12,1,0
1761024812982,237.62,6016,2,64,154.29,1,0
1761024815098,247.86,6016,1,32,113.7,1,0
1761024817317,237.62,6016,2,128,218.1,0,0
1761024819440,247.86,6016,1,128,120.82,1,0
1761024821575,237.62,6016,2,1024,133.31,1,0
1761024823697,242.02,6016,1,256,120.52,1,0
1761024825909,247.86,6016,1,512,210.32,0,0
1761024828003,237.62,6016,2,32,93.32,1,0
1761024830147,247.86,6016,1,256,142.41,1,0
1761024832345,237.62,6016,2,32,196.38,1,0
1761024834447,247.86,6016,1,32,100.61,1,0
1761024836671,237.62,6016,2,32,222.4,0,0
1761024838931,247.86,6016,1,1024,257.68,0,0
1761024841407,237.62,6016,2,32,474.47,0,0
1761024843799,247.86,6016,1,256,389.36,0,0
1761024846121,237.62,6016,2,512,320.54,0,0
1761024848256,247.86,6016,1,256,133.33,1,0
1761024850425,237.62,6016,2,32,168.14,1,0
1761024852782,247.86,6016,1,512,355.0,0,0
1761024855052,237.62,6016,2,128,268.28,0,0
1761024857166,247.86,6016,1,1024,112.27,1,0
1761024859420,237.62,6016,2,256,253.39,0,0
1761024861811,247.86,6016,1,128,389.0,0,0
1761024863936,237.62,6016,2,256,123.14,1,0
1761024866130,247.82,6016,1,256,192.22,1,0
1761024868278,247.86,6016,1,32,146.75,1,0
1761024870391,237.62,6016,2,1024,111.05,1,0
1761024872597,247.86,6016,1,32,203.86,0,0
1761024874964,237.62,6016,2,32,365.74,0,0
1761024877149,247.86,6016,1,1024,182.55,1,0
1761024879288,237.62,6016,2,32,137.56,1,0
1761024881431,247.86,6016,1,64,141.61,1,0
1761024883666,237.62,6016,2,64,233.42,0,0
1761024886161,247.82,6016,1,64,494.19,0,0
1761024888519,237.62,6016,2,256,355.87,0,0
1761024890657,247.86,6016,1,256,136.39,1,0
1761024892812,237.62,6016,2,1024,152.34,1,0
1761024894951,247.86,6016,1,128,137.89,1,0
1761024897107,247.86,6016,1,1024,153.29,1,0
1761024899289,237.62,6016,2,32,180.84,1,0
1761024901417,247.86,6016,1,32,127.16,1,0
1761024903555,237.62,6016,2,32,136.67,1,0
1761024905675,247.86,6016,1,128,119.01,1,0
1761024907857,237.62,6016,2,256,181.25,1,0
1761024910047,247.86,6016,1,64,189.36,1,0
1761024912129,237.62,6016,2,1024,78.01,1,0
1761024914402,247.86,6016,1,64,271.94,0,0
1761024916804,237.62,6016,2,256,401.99,0,0
1761024919163,247.86,6016,1,256,357.44,0,0
1761024921505,237.62,6016,2,128,340.59,0,0
1761024923885,247.86,6016,1,128,378.86,0,0
1761024926315,237.62,6016,2,32,429.46,0,0
1761024928617,247.86,6016,1,64,299.4,0,0
1761024930844,247.86,6016,1,64,226.32,0,0
1761024932975,237.62,6016,2,256,128.87,1,0
1761024935149,247.86,6016,1,512,173.65,1,0
1761024937297,237.62,6016,2,512,146.82,1,0
1761024939588,247.86,6016,1,256,289.31,0,0
1761024941932,237.62,6016,2,512,342.0,0,0
1761024944065,247.86,6016,1,32,131.75,1,0
1761024946222,237.62,6016,2,128,156.06,1,0
1761024948433,247.86,6016,1,256,208.3,0,0
1761024950521,237.62,6016,2,128,87.26,1,0
1761024952645,247.86,6016,1,32,121.18,1,0
1761024954817,237.62,6016,2,1024,169.15,1,0
1761024956942,247.86,6016,1,256,123.88,1,0
1761024959221,237.62,6016,2,256,278.3,0,0
1761024961658,247.86,6016,1,32,434.96,0,0
1761024964050,237.62,6016,2,512,390.23,0,0
1761024966252,247.86,6016,1,256,200.28,0,0
1761024968666,237.62,6016,2,64,412.8,0,0
1761024970806,247.86,6016,1,256,138.62,1,0
1761024973066,237.62,6016,2,256,258.11,0,0
1761024975384,247.86,6016,1,1024,316.11,0,0
1761024977617,237.62,6016,2,512,231.25,0,0
1761024979958,242.02,6016,1,64,339.57,0,0
1761024982127,247.86,6016,1,32,168.13,1,0
1761024984315,237.62,6016,2,1024,185.16,1,0
1761024986451,247.86,6016,1,256,135.44,1,0
1761024988634,237.62,6016,2,32,181.44,1,0
1761024990778,247.86,6016,1,256,141.54,1,0
1761024992863,237.62,6016,2,32,83.6,1,0
1761024995058,247.86,6016,1,1024,194.1,1,0
1761024997243,237.62,6016,2,512,182.63,1,0
1761024999326,247.86,6016,1,1024,81.38,1,0
1761025001592,237.62,6016,2,64,264.77,0,0
1761025003957,247.86,6016,1,64,363.35,0,0
1761025006097,237.62,6016,2,256,138.29,1,0
1761025008224,247.86,6016,1,32,124.53,1,0
1761025010409,237.62,6016,2,32,183.49,1,0
1761025012572,247.86,6016,1,256,161.84,1,0
1761025014689,237.62,6016,2,1024,115.11,1,0
1761025016853,247.82,6016,1,1024,162.71,1,0
1761025019029,237.62,6016,2,128,174.41,1,0
1761025021142,247.86,6016,1,512,111.49,1,0
1761025023308,237.62,6016,2,64,164.68,1,0
1761025025439,247.86,6016,1,32,129.64,1,0
1761025027572,237.62,6016,2,64,132.18,1,0
1761025029687,247.86,6016,1,128,114.2,1,0
1761025031904,237.64,6016,1,64,215.91,0,0
1761025034027,237.62,6016,2,256,116.31,1,0
1761025036251,247.86,6016,1,64,223.43,0,0
1761025038624,237.62,6016,2,256,372.08,0,0
1761025041051,247.86,6016,1,1024,424.99,0,0
1761025043301,237.62,6016,2,32,248.08,0,0
1761025045670,247.86,6016,1,1024,366.46,0,0
1761025047789,237.62,6016,2,256,117.62,1,0
1761025049949,247.86,6016,1,32,158.95,1,0
1761025052145,237.62,6016,2,512,194.41,1,0
1761025054467,247.86,6016,1,256,321.16,0,0
1761025056750,237.62,6016,2,64,281.85,0,0
1761025058897,247.86,6016,1,256,145.89,1,0
1761025061038,237.62,6016,2,32,139.83,1,0
1761025063262,247.86,6016,1,1024,218.7,0,0
1761025065672,237.62,6016,2,64,408.31,0,0
1761025067784,242.02,6016,1,512,110.11,1,0
1761025069938,247.86,6016,1,32,151.87,1,0
1761025072088,237.62,6016,2,512,147.98,1,0
1761025074247,247.86,6016,1,64,158.31,1,0
1761025076386,237.62,6016,2,1024,136.42,1,0
1761025078657,247.86,6016,1,512,269.64,0,0
1761025081310,237.62,6016,2,128,651.47,0,0
1761025083426,247.86,6016,1,128,114.23,1,0
1761025085616,237.62,6016,2,256,189.58,1,0
1761025087740,247.86,6016,1,128,122.71,1,0
1761025089912,237.62,6016,2,128,170.36,1,0
1761025092115,247.86,6016,1,64,201.62,0,0
1761025094191,237.62,6016,2,128,74.55,1,0
1761025096421,247.86,6016,1,128,229.01,0,0
1761025098764,237.62,6016,2,1024,341.01,0,0
1761025101027,247.86,6016,1,512,260.92,0,0
1761025103512,237.62,6016,2,512,482.57,0,0
1761025105931,247.86,6016,1,512,417.09,0,0
1761025108370,237.62,6016,2,32,437.9,0,0
1761025110754,247.86,6016,1,1024,382.08,0,0
1761025112909,237.62,6016,2,1024,152.49,1,0
1761025115068,247.86,6016,1,32,157.92,1,0
1761025117211,237.62,6016,2,1024,140.14,1,0
1761025119358,247.82,6016,1,64,146.2,1,0
1761025121534,247.86,6016,1,64,174.85,1,0
1761025123725,237.62,6016,2,256,189.97,1,0
1761025125804,247.86,6016,1,512,76.92,1,0
1761025128033,237.62,6016,2,256,228.34,0,0
1761025130431,247.86,6016,1,128,396.73,0,0
1761025132632,237.62,6016,2,512,199.0,1,0
1761025134741,247.86,6016,1,64,107.0,1,0
1761025136853,237.62,6016,2,64,111.61,1,0
1761025139006,247.86,6016,1,1024,150.55,1,0
1761025141230,237.62,6016,2,512,222.27,0,0
1761025143361,247.86,6016,1,1024,128.35,1,0
1761025145476,237.62,6016,2,1024,113.12,1,0
1761025147642,242.02,6016,1,256,162.33,1,0
1761025149770,247.86,6016,1,128,127.4,1,0
1761025151911,237.62,6016,2,1024,139.24,1,0
1761025154068,248.06,6016,1,128,155.86,1,0
1761025156199,237.62,6016,2,128,130.56,1,0
1761025158375,248.06,6016,1,1024,174.43,1,0
1761025160551,237.62,6016,2,1024,172.53,1,0
1761025162721,248.03,6016,1,64,169.21,1,0
1761025165085,237.62,6016,2,64,362.04,0,0
1761025167319,248.06,6016,1,128,232.93,0,0
1761025169419,237.62,6016,2,256,98.63,1,0
1761025171574,248.03,6016,1,128,154.31,1,0
1761025173714,237.62,6016,2,64,138.03,1,0
1761025175874,248.06,6016,1,64,159.7,1,0
1761025178037,237.62,6016,2,1024,160.16,1,0
1761025180167,248.06,6016,1,128,129.65,1,0
1761025182294,237.62,6016,2,256,125.2,1,0
1761025184488,248.06,6016,1,512,192.86,1,0
1761025186776,237.62,6016,2,256,285.77,0,0
1761025189037,241.89,6016,1,512,258.49,0,0
1761025191300,248.06,6016,1,32,262.21,0,0
1761025193516,237.62,6016,2,32,214.52,0,0
1761025195830,248.06,6016,1,256,312.45,0,0
1761025197920,237.62,6016,2,128,88.37,1,0
1761025200079,248.06,6016,1,32,157.87,1,0
1761025202243,237.62,6016,2,512,162.17,1,0
1761025204400,248.06,6016,1,32,155.98,1,0
1761025206573,237.62,6016,2,1024,170.9,1,0
1761025208692,248.06,6016,1,256,117.59,1,0
1761025210845,237.62,6016,2,128,152.74,1,0
1761025213055,248.06,6016,1,256,208.55,0,0
1761025215347,237.62,6016,2,512,290.73,0,0
1761025217604,248.06,6016,1,128,255.59,0,0
1761025219761,237.62,6016,2,32,155.82,1,0
1761025221950,248.06,6016,1,128,188.22,1,0
1761025224045,237.62,6016,2,128,93.38,1,0
1761025226227,244.81,6016,1,32,179.83,1,0
1761025228379,247.86,6016,1,1024,149.55,1,0
1761025230567,237.62,6016,2,64,186.87,1,0
1761025232721,248.06,6016,1,1024,152.0,1,0
1761025235189,237.62,6016,2,1024,465.84,0,0
1761025237562,248.06,6016,1,128,371.24,0,0
1761025239660,237.62,6016,2,32,97.18,1,0
1761025241825,248.06,6016,1,512,163.14,1,0
1761025243993,237.62,6016,2,1024,165.7,1,0
1761025246244,248.06,6016,1,32,249.6,0,0
1761025248596,237.62,6016,2,512,349.95,0,0
1761025250756,248.06,6016,1,64,158.73,1,0
1761025252951,237.62,6016,2,256,194.13,1,0
1761025255170,247.82,6016,1,128,217.43,0,0
1761025257568,247.86,6016,1,1024,395.51,0,0
1761025259759,237.62,6016,2,512,189.29,1,0
1761025262219,248.06,6016,1,512,457.41,0,0
1761025264555,237.62,6016,2,512,335.48,0,0
1761025266905,248.06,6016,1,64,348.7,0,0
1761025269173,237.62,6016,2,512,267.07,0,0
1761025271315,248.06,6016,1,128,141.19,1,0
1761025273529,237.62,6016,2,64,212.72,0,0
1761025275736,248.06,6016,1,128,205.19,0,0
1761025278117,237.62,6016,2,128,380.09,0,0
1761025280275,248.06,6016,1,64,156.76,1,0
1761025282392,237.62,6016,2,1024,114.78,1,0
1761025284524,248.06,6016,1,128,130.93,1,0
1761025286673,237.62,6016,2,256,147.97,1,0
1761025288869,248.06,6016,1,64,194.43,1,0
1761025291000,248.03,6016,1,128,129.46,1,0
1761025293124,237.62,6016,2,512,122.1,1,0
1761025295303,248.06,6016,1,32,178.29,1,0
1761025297504,237.62,6016,2,256,199.01,1,0
1761025300052,248.06,6016,1,64,546.05,0,0
1761025302307,237.62,6016,2,1024,251.28,0,0
1761025304460,248.06,6016,1,512,151.48,1,0
1761025306719,237.62,6016,2,128,258.33,0,0
1761025309284,248.06,6016,1,64,563.18,0,0
1761025311523,237.62,6016,2,1024,237.32,0,0
1761025313734,248.06,6016,1,32,209.76,0,0
1761025315826,237.62,6016,2,1024,91.03,1,0
1761025318018,246.33,6016,1,256,190.49,1,0
1761025320168,246.2,6016,1,64,149.25,1,0
1761025322349,236.1,6016,2,1024,178.35,1,0
1761025324465,246.54,6016,1,64,114.23,1,0
1761025326598,236.1,6016,2,64,132.16,1,0
1761025328726,246.54,6016,1,32,126.4,1,0
1761025330913,236.1,6016,2,1024,184.03,1,0
1761025333053,246.54,6016,1,128,137.98,1,0
1761025335220,236.1,6016,2,256,166.0,1,0
1761025337437,246.54,6016,1,256,215.34,0,0
1761025339789,236.1,6016,2,256,350.06,0,0
1761025341984,246.5,6016,1,256,194.05,1,0
1761025344121,246.75,6016,1,256,135.97,1,0
1761025346252,236.3,6016,2,32,129.05,1,0
1761025348421,246.95,6016,1,32,167.5,1,0
1761025350624,236.51,6016,2,1024,201.74,0,0
1761025352979,247.16,6016,1,512,353.26,0,0
1761025355093,236.72,6016,2,32,113.16,1,0
1761025357286,247.37,6016,1,1024,190.78,1,0
1761025359458,236.93,6016,2,128,170.4,1,0
1761025361644,247.37,6016,1,128,185.49,1,0
1761025363814,236.93,6016,2,32,169.03,1,0
1761025366196,247.37,6016,1,256,379.83,0,0
1761025368337,236.93,6016,2,512,139.74,1,0
1761025370487,247.37,6016,1,256,149.6,1,0
1761025372663,237.13,6016,2,256,174.77,1,0
1761025374763,247.37,6016,1,32,99.69,1,0
1761025377006,237.13,6016,2,32,241.79,0,0
1761025379113,247.37,6016,1,128,105.13,1,0
1761025381312,237.13,6016,2,64,198.53,1,0
1761025383384,247.37,6016,1,128,71.22,1,0
1761025385515,237.13,6016,2,512,130.42,1,0
1761025387667,247.33,6016,1,512,148.89,1,0
1761025389895,237.13,6016,2,32,227.62,0,0
1761025392253,241.53,6016,1,1024,356.73,0,0
1761025394508,247.57,6016,1,1024,253.01,0,0
1761025396888,237.13,6016,2,64,379.27,0,0
1761025399046,247.57,6016,1,512,155.76,1,0
1761025401171,237.13,6016,2,512,123.87,1,0
1761025403306,247.37,6016,1,128,133.41,1,0
1761025405550,236.93,6016,2,32,243.23,0,0
1761025407934,247.16,6016,1,128,381.98,0,0
1761025410085,236.72,6016,2,32,149.52,1,0
1761025412232,247.16,6016,1,64,145.28,1,0
1761025414388,236.72,6016,2,256,155.01,1,0
1761025416553,246.95,6016,1,32,163.66,1,0
1761025418755,236.51,6016,2,256,200.68,0,0
1761025421164,246.95,6016,1,128,408.23,0,0
1761025423293,236.51,6016,2,256,127.15,1,0
1761025425427,246.59,6016,1,256,133.63,1,0
1761025427657,236.3,6016,2,32,228.19,0,0
1761025429749,240.7,6016,1,1024,89.98,1,0
1761025431932,246.54,6016,1,512,180.24,1,0
1761025434030,236.1,6016,2,256,97.31,1,0
1761025436208,246.54,6016,1,64,176.65,1,0
1761025438434,236.1,6016,2,32,225.27,0,0
1761025440834,246.33,6016,1,32,398.25,0,0
1761025443074,236.1,6016,2,256,237.46,0,0
1761025445457,246.54,6016,1,32,382.82,0,0
1761025447561,236.1,6016,2,1024,101.42,1,0
1761025449714,246.33,6016,1,1024,150.37,1,0
1761025451953,236.1,6016,2,128,237.31,0,0
1761025454276,246.33,6016,1,64,321.9,0,0
1761025456509,236.1,6016,2,1024,231.11,0,0
1761025458895,246.33,6016,1,128,384.97,0,0
1761025461119,236.1,6016,2,128,222.51,0,0
1761025463497,246.33,6016,1,32,377.37,0,0
1761025465624,236.1,6016,2,32,125.53,1,0
1761025467843,246.3,6016,1,128,217.5,0,0
1761025470050,236.1,6016,2,512,204.89,0,0
1761025472399,240.37,6016,1,512,347.36,0,0
1761025474544,246.33,6016,1,256,143.86,1,0
1761025476723,236.1,6016,2,64,177.05,1,0
1761025478871,246.54,6016,1,64,146.66,1,0
1761025481077,236.1,6016,2,512,204.24,0,0
1761025483130,246.33,6016,1,256,51.3,1,0
1761025485294,236.1,6016,2,32,162.12,1,0
1761025487431,246.54,6016,1,128,136.86,1,0
1761025489640,236.1,6016,2,32,208.57,0,0
1761025491951,246.33,6016,1,64,308.56,0,0
1761025494209,236.1,6016,2,256,256.56,0,0
1761025496460,246.33,6016,1,64,249.75,0,0
1761025498827,236.1,6016,2,512,365.96,0,0
1761025501099,244.81,6016,1,128,269.94,0,0
1761025503570,234.57,6016,2,128,468.37,0,0
1761025505857,244.81,6016,1,512,285.03,0,0
1761025508036,234.57,6016,2,128,177.37,1,0
1761025510158,244.77,6016,1,512,119.81,1,0
1761025512310,244.81,6016,1,1024,148.14,1,0
1761025514579,234.57,6016,2,64,268.21,0,0
1761025516927,245.02,6016,1,256,347.28,0,0
1761025519158,234.57,6016,2,256,229.28,0,0
1761025521512,244.81,6016,1,512,352.19,0,0
1761025523706,234.57,6016,2,128,192.86,1,0
1761025525819,245.02,6016,1,128,112.58,1,0
1761025527975,234.57,6016,2,1024,154.45,1,0
1761025530138,245.02,6016,1,128,162.87,1,0
1761025532311,234.57,6016,2,64,171.85,1,0
1761025534469,245.02,6016,1,512,157.04,1,0
1761025536587,234.57,6016,2,512,116.09,1,0
1761025538742,244.81,6016,1,64,153.33,1,0
1761025540845,234.57,6016,2,128,101.46,1,0
1761025543083,244.81,6016,1,512,236.96,0,0
1761025545479,234.57,6016,2,512,394.14,0,0
1761025547593,244.81,6016,1,64,112.46,1,0
1761025549764,234.57,6016,2,32,170.47,1,0
1761025551953,244.81,6016,1,1024,186.26,1,0
1761025554035,234.57,6016,2,128,80.48,1,0
1761025556318,244.77,6016,1,1024,278.78,0,0
1761025558661,244.81,6016,1,1024,341.62,0,0
1761025560791,234.57,6016,2,64,127.94,1,0
1761025562953,244.81,6016,1,512,160.66,1,0
1761025565215,234.57,6016,2,512,260.31,0,0
1761025567609,245.02,6016,1,256,393.07,0,0
1761025569826,234.57,6016,2,512,213.91,0,0
1761025572302,244.81,6016,1,64,473.05,0,0
1761025574797,234.57,6016,2,64,492.89,0,0
1761025577203,244.77,6016,1,1024,402.81,0,0
1761025579613,234.57,6016,2,1024,408.49,0,0
1761025581717,244.81,6016,1,32,104.1,1,0
1761025583841,234.57,6016,2,128,123.17,1,0
1761025585997,244.81,6016,1,1024,153.99,1,0
1761025588153,234.57,6016,2,128,155.27,1,0
1761025590347,244.81,6016,1,512,193.01,1,0
1761025592431,234.57,6016,2,512,82.51,1,0
1761025594596,244.81,6016,1,32,163.64,1,0
1761025596927,234.57,6016,2,32,330.54,0,0
1761025599331,244.81,6016,1,512,402.02,0,0
1761025601619,234.57,6016,2,32,286.26,0,0
1761025603784,232.84,6016,1,32,165.29,1,0
1761025605944,244.81,6016,1,64,158.35,1,0
1761025608136,234.57,6016,2,64,191.24,1,0
1761025610258,244.81,6016,1,256,120.2,1,0
1761025612397,234.57,6016,2,128,137.41,1,0
1761025614569,244.81,6016,1,32,171.61,1,0
1761025616708,234.57,6016,2,256,137.99,1,0
1761025618952,244.81,6016,1,1024,242.1,0,0
1761025621395,234.57,6016,2,256,440.82,0,0
1761025623882,244.81,6016,1,512,484.98,0,0
1761025626283,234.57,6016,2,512,399.22,0,0
1761025628362,244.81,6016,1,32,77.79,1,0
1761025630548,234.57,6016,2,256,184.8,1,0
1761025632685,245.02,6016,1,1024,134.7,1,0
1761025634801,234.57,6016,2,1024,113.82,1,0
1761025637047,244.81,6016,1,256,245.5,0,0
1761025639379,234.57,6016,2,256,329.39,0,0
1761025641616,244.81,6016,1,1024,234.46,0,0
1761025643782,234.57,6016,2,32,164.61,1,0
1761025646447,244.65,6016,1,64,663.53,0,0
1761025648711,234.57,6016,2,32,262.04,0,0
1761025651107,238.84,6016,1,128,394.32,0,0
1761025653228,244.81,6016,1,32,120.04,1,0
1761025655354,234.57,6016,2,32,123.41,1,0
1761025657545,244.81,6016,1,1024,189.92,1,0
1761025659666,234.57,6016,2,64,120.21,1,0
1761025661866,244.81,6016,1,1024,197.35,1,0
1761025663984,234.57,6016,2,512,116.47,1,0
1761025666160,244.81,6016,1,32,174.32,1,0
1761025668277,234.57,6016,2,64,115.74,1,0
1761025670435,244.81,6016,1,32,156.95,1,0
1761025672599,234.57,6016,2,256,162.98,1,0
1761025674743,244.77,6016,1,256,142.3,1,0
1761025677043,234.57,6016,2,128,298.98,0,0
1761025679409,244.98,6016,1,1024,363.57,0,0
1761025681848,242.9,6016,1,256,438.24,0,0
1761025684231,234.57,6016,2,256,381.34,0,0
1761025686514,244.81,6016,1,128,281.47,0,0
1761025688816,234.57,6016,2,64,300.61,0,0
1761025690977,244.81,6016,1,32,158.98,1,0
1761025693228,234.57,6016,2,256,249.83,0,0
1761025695649,244.81,6016,1,512,418.3,0,0
1761025697824,234.57,6016,2,64,173.14,1,0
1761025700244,245.02,6016,1,1024,417.75,0,0
1761025702332,234.57,6016,2,256,85.87,1,0
1761025704524,244.81,6016,1,32,190.1,1,0
1761025706638,234.57,6016,2,256,112.66,1,0
1761025708795,245.02,6016,1,32,155.82,1,0
1761025711001,234.57,6016,2,256,206.02,0,0
1761025713132,244.81,6016,1,32,129.19,1,0
1761025715241,234.57,6016,2,1024,108.98,1,0
1761025717396,243.29,6016,1,512,153.5,1,0
1761025719606,233.04,6016,2,128,209.33,0,0
1761025721705,237.44,6016,1,256,98.24,1,0
1761025723870,243.29,6016,1,64,163.93,1,0
1761025726003,233.04,6016,2,1024,132.36,1,0
1761025728223,243.49,6016,1,128,218.35,0,0
1761025730563,233.04,6016,2,512,338.99,0,0
1761025732776,243.29,6016,1,128,211.54,0,0
1761025734901,233.04,6016,2,32,123.5,1,0
1761025736991,243.12,6016,1,128,89.61,1,0
1761025739247,233.04,6016,2,256,254.66,0,0
1761025741616,243.49,6016,1,32,367.36,0,0
1761025743763,233.04,6016,2,512,145.83,1,0
1761025745978,243.29,6016,1,128,213.36,0,0
1761025748073,233.04,6016,2,256,93.14,1,0
1761025750289,243.49,6016,1,64,215.01,0,0
1761025752369,233.04,6016,2,128,77.74,1,0
1761025754552,243.29,6016,1,512,181.36,1,0
1761025756696,233.04,6016,2,1024,141.71,1,0
1761025758902,243.49,6016,1,256,204.14,0,0
1761025761277,233.04,6016,2,1024,372.61,0,0
1761025763555,243.24,6016,1,128,276.52,0,0
1761025765891,243.29,6016,1,64,334.77,0,0
1761025768125,233.04,6016,2,64,232.13,0,0
1761025770608,243.29,6016,1,256,481.33,0,0
1761025772972,233.04,6016,2,256,362.79,0,0
1761025775323,243.29,6016,1,512,350.03,0,0
1761025777593,233.04,6016,2,256,269.24,0,0
1761025779753,243.29,6016,1,1024,158.27,1,0
1761025782186,233.04,6016,2,128,431.41,0,0
1761025784652,243.49,6016,1,32,464.73,0,0
1761025786946,233.04,6016,2,512,292.52,0,0
1761025789644,243.29,6016,1,128,696.67,0,0
1761025792022,233.04,6016,2,64,376.64,0,0
1761025794198,243.29,6016,1,1024,173.38,1,0
1761025796287,233.04,6016,2,128,86.22,1,0
1761025798426,243.29,6016,1,512,137.76,1,0
1761025800571,233.04,6016,2,32,143.98,1,0
1761025802793,243.29,6016,1,64,220.6,0,0
1761025804893,233.04,6016,2,512,98.33,1,0
1761025807079,243.12,6016,1,1024,184.35,1,0
1761025809188,233.04,6016,2,32,108.21,1,0
1761025811399,237.31,6016,1,128,208.87,0,0
1761025813498,243.24,6016,1,1024,95.63,1,0
1761025815711,233.04,6016,2,32,212.0,0,0
1761025818065,243.49,6016,1,128,352.1,0,0
1761025820301,233.04,6016,2,128,234.41,0,0
1761025822425,243.29,6016,1,1024,121.61,1,0
1761025824548,233.04,6016,2,1024,120.21,1,0
1761025826765,243.29,6016,1,256,215.05,0,0
1761025828863,233.04,6016,2,32,96.79,1,0
1761025831065,243.29,6016,1,64,201.71,0,0
1761025833149,233.04,6016,2,1024,81.09,1,0
1761025835453,243.29,6016,1,256,302.69,0,0
1761025837789,233.04,6016,2,512,334.32,0,0
1761025839908,243.49,6016,1,128,117.74,1,0
1761025842061,233.04,6016,2,32,151.03,1,0
1761025844212,237.45,6016,1,512,150.48,1,0
1761025846336,243.29,6016,1,512,121.64,1,0
1761025848484,233.04,6016,2,256,147.63,1,0
1761025850707,243.29,6016,1,64,221.2,0,0
1761025853139,233.04,6016,2,256,430.17,0,0
1761025855229,243.29,6016,1,256,89.84,1,0
1761025857418,233.04,6016,2,32,187.22,1,0
1761025859525,243.49,6016,1,256,105.78,1,0
1761025861694,233.04,6016,2,32,167.84,1,0
1761025863846,243.29,6016,1,128,150.6,1,0
1761025866163,233.04,6016,2,32,316.73,0,0
1761025868444,243.29,6016,1,32,278.92,0,0
1761025870637,233.04,6016,2,32,192.9,1,0
1761025872756,243.29,6016,1,64,117.71,1,0
1761025874949,233.04,6016,2,1024,190.05,1,0
1761025877339,243.29,6016,1,1024,387.85,0,0
1761025879466,233.04,6016,2,32,125.48,1,0
1761025881692,243.29,6016,1,32,225.12,0,0
1761025883779,243.29,6016,1,256,86.01,1,0
1761025885933,233.04,6016,2,512,152.16,1,0
1761025888068,243.29,6016,1,256,133.03,1,0
1761025890202,233.04,6016,2,128,133.94,1,0
1761025892393,243.29,6016,1,256,189.87,1,0
1761025894536,233.04,6016,2,32,141.47,1,0
1761025896700,243.29,6016,1,256,162.03,1,0
1761025898875,233.04,6016,2,256,174.42,1,0
1761025900989,243.29,6016,1,1024,110.8,1,0
1761025903208,233.04,6016,2,64,217.53,0,0
1761025905626,243.29,6016,1,1024,415.11,0,0
1761025907761,233.04,6016,2,32,133.6,1,0
1761025909917,243.49,6016,1,64,154.92,1,0
1761025912085,233.04,6016,2,256,166.09,1,0
1761025914179,237.25,6016,1,128,92.12,1,0
1761025916350,243.29,6016,1,32,169.95,1,0
1761025918469,233.04,6016,2,64,117.84,1,0
1761025920637,243.29,6016,1,256,167.1,1,0
1761025922946,233.04,6016,2,32,307.04,0,0
1761025925242,243.49,6016,1,256,294.1,0,0
1761025927400,233.04,6016,2,256,155.93,1,0
1761025929593,243.49,6016,1,512,191.03,1,0
1761025931707,233.04,6016,2,64,112.45,1,0
1761025933824,243.29,6016,1,64,115.49,1,0
1761025936052,233.04,6016,2,512,225.57,0,0
1761025938450,243.29,6016,1,32,396.7,0,0
1761025940561,233.04,6016,2,256,109.85,1,0
1761025942708,243.29,6016,1,512,145.3,1,0
1761025945016,233.04,6016,2,1024,306.18,0,0
1761025947373,243.29,6016,1,256,355.51,0,0
1761025949518,233.04,6016,2,64,142.95,1,0
1761025951655,237.45,6016,1,128,135.23,1,0
1761025953848,243.29,6016,1,32,192.5,1,0
1761025955956,233.04,6016,2,32,105.58,1,0
1761025958056,243.29,6016,1,64,99.34,1,0
1761025960204,233.04,6016,2,32,146.17,1,0
1761025962510,243.29,6016,1,1024,303.06,0,0
1761025964865,233.04,6016,2,64,354.58,0,0
1761025967029,243.29,6016,1,64,163.33,1,0
1761025969112,233.04,6016,2,1024,81.07,1,0
1761025971571,243.29,6016,1,256,457.2,0,0
1761025973780,233.04,6016,2,256,207.74,0,0
1761025975904,243.29,6016,1,64,122.55,1,0
1761025978090,233.04,6016,2,32,185.39,1,0
1761025980160,243.49,6016,1,64,70.11,1,0
1761025982365,233.04,6016,2,32,203.17,0,0
1761025984581,243.29,6016,1,512,213.91,0,0
1761025986933,233.04,6016,2,128,351.51,0,0
1761025989140,237.31,6016,1,128,205.8,0,0
1761025991218,243.29,6016,1,64,77.24,1,0
1761025993464,233.04,6016,2,512,244.97,0,0
1761025995535,243.29,6016,1,256,69.73,1,0
1761025997733,233.04,6016,2,64,196.58,1,0
1761026000192,243.49,6016,1,1024,457.89,0,0
1761026002622,233.04,6016,2,512,428.06,0,0
1761026004750,243.49,6016,1,512,126.63,1,0
1761026007014,233.04,6016,2,32,262.41,0,0
1761026009556,243.49,6016,1,128,541.34,0,0
1761026011758,233.04,6016,2,128,200.64,0,0
1761026013978,243.49,6016,1,256,218.15,0,0
1761026016072,233.04,6016,2,128,93.12,1,0
1761026018219,243.29,6016,1,128,146.32,1,0
1761026020395,233.04,6016,2,512,174.06,1,0
1761026022581,243.29,6016,1,64,184.42,1,0
1761026024811,233.04,6016,2,64,229.2,0,0
1761026027149,243.29,6016,1,512,335.32,0,0
1761026029362,233.04,6016,2,128,212.25,0,0
1761026031440,237.44,6016,1,128,76.22,1,0
1761026033587,243.29,6016,1,256,145.89,1,0
1761026035793,233.04,6016,2,64,204.9,0,0
1761026037984,243.49,6016,1,512,188.66,1,0
1761026040386,233.04,6016,2,1024,399.0,0,0
1761026042506,243.49,6016,1,128,119.11,1,0
1761026044722,233.04,6016,2,32,213.72,0,0
1761026046804,243.29,6016,1,32,81.2,1,0
1761026048951,233.04,6016,2,128,145.45,1,0
1761026051111,243.29,6016,1,1024,155.84,1,0
1761026053312,233.04,6016,2,1024,198.13,1,0
1761026055479,243.29,6016,1,256,165.16,1,0
1761026057550,233.04,6016,2,256,70.27,1,0
1761026059809,243.49,6016,1,64,257.48,0,0
1761026062193,233.04,6016,2,128,383.45,0,0
1761026064630,243.29,6016,1,1024,434.18,0,0
1761026066702,233.04,6016,2,1024,69.75,1,0
1761026068851,243.29,6016,1,64,148.44,1,0
1761026071103,233.04,6016,2,1024,250.0,0,0
1761026073496,243.29,6016,1,256,392.65,0,0
1761026075633,233.04,6016,2,256,136.3,1,0
1761026077808,243.49,6016,1,128,173.49,1,0
1761026079980,233.04,6016,2,32,170.85,1,0
1761026082064,243.29,6016,1,512,82.9,1,0
1761026084250,233.04,6016,2,256,184.95,1,0
1761026086385,237.45,6016,1,32,133.45,1,0
1761026088612,243.29,6016,1,256,225.27,0,0
1761026091055,233.04,6016,2,256,440.77,0,0
1761026093183,243.29,6016,1,256,126.73,1,0
1761026095303,233.04,6016,2,1024,117.42,1,0
1761026097480,243.29,6016,1,64,175.55,1,0
1761026099585,233.04,6016,2,64,103.54,1,0
1761026101754,243.29,6016,1,32,168.16,1,0
1761026104011,233.04,6016,2,256,255.51,0,0
1761026106419,243.29,6016,1,32,407.02,0,0
1761026108647,233.04,6016,2,128,226.65,0,0
1761026110970,243.29,6016,1,64,321.41,0,0
1761026113094,233.04,6016,2,64,122.54,1,0
1761026115295,243.49,6016,1,32,197.66,1,0
1761026117587,233.04,6016,2,64,289.29,0,0
1761026119912,243.29,6016,1,128,323.21,0,0
1761026122034,233.04,6016,2,512,120.46,1,0
1761026124171,243.29,6016,1,32,135.77,1,0
1761026126379,233.04,6016,2,512,206.44,0,0
1761026128492,243.29,6016,1,1024,109.86,1,0
1761026130678,243.29,6016,1,64,185.02,1,0
1761026133105,233.04,6016,2,128,425.43,0,0
1761026135201,243.49,6016,1,512,95.15,1,0
1761026137380,233.04,6016,2,512,176.38,1,0
1761026139606,243.49,6016,1,64,224.97,0,0
1761026142008,233.04,6016,2,64,399.81,0,0
1761026144170,243.49,6016,1,512,160.18,1,0
1761026146254,233.04,6016,2,256,82.2,1,0
1761026148413,243.29,6016,1,1024,157.39,1,0
1761026150707,233.04,6016,2,512,292.3,0,0
1761026153180,243.29,6016,1,32,471.6,0,0
1761026155478,233.04,6016,2,256,296.12,0,0
1761026157667,243.29,6016,1,32,188.06,1,0
1761026159785,233.04,6016,2,512,116.11,1,0
1761026162171,243.29,6016,1,32,384.51,0,0
1761026164418,233.04,6016,2,32,245.55,0,0
1761026166561,243.49,6016,1,512,141.22,1,0
1761026168686,233.04,6016,2,128,124.45,1,0
1761026170891,243.29,6016,1,1024,202.59,0,0
1761026173064,233.04,6016,2,64,172.13,1,0
1761026175417,243.29,6016,1,512,351.42,0,0
1761026177626,233.04,6016,2,256,207.54,0,0
1761026179812,243.29,6016,1,512,182.95,1,0
1761026182198,233.04,6016,2,1024,384.68,0,0
1761026184311,243.49,6016,1,1024,109.21,1,0
1761026186505,233.04,6016,2,256,193.69,1,0
1761026188627,243.45,6016,1,32,120.02,1,0
1761026190808,243.49,6016,1,256,179.47,1,0
1761026192939,233.04,6016,2,1024,128.75,1,0
1761026195136,243.49,6016,1,512,195.16,1,0
1761026197241,233.04,6016,2,1024,101.73,1,0
1761026199510,243.29,6016,1,128,266.67,0,0
1761026201962,233.04,6016,2,256,449.76,0,0
1761026204098,243.29,6016,1,64,134.14,1,0
1761026206494,233.04,6016,2,1024,394.21,0,0
1761026208729,243.49,6016,1,512,232.76,0,0
1761026211076,233.04,6016,2,64,346.41,0,0
1761026213178,243.29,6016,1,32,100.4,1,0
1761026215354,233.04,6016,2,128,175.06,1,0
1761026217506,243.29,6016,1,64,150.39,1,0
1761026219656,233.04,6016,2,128,149.71,1,0
1761026222051,243.49,6016,1,256,393.17,0,0
1761026224246,233.04,6016,2,512,192.8,1,0
1761026226396,243.29,6016,1,64,148.84,1,0
1761026228636,233.04,6016,2,512,238.87,0,0
1761026231084,243.29,6016,1,32,446.38,0,0
1761026233469,243.29,6016,1,128,383.11,0,0
1761026235588,233.04,6016,2,128,118.5,1,0
1761026237775,243.29,6016,1,512,184.53,1,0
1761026239928,233.04,6016,2,256,152.45,1,0
1761026242036,243.29,6016,1,64,106.28,1,0
1761026244214,233.04,6016,2,512,175.65,1,0
1761026246317,243.29,6016,1,64,101.54,1,0
1761026248563,233.04,6016,2,128,245.84,0,0
1761026250937,243.49,6016,1,256,371.51,0,0
1761026253141,233.04,6016,2,128,203.32,0,0
1761026255211,243.29,6016,1,128,67.58,1,0
1761026257404,233.04,6016,2,512,191.91,1,0
1761026259540,243.49,6016,1,512,131.66,1,0
1761026261680,233.04,6016,2,1024,138.03,1,0
1761026263826,243.49,6016,1,128,144.57,1,0
1761026265975,233.04,6016,2,32,148.55,1,0
1761026268140,243.49,6016,1,1024,162.94,1,0
1761026270425,233.04,6016,2,128,283.5,0,0
1761026272776,243.49,6016,1,64,349.36,0,0
1761026274981,233.04,6016,2,128,204.51,0,0
1761026277388,243.24,6016,1,64,404.66,0,0
1761026279533,233.04,6016,2,64,144.02,1,0
1761026281780,237.45,6016,1,1024,245.56,0,0
1761026284133,243.29,6016,1,128,351.52,0,0
1761026286289,233.04,6016,2,64,154.3,1,0
1761026288405,243.29,6016,1,128,113.89,1,0
1761026290589,233.04,6016,2,32,183.82,1,0
1761026292689,243.29,6016,1,512,98.14,1,0
1761026294896,233.04,6016,2,32,206.1,0,0
1761026297061,243.29,6016,1,256,163.62,1,0
1761026299424,233.04,6016,2,512,362.27,0,0
1761026301564,243.29,6016,1,128,138.41,1,0
1761026303764,233.04,6016,2,32,199.21,1,0
1761026305907,243.29,6016,1,32,140.09,1,0
1761026308029,233.04,6016,2,64,121.58,1,0
1761026310186,243.29,6016,1,128,155.7,1,0
1761026312332,233.04,6016,2,32,145.36,1,0
1761026314554,243.29,6016,1,512,217.97,0,0
1761026316664,233.04,6016,2,512,108.89,1,0
1761026318797,243.29,6016,1,128,132.72,1,0
1761026320942,243.29,6016,1,512,142.7,1,0
1761026323094,233.04,6016,2,128,151.1,1,0
1761026325291,243.49,6016,1,128,196.09,1,0
1761026327407,233.04,6016,2,128,115.88,1,0
1761026329576,243.29,6016,1,64,167.69,1,0
1761026331710,233.04,6016,2,1024,132.2,1,0
1761026333877,243.29,6016,1,64,166.5,1,0
1761026335982,233.04,6016,2,256,103.67,1,0
1761026338211,243.29,6016,1,256,226.28,0,0
1761026340323,233.04,6016,2,32,111.9,1,0
1761026342451,243.29,6016,1,128,125.98,1,0
1761026344584,233.04,6016,2,256,131.48,1,0
1761026346753,243.29,6016,1,256,167.97,1,0
1761026349001,233.04,6016,2,1024,245.73,0,0
1761026351374,243.49,6016,1,128,371.78,0,0
1761026353625,233.04,6016,2,32,251.04,0,0
1761026355999,243.29,6016,1,32,372.36,0,0
1761026358159,233.04,6016,2,1024,157.2,1,0
1761026360632,237.12,6016,1,256,470.24,0,0
1761026363014,243.29,6016,1,512,380.66,0,0
1761026365312,233.04,6016,2,512,296.51,0,0
1761026367727,243.29,6016,1,1024,412.3,0,0
1761026370180,233.04,6016,2,1024,449.94,0,0
1761026372514,243.29,6016,1,32,333.41,0,0
1761026374685,233.04,6016,2,512,170.12,1,0
1761026376839,243.29,6016,1,256,153.39,1,0
1761026379004,233.04,6016,2,1024,162.32,1,0
1761026381197,243.29,6016,1,64,191.29,1,0
1761026383619,233.04,6016,2,64,421.36,0,0
1761026385858,243.29,6016,1,256,237.97,0,0
1761026387939,233.04,6016,2,512,79.28,1,0
1761026390040,243.49,6016,1,32,99.99,1,0
1761026392241,233.04,6016,2,32,200.17,0,0
1761026394350,243.29,6016,1,1024,108.13,1,0
1761026396496,233.04,6016,2,128,144.23,1,0
1761026398740,243.29,6016,1,512,242.83,0,0
1761026401087,233.04,6016,2,32,346.06,0,0
1761026403312,243.12,6016,1,512,222.66,0,0
1761026405461,233.04,6016,2,32,147.86,1,0
1761026407802,237.44,6016,1,128,339.57,0,0
1761026409975,243.49,6016,1,32,172.6,1,0
1761026412263,233.04,6016,2,1024,285.44,0,0
1761026414630,243.29,6016,1,512,365.26,0,0
1761026416788,233.04,6016,2,256,155.62,1,0
1761026418914,243.49,6016,1,64,124.56,1,0
1761026421025,233.04,6016,2,512,108.72,1,0
1761026423204,243.29,6016,1,512,178.43,1,0
1761026425342,233.04,6016,2,32,137.5,1,0
1761026427517,243.29,6016,1,512,173.5,1,0
1761026429676,233.04,6016,2,64,157.84,1,0
1761026431895,243.28,6016,1,128,217.65,0,0
1761026434279,233.0,6016,2,128,382.07,0,0
1761026436436,243.41,6016,1,64,156.37,1,0
1761026438520,233.01,6016,2,256,82.2,1,0
1761026440679,243.46,6016,1,64,157.14,1,0
1761026442967,233.0,6016,2,1024,285.67,0,0
1761026445421,243.41,6016,1,512,450.26,0,0
1761026447763,233.0,6016,2,256,340.6,0,0
1761026449903,243.42,6016,1,512,138.94,1,0
1761026452033,243.41,6016,1,256,127.33,1,0
1761026454283,233.01,6016,2,128,249.1,0,0
1761026456720,243.46,6016,1,1024,434.06,0,0
1761026458805,233.0,6016,2,128,83.29,1,0
1761026460924,243.41,6016,1,256,118.26,1,0
1761026463060,233.0,6016,2,1024,134.4,1,0
1761026465239,243.46,6016,1,32,178.18,1,0
1761026467417,233.0,6016,2,256,176.14,1,0
1761026469508,243.41,6016,1,512,89.11,1,0
1761026471725,233.0,6016,2,128,215.91,0,0
1761026473854,243.46,6016,1,1024,126.34,1,0
1761026475943,233.0,6016,2,64,88.44,1,0
1761026478172,243.41,6016,1,32,228.1,0,0
1761026480359,233.0,6016,2,128,182.8,1,0
1761026482851,243.46,6016,1,512,489.38,0,0
1761026485186,243.41,6016,1,64,333.44,0,0
1761026487336,233.0,6016,2,128,148.78,1,0
1761026489504,243.46,6016,1,512,166.35,1,0
1761026491697,233.01,6016,2,128,191.76,1,0
1761026493911,243.46,6016,1,32,213.22,0,0
1761026496367,233.0,6016,2,32,454.53,0,0
1761026498702,243.46,6016,1,256,333.0,0,0
1761026500850,233.0,6016,2,256,146.78,1,0
1761026503046,243.46,6016,1,128,194.18,1,0
1761026505198,233.0,6016,2,128,151.04,1,0
1761026507310,243.46,6016,1,512,111.69,1,0
1761026509442,233.0,6016,2,1024,129.72,1,0
1761026511604,243.46,6016,1,64,160.45,1,0
1761026513807,233.01,6016,2,256,201.87,0,0
1761026516015,243.46,6016,1,32,207.43,0,0
1761026518338,233.01,6016,2,512,321.09,0,0
1761026520492,243.46,6016,1,256,152.95,1,0
1761026522618,233.01,6016,2,128,124.38,1,0
1761026524786,243.46,6016,1,128,166.09,1,0
1761026526972,233.0,6016,2,256,185.01,1,0
1761026529105,238.2,6016,1,128,131.34,1,0
1761026531329,243.41,6016,1,32,223.97,0,0
1761026533823,233.01,6016,2,512,492.09,0,0
1761026536166,243.46,6016,1,512,340.57,0,0
1761026538299,233.0,6016,2,512,132.04,1,0
1761026540483,243.41,6016,1,512,182.17,1,0
1761026542679,233.01,6016,2,64,194.74,1,0
1761026544808,243.46,6016,1,512,126.39,1,0
1761026547004,233.0,6016,2,512,194.18,1,0
1761026549327,243.41,6016,1,512,320.69,0,0
1761026551465,233.0,6016,2,32,137.08,1,0
1761026553717,243.46,6016,1,64,250.28,0,0
1761026556088,233.0,6016,2,1024,367.36,0,0
1761026558351,243.41,6016,1,512,261.45,0,0
1761026560738,233.01,6016,2,32,384.97,0,0
1761026562876,243.46,6016,1,32,136.53,1,0
1761026565126,233.01,6016,2,64,248.04,0,0
1761026567459,243.25,6016,1,128,332.35,0,0
1761026569609,233.0,6016,2,256,148.7,1,0
1761026571749,243.46,6016,1,64,139.15,1,0
1761026573920,233.0,6016,2,1024,168.56,1,0
1761026576070,243.42,6016,1,32,148.19,1,0
1761026578234,243.46,6016,1,512,161.64,1,0
1761026580357,233.01,6016,2,1024,120.83,1,0
1761026582599,243.46,6016,1,64,241.25,0,0
1761026585051,233.0,6016,2,64,449.48,0,0
1761026587465,243.46,6016,1,128,413.17,0,0
1761026589619,233.0,6016,2,64,152.67,1,0
1761026591764,243.46,6016,1,256,143.37,1,0
1761026593878,233.0,6016,2,64,112.68,1,0
1761026596024,243.46,6016,1,64,141.84,1,0
1761026598288,233.0,6016,2,128,263.08,0,0
1761026600600,243.46,6016,1,1024,309.91,0,0
1761026602759,233.01,6016,2,32,157.67,1,0
1761026604892,243.21,6016,1,1024,130.66,1,0
1761026607038,243.25,6016,1,64,145.49,1,0
1761026609248,233.0,6016,2,1024,207.83,0,0
1761026611334,243.46,6016,1,1024,84.23,1,0
1761026613510,233.0,6016,2,512,175.07,1,0
1761026615805,243.46,6016,1,32,293.86,0,0
1761026618185,233.0,6016,2,512,378.44,0,0
1761026620551,243.46,6016,1,512,363.45,0,0
1761026622775,233.0,6016,2,128,221.29,0,0
1761026624876,243.25,6016,1,256,98.8,1,0
1761026627120,233.0,6016,2,128,243.1,0,0
1761026629584,243.46,6016,1,128,463.04,0,0
1761026632113,233.21,6016,2,256,527.29,0,0
1761026634361,243.66,6016,1,32,246.42,0,0
1761026636519,233.42,6016,2,256,157.25,1,0
1761026638692,243.87,6016,1,128,172.32,1,0
1761026640921,233.42,6016,2,32,228.05,0,0
1761026643300,243.87,6016,1,512,374.7,0,0
1761026645466,233.62,6016,2,64,164.55,1,0
1761026647569,243.98,6016,1,512,101.38,1,0
1761026649806,233.78,6016,2,128,235.89,0,0
1761026651924,244.19,6016,1,32,116.8,1,0
1761026654084,244.39,6016,1,1024,158.1,1,0
1761026656255,233.99,6016,2,512,169.86,1,0
1761026658369,244.43,6016,1,64,112.44,1,0
1761026660520,233.99,6016,2,512,149.27,1,0
1761026662634,244.39,6016,1,128,112.2,1,0
1761026664818,233.99,6016,2,32,183.56,1,0
1761026666921,244.64,6016,1,1024,100.26,1,0
1761026669069,234.2,6016,2,64,147.54,1,0
1761026671266,244.6,6016,1,256,194.97,1,0
1761026673393,234.2,6016,2,32,125.3,1,0
1761026675521,244.84,6016,1,128,126.74,1,0
1761026677728,234.4,6016,2,32,205.78,0,0
1761026679861,245.02,6016,1,256,131.68,1,0
1761026682114,234.61,6016,2,128,251.95,0,0
1761026684526,245.26,6016,1,128,411.2,0,0
1761026686892,234.81,6016,2,256,363.88,0,0
1761026689042,245.21,6016,1,128,148.74,1,0
1761026691277,234.8,6016,2,512,233.53,0,0
1761026693472,245.26,6016,1,1024,192.93,1,0
1761026695804,245.21,6016,1,64,330.54,0,0
1761026697920,234.8,6016,2,256,114.98,1,0
1761026700149,245.26,6016,1,64,227.34,0,0
1761026702237,234.8,6016,2,32,87.29,1,0
1761026704396,245.21,6016,1,64,156.97,1,0
1761026706529,234.8,6016,2,128,132.25,1,0
1761026708727,245.26,6016,1,1024,195.31,1,0
1761026710821,234.81,6016,2,512,92.05,1,0
1761026713155,245.21,6016,1,512,332.58,0,0
1761026715462,234.8,6016,2,128,305.73,0,0
1761026717799,245.26,6016,1,512,334.65,0,0
1761026720040,234.8,6016,2,1024,239.38,0,0
1761026722196,245.21,6016,1,128,155.06,1,0
1761026724351,234.8,6016,2,64,153.9,1,0
1761026726545,245.26,6016,1,1024,191.07,1,0
1761026728688,234.8,6016,2,256,141.18,1,0
1761026730842,245.26,6016,1,128,152.15,1,0
1761026732976,234.8,6016,2,64,132.3,1,0
1761026735094,245.26,6016,1,128,116.31,1,0
1761026737232,234.8,6016,2,512,137.68,1,0
1761026739409,245.26,6016,1,128,176.6,1,0
1761026741549,234.8,6016,2,32,138.87,1,0
1761026743693,245.26,6016,1,512,142.13,1,0
1761026745820,234.8,6016,2,128,125.21,1,0
1761026747998,245.26,6016,1,512,176.89,1,0
1761026750132,234.8,6016,2,1024,131.45,1,0
1761026752293,245.26,6016,1,64,160.0,1,0
1761026754423,234.8,6016,2,32,128.87,1,0
1761026756584,239.2,6016,1,64,159.96,1,0
1761026758768,245.01,6016,1,1024,182.35,1,0
1761026760911,234.6,6016,2,256,142.23,1,0
1761026763028,245.05,6016,1,256,115.86,1,0
1761026765221,234.6,6016,2,512,192.13,1,0
1761026767313,244.8,6016,1,256,90.89,1,0
1761026769445,234.39,6016,2,128,130.97,1,0
1761026771604,244.84,6016,1,1024,156.97,1,0
1761026773811,234.39,6016,2,32,206.09,0,0
1761026775960,244.8,6016,1,512,147.8,1,0
1761026778090,234.39,6016,2,1024,129.1,1,0
1761026780235,244.84,6016,1,1024,143.33,1,0
1761026782345,234.39,6016,2,1024,108.39,1,0
1761026784552,244.8,6016,1,128,206.06,0,0
1761026786687,234.39,6016,2,32,133.38,1,0
1761026788805,244.84,6016,1,32,116.78,1,0
1761026790953,234.39,6016,2,256,147.33,1,0
1761026793077,244.8,6016,1,512,122.93,1,0
1761026795267,234.39,6016,2,512,188.72,1,0
1761026797460,244.8,6016,1,256,191.31,1,0
1761026799607,244.8,6016,1,32,146.27,1,0
1761026801743,234.39,6016,2,64,134.56,1,0
1761026803851,244.84,6016,1,512,106.73,1,0
1761026805995,234.39,6016,2,128,143.4,1,0
1761026808165,244.8,6016,1,128,168.05,1,0
1761026810428,234.39,6016,2,1024,261.27,0,0
1761026812867,244.84,6016,1,128,437.9,0,0
1761026815337,234.39,6016,2,512,467.62,0,0
1761026817815,244.8,6016,1,32,476.09,0,0
1761026820140,234.39,6016,2,128,323.77,0,0
1761026822351,244.84,6016,1,256,210.3,0,0
1761026824766,234.39,6016,2,1024,411.71,0,0
1761026826858,244.84,6016,1,1024,89.41,1,0
1761026828995,234.39,6016,2,256,136.14,1,0
1761026831230,244.64,6016,1,256,233.89,0,0
1761026833350,234.18,6016,2,64,118.45,1,0
1761026835471,244.64,6016,1,128,119.34,1,0
1761026837660,244.64,6016,1,32,187.59,1,0
1761026839768,234.19,6016,2,64,107.14,1,0
1761026841964,244.64,6016,1,1024,193.34,1,0
1761026844159,234.18,6016,2,1024,192.83,1,0
1761026846620,244.64,6016,1,512,459.02,0,0
1761026849338,234.18,6016,2,1024,714.99,0,0
1761026851451,244.64,6016,1,64,111.66,1,0
1761026853605,234.18,6016,2,256,152.93,1,0
1761026855776,244.84,6016,1,64,169.47,1,0
1761026857917,234.39,6016,2,128,139.31,1,0
1761026860118,244.84,6016,1,128,199.4,1,0
1761026862528,234.39,6016,2,32,408.65,0,0
1761026864635,244.84,6016,1,512,105.5,1,0
1761026866842,234.39,6016,2,128,205.93,0,0
1761026869010,244.84,6016,1,128,166.32,1,0
1761026871225,234.39,6016,2,128,214.47,0,0
1761026873817,244.84,6016,1,512,589.85,0,0
1761026876018,234.39,6016,2,512,199.7,1,0
1761026878125,244.84,6016,1,512,106.21,1,0
1761026880408,234.39,6016,2,64,281.68,0,0
1761026882745,244.84,6016,1,512,335.47,0,0
1761026885013,234.39,6016,2,256,267.18,0,0
1761026887349,238.8,6016,1,32,335.34,0,0
1761026889580,244.64,6016,1,1024,229.6,0,0
1761026891946,234.18,6016,2,32,363.86,0,0
1761026894109,244.64,6016,1,1024,159.8,1,0
1761026896282,234.19,6016,2,512,171.61,1,0
1761026898491,244.64,6016,1,64,208.06,0,0
1761026900877,234.18,6016,2,1024,383.61,0,0
1761026903037,244.64,6016,1,256,156.74,1,0
1761026905300,234.19,6016,2,32,261.51,0,0
1761026907669,244.43,6016,1,512,367.76,0,0
1761026909813,233.98,6016,2,256,141.45,1,0
1761026911948,244.43,6016,1,64,133.9,1,0
1761026914184,233.98,6016,2,1024,234.04,0,0
1761026916553,237.65,6016,1,512,367.44,0,0
1761026918616,244.43,6016,1,256,61.33,1,0
1761026920821,233.98,6016,2,128,203.84,0,0
1761026922935,244.43,6016,1,32,113.01,1,0
1761026925153,233.98,6016,2,32,217.45,0,0
1761026927340,244.43,6016,1,1024,184.72,1,0
1761026929708,233.98,6016,2,64,366.66,0,0
1761026931887,244.43,6016,1,256,177.88,1,0
1761026934080,233.98,6016,2,1024,190.7,1,0
1761026936456,244.39,6016,1,256,373.72,0,0
1761026938720,233.98,6016,2,64,262.66,0,0
1761026941069,244.43,6016,1,128,346.82,0,0
1761026943209,233.98,6016,2,32,138.27,1,0
1761026945416,244.39,6016,1,128,206.6,0,0
1761026947511,233.98,6016,2,128,93.8,1,0
1761026949712,244.43,6016,1,64,199.69,1,0
1761026951828,233.98,6016,2,512,114.67,1,0
1761026953989,244.39,6016,1,1024,157.91,1,0
1761026956095,233.98,6016,2,256,104.13,1,0
1761026958245,244.43,6016,1,32,148.65,1,0
1761026960500,233.98,6016,2,128,254.21,0,0
1761026962933,244.39,6016,1,256,431.12,0,0
1761026965018,244.43,6016,1,64,84.48,1,0
1761026967210,233.98,6016,2,128,190.39,1,0
1761026969304,244.39,6016,1,32,92.96,1,0
1761026971536,233.98,6016,2,64,230.53,0,0
1761026973643,244.43,6016,1,64,106.76,1,0
1761026975778,233.98,6016,2,32,133.78,1,0
1761026977972,244.39,6016,1,512,192.88,1,0
1761026980096,233.98,6016,2,32,122.2,1,0
1761026982267,244.43,6016,1,32,170.79,1,0
1761026984388,233.98,6016,2,128,119.7,1,0
1761026986518,244.39,6016,1,32,128.52,1,0
1761026988752,233.98,6016,2,512,232.56,0,0
1761026991100,244.43,6016,1,128,346.43,0,0
1761026993270,233.98,6016,2,512,168.31,1,0
1761026995454,244.39,6016,1,1024,181.68,1,0
1761026997665,233.98,6016,2,32,209.85,0,0
1761027000027,244.39,6016,1,1024,359.4,0,0
1761027002143,233.98,6016,2,32,115.24,1,0
1761027004432,244.39,6016,1,1024,286.85,0,0
1761027006833,244.43,6016,1,64,399.47,0,0
1761027009067,233.98,6016,2,256,232.69,0,0
1761027011540,244.64,6016,1,128,471.55,0,0
1761027013876,234.18,6016,2,128,333.86,0,0
1761027015981,244.64,6016,1,32,104.1,1,0
1761027018145,234.39,6016,2,64,162.91,1,0
1761027020363,244.84,6016,1,1024,215.1,0,0
1761027022424,234.39,6016,2,64,59.65,1,0
1761027024574,244.84,6016,1,512,148.85,1,0
1761027026809,234.39,6016,2,512,233.62,0,0
1761027028984,244.84,6016,1,1024,173.63,1,0
1761027031318,234.39,6016,2,1024,331.4,0,0
1761027033450,244.84,6016,1,128,129.93,1,0
1761027035649,234.39,6016,2,256,197.91,1,0
1761027037850,244.84,6016,1,512,200.08,0,0
1761027040250,234.39,6016,2,1024,397.53,0,0
1761027042398,244.8,6016,1,32,146.6,1,0
1761027044553,234.39,6016,2,1024,152.5,1,0
1761027046715,244.84,6016,1,256,160.64,1,0
1761027048897,244.8,6016,1,128,180.92,1,0
1761027050972,234.39,6016,2,128,73.4,1,0
1761027053133,244.84,6016,1,32,159.67,1,0
1761027055387,234.39,6016,2,32,253.21,0,0
1761027057781,244.8,6016,1,512,392.37,0,0
1761027059896,234.39,6016,2,32,114.13,1,0
1761027062047,244.84,6016,1,64,150.34,1,0
1761027064262,234.39,6016,2,256,213.08,0,0
1761027066371,244.8,6016,1,32,107.24,1,0
1761027068481,234.39,6016,2,512,108.21,1,0
1761027070649,245.05,6016,1,64,166.39,1,0
1761027072802,234.6,6016,2,512,150.81,1,0
1761027074929,244.8,6016,1,64,126.4,1,0
1761027077078,234.39,6016,2,32,147.16,1,0
1761027079370,244.84,6016,1,64,291.12,0,0
1761027081669,234.39,6016,2,128,296.72,0,0
1761027083814,244.8,6016,1,256,144.13,1,0
1761027085960,234.4,6016,2,64,146.14,1,0
1761027088116,244.84,6016,1,512,153.46,1,0
1761027090330,234.4,6016,2,64,213.08,0,0
1761027092454,244.8,6016,1,1024,121.24,1,0
1761027094573,234.4,6016,2,256,118.74,1,0
1761027096741,244.84,6016,1,256,164.53,1,0
1761027098872,234.4,6016,2,512,129.86,1,0
1761027101017,244.84,6016,1,256,143.48,1,0
1761027103277,234.4,6016,2,256,258.63,0,0
1761027105634,244.84,6016,1,128,356.11,0,0
1761027107763,234.41,6016,1,256,127.33,1,0
1761027109974,234.4,6016,2,64,211.28,0,0
1761027112083,244.84,6016,1,1024,106.21,1,0
1761027114337,234.4,6016,2,64,253.2,0,0
1761027116671,244.84,6016,1,512,332.59,0,0
1761027118856,234.4,6016,2,64,181.23,1,0
1761027120980,244.84,6016,1,128,123.24,1,0
1761027123180,234.4,6016,2,64,198.59,1,0
1761027125296,244.84,6016,1,128,113.51,1,0
1761027127489,234.4,6016,2,64,192.04,1,0
1761027129906,245.05,6016,1,64,416.22,0,0
1761027132005,234.61,6016,2,1024,95.74,1,0
1761027134156,245.05,6016,1,128,149.83,1,0
1761027136298,234.61,6016,2,1024,140.24,1,0
1761027138444,245.05,6016,1,512,144.16,1,0
1761027140637,234.81,6016,2,256,191.68,1,0
1761027142830,245.26,6016,1,32,191.94,1,0
1761027145008,234.81,6016,2,64,177.47,1,0
1761027147368,245.26,6016,1,32,358.94,0,0
1761027149551,234.81,6016,2,32,182.18,1,0
1761027151654,245.26,6016,1,1024,100.53,1,0
1761027153820,245.26,6016,1,256,164.44,1,0
1761027156007,234.81,6016,2,32,185.88,1,0
1761027158314,245.46,6016,1,512,304.08,0,0
1761027160831,235.02,6016,2,256,515.87,0,0
1761027163112,245.46,6016,1,512,279.12,0,0
1761027165229,235.02,6016,2,32,114.41,1,0
1761027167335,245.46,6016,1,512,103.46,1,0
1761027169552,235.02,6016,2,128,215.21,0,0
1761027171729,243.73,6016,1,1024,175.28,1,0
1761027174199,233.29,6016,2,32,469.5,0,0
1761027176543,243.73,6016,1,64,342.02,0,0
1761027178701,233.29,6016,2,128,156.45,1,0
1761027181107,243.7,6016,1,64,405.31,0,0
1761027183356,233.29,6016,2,128,247.7,0,0
1761027185673,243.69,6016,1,64,316.08,0,0
1761027187923,243.73,6016,1,128,248.36,0,0
1761027190166,233.29,6016,2,512,240.96,0,0
1761027192490,243.73,6016,1,512,321.28,0,0
1761027194676,233.29,6016,2,64,184.75,1,0
1761027196926,243.53,6016,1,256,247.98,0,0
1761027199295,233.08,6016,2,512,367.41,0,0
1761027201424,243.53,6016,1,1024,125.95,1,0
1761027203622,233.08,6016,2,32,197.53,1,0
1761027205771,243.53,6016,1,64,147.29,1,0
1761027207851,233.08,6016,2,128,78.01,1,0
1761027210066,243.53,6016,1,1024,211.51,0,0
1761027212423,233.08,6016,2,1024,354.42,0,0
1761027214733,243.53,6016,1,128,308.88,0,0
1761027217071,233.08,6016,2,256,336.42,0,0
1761027219415,243.53,6016,1,128,342.18,0,0
1761027221668,233.08,6016,2,1024,249.14,0,0
1761027223792,243.53,6016,1,64,122.76,1,0
1761027226006,233.08,6016,2,64,212.63,0,0
1761027228124,243.53,6016,1,512,117.23,1,0
1761027230316,233.08,6016,2,1024,189.48,1,0
1761027232436,243.49,6016,1,64,119.27,1,0
1761027234643,243.49,6016,1,512,204.51,0,0
1761027237047,233.08,6016,2,32,403.69,0,0
1761027239234,243.53,6016,1,32,185.17,1,0
1761027241407,233.08,6016,2,256,171.86,1,0
1761027243828,243.49,6016,1,32,419.93,0,0
1761027246125,233.08,6016,2,128,295.32,0,0
1761027248450,243.53,6016,1,128,323.64,0,0
1761027250513,233.08,6016,2,32,62.28,1,0
1761027252699,243.49,6016,1,512,184.18,1,0
1761027254844,233.08,6016,2,512,143.94,1,0
1761027256976,243.53,6016,1,128,130.78,1,0
1761027259177,233.08,6016,2,1024,198.76,1,0
1761027261308,243.49,6016,1,64,129.47,1,0
1761027263524,233.08,6016,2,128,215.12,0,0
1761027265904,243.32,6016,1,512,378.26,0,0
1761027268157,232.88,6016,2,64,252.2,0,0
1761027270555,243.28,6016,1,128,397.29,0,0
1761027272966,243.32,6016,1,1024,407.33,0,0
1761027275026,232.88,6016,2,32,59.44,1,0
1761027277280,243.28,6016,1,256,252.14,0,0
1761027279397,232.88,6016,2,1024,114.85,1,0
1761027281575,243.32,6016,1,64,177.23,1,0
1761027283748,232.88,6016,2,512,170.52,1,0
1761027286313,243.28,6016,1,32,563.0,0,0
1761027288627,232.88,6016,2,1024,311.19,0,0
1761027290714,243.32,6016,1,64,85.37,1,0
1761027292881,232.88,6016,2,256,164.84,1,0
1761027295188,243.28,6016,1,256,306.16,0,0
1761027297496,232.88,6016,2,64,307.01,0,0
1761027299650,243.11,6016,1,256,153.41,1,0
1761027301834,232.67,6016,2,128,183.18,1,0
1761027303948,243.07,6016,1,1024,111.27,1,0
1761027306133,232.67,6016,2,128,184.09,1,0
1761027308294,227.55,6016,1,32,160.33,1,0
1761027310421,243.11,6016,1,512,125.43,1,0
1761027312569,232.67,6016,2,64,147.02,1,0
1761027314793,243.11,6016,1,256,222.54,0,0
1761027317208,232.67,6016,2,64,411.71,0,0
1761027319386,243.11,6016,1,256,176.29,1,0
1761027321744,232.67,6016,2,1024,354.43,0,0
1761027323940,243.07,6016,1,1024,194.23,1,0
1761027326235,232.67,6016,2,128,293.33,0,0
1761027328587,243.32,6016,1,1024,346.35,0,0
1761027330991,232.88,6016,2,128,402.82,0,0
1761027333200,243.28,6016,1,512,202.97,0,0
1761027335562,233.08,6016,2,1024,358.01,0,0
1761027337701,243.53,6016,1,256,138.16,1,0
1761027339869,233.08,6016,2,512,166.75,1,0
1761027342073,243.48,6016,1,256,202.16,0,0
1761027344167,233.08,6016,2,128,92.85,1,0
1761027346507,243.53,6016,1,256,338.72,0,0
1761027348924,233.08,6016,2,64,414.98,0,0
1761027351239,243.48,6016,1,32,313.46,0,0
1761027353378,233.08,6016,2,512,134.95,1,0
1761027355629,241.75,6016,1,256,250.08,0,0
1761027357986,243.53,6016,1,512,354.82,0,0
1761027360148,233.08,6016,2,256,161.72,1,0
1761027362370,243.48,6016,1,128,220.72,0,0
1761027364750,233.08,6016,2,256,377.97,0,0
1761027366979,243.53,6016,1,64,228.24,0,0
1761027369345,233.08,6016,2,128,364.65,0,0
1761027371450,243.48,6016,1,32,103.43,1,0
1761027373619,233.08,6016,2,64,168.29,1,0
1761027375813,243.53,6016,1,512,191.88,1,0
1761027378122,233.08,6016,2,32,308.55,0,0
1761027380384,243.48,6016,1,512,260.32,0,0
1761027382523,233.08,6016,2,32,137.85,1,0
1761027384784,243.48,6016,1,32,260.27,0,0
1761027387164,243.53,6016,1,512,378.66,0,0
1761027389268,233.08,6016,2,64,103.52,1,0
1761027391433,243.48,6016,1,128,163.59,1,0
1761027393595,233.08,6016,2,64,160.02,1,0
1761027395766,243.53,6016,1,128,169.6,1,0
1761027397871,233.08,6016,2,256,104.26,1,0
1761027400038,243.48,6016,1,1024,164.78,1,0
1761027402207,233.08,6016,2,128,167.64,1,0
1761027404455,243.53,6016,1,128,247.08,0,0
1761027406924,233.08,6016,2,128,467.14,0,0
1761027409236,243.48,6016,1,128,310.99,0,0
1761027411434,233.08,6016,2,32,197.14,1,0
1761027413539,243.53,6016,1,256,103.02,1,0
1761027415678,233.08,6016,2,256,137.69,1,0
1761027417845,243.48,6016,1,1024,165.72,1,0
1761027419996,233.08,6016,2,256,149.54,1,0
1761027422110,243.48,6016,1,1024,111.12,1,0
1761027424385,243.48,6016,1,512,273.04,0,0
1761027426796,233.08,6016,2,64,410.17,0,0
1761027428930,243.53,6016,1,128,132.79,1,0
1761027431030,233.08,6016,2,1024,97.74,1,0
1761027433211,243.53,6016,1,256,180.5,1,0
1761027435385,233.08,6016,2,1024,172.65,1,0
1761027437584,243.53,6016,1,128,197.07,1,0
1761027440292,233.08,6016,2,32,706.19,0,0
1761027442384,243.53,6016,1,128,90.85,1,0
1761027444893,233.08,6016,2,1024,505.46,0,0
1761027447018,243.53,6016,1,128,123.97,1,0
1761027449146,233.29,6016,2,32,127.15,1,0
1761027451305,243.73,6016,1,128,157.6,1,0
1761027453445,233.29,6016,2,128,137.35,1,0
1761027455674,243.73,6016,1,32,228.52,0,0
1761027457845,233.29,6016,2,1024,167.85,1,0
1761027460201,243.7,6016,1,512,353.58,0,0
1761027462451,243.73,6016,1,512,248.41,0,0
1761027464791,233.29,6016,2,1024,337.82,0,0
1761027466993,243.73,6016,1,256,200.31,0,0
1761027469078,233.29,6016,2,512,83.92,1,0
1761027471251,243.73,6016,1,128,171.8,1,0
1761027473488,233.29,6016,2,1024,234.64,0,0
1761027475977,243.73,6016,1,256,487.78,0,0
1761027478324,233.29,6016,2,1024,344.31,0,0
1761027480447,243.73,6016,1,1024,119.63,1,0
1761027482622,233.29,6016,2,128,173.44,1,0
1761027484779,243.73,6016,1,128,156.15,1,0
1761027486909,233.29,6016,2,128,128.52,1,0
1761027489058,243.73,6016,1,512,147.83,1,0
1761027491225,233.29,6016,2,256,165.06,1,0
1761027493384,243.73,6016,1,64,157.6,1,0
1761027495755,243.69,6016,1,512,368.79,0,0
1761027498068,233.29,6016,2,256,311.83,0,0
1761027500412,243.69,6016,1,256,342.22,0,0
1761027502576,233.29,6016,2,512,163.29,1,0
1761027504797,243.73,6016,1,1024,219.84,0,0
1761027506913,233.29,6016,2,512,114.47,1,0
1761027509317,243.69,6016,1,64,403.41,0,0
1761027511537,233.29,6016,2,256,218.62,0,0
1761027513629,243.73,6016,1,128,90.68,1,0
1761027515786,233.49,6016,2,64,156.21,1,0
1761027517928,243.69,6016,1,128,139.79,1,0
1761027520070,233.29,6016,2,128,141.0,1,0
1761027522400,243.73,6016,1,128,328.79,0,0
1761027524672,233.29,6016,2,64,269.88,0,0
1761027526883,243.69,6016,1,128,210.0,0,0
1761027528996,233.29,6016,2,256,111.75,1,0
1761027531128,237.68,6016,1,512,130.5,1,0
1761027533300,243.69,6016,1,128,169.8,1,0
1761027535487,233.29,6016,2,1024,184.7,1,0
1761027537581,243.73,6016,1,128,91.9,1,0
1761027539743,233.29,6016,2,64,160.79,1,0
1761027541931,243.69,6016,1,64,187.41,1,0
1761027544142,233.29,6016,2,32,209.97,0,0
1761027546476,243.73,6016,1,256,332.87,0,0
1761027548612,233.29,6016,2,64,134.0,1,0
1761027550778,243.94,6016,1,64,164.34,1,0
1761027552906,233.49,6016,2,512,127.01,1,0
1761027555055,243.94,6016,1,64,148.14,1,0
1761027557324,233.49,6016,2,256,268.21,0,0
1761027559758,243.94,6016,1,256,432.47,0,0
1761027562132,233.49,6016,2,64,372.56,0,0
1761027564318,243.9,6016,1,128,184.41,1,0
1761027566795,233.51,6016,1,32,475.97,0,0
1761027568912,233.49,6016,2,128,116.09,1,0
1761027571029,243.94,6016,1,256,115.67,1,0
1761027573244,233.49,6016,2,128,212.91,0,0
1761027575330,243.94,6016,1,32,85.3,1,0
1761027577513,233.49,6016,2,256,181.48,1,0
1761027579638,243.94,6016,1,256,122.15,1,0
1761027581791,233.49,6016,2,512,150.57,1,0
1761027584076,243.94,6016,1,128,283.47,0,0
1761027586392,233.49,6016,2,256,314.77,0,0
1761027588572,243.94,6016,1,256,178.48,1,0
1761027590716,233.49,6016,2,64,142.38,1,0
1761027592886,243.94,6016,1,128,168.9,1,0
1761027595167,233.49,6016,2,512,279.83,0,0
1761027597461,243.94,6016,1,128,292.43,0,0
1761027599655,233.49,6016,2,1024,192.35,1,0
1761027601740,243.73,6016,1,128,84.4,1,0
1761027603981,233.29,6016,2,32,239.59,0,0
1761027606428,243.73,6016,1,32,445.71,0,0
1761027608848,233.29,6016,2,512,418.0,0,0
1761027610991,243.73,6016,1,32,141.96,1,0
1761027613126,243.69,6016,1,128,133.77,1,0
1761027615292,233.29,6016,2,64,164.13,1,0
1761027617416,243.73,6016,1,512,123.15,1,0
1761027619555,233.29,6016,2,256,137.18,1,0
1761027621699,243.48,6016,1,64,143.05,1,0
1761027623852,233.08,6016,2,128,152.16,1,0
1761027626079,243.32,6016,1,32,225.43,0,0
1761027628441,232.86,6016,2,512,359.83,0,0
1761027630595,243.28,6016,1,32,152.82,1,0
1761027632921,232.86,6016,2,512,324.65,0,0
1761027635058,243.32,6016,1,128,134.91,1,0
1761027637383,232.86,6016,2,64,323.94,0,0
1761027639528,243.28,6016,1,64,143.45,1,0
1761027641668,232.86,6016,2,512,138.8,1,0
1761027643777,243.32,6016,1,256,107.93,1,0
1761027645938,232.86,6016,2,1024,158.66,1,0
1761027648098,243.28,6016,1,512,158.51,1,0
1761027650327,243.32,6016,1,128,228.13,0,0
1761027652751,232.86,6016,2,1024,422.2,0,0
1761027654991,243.28,6016,1,64,238.59,0,0
1761027657306,232.86,6016,2,512,305.0,0,0
1761027659541,243.32,6016,1,64,234.63,0,0
1761027661868,232.86,6016,2,64,326.1,0,0
1761027664087,243.28,6016,1,32,218.14,0,0
1761027666221,232.86,6016,2,512,131.98,1,0
1761027668335,243.32,6016,1,512,112.91,1,0
1761027670665,232.86,6016,2,128,328.44,0,0
1761027672955,243.28,6016,1,32,289.21,0,0
1761027675074,232.87,6016,2,256,118.17,1,0
1761027677244,243.32,6016,1,32,168.77,1,0
1761027679462,232.86,6016,2,256,216.42,0,0
1761027681689,243.28,6016,1,32,225.65,0,0
1761027684003,232.87,6016,2,64,312.27,0,0
1761027686203,243.32,6016,1,512,198.01,1,0
1761027688373,232.86,6016,2,32,169.29,1,0
1761027690478,243.32,6016,1,64,103.31,1,0
1761027692735,232.87,6016,2,64,255.09,0,0
1761027695253,243.32,6016,1,32,514.83,0,0
1761027697529,232.88,6016,1,32,273.93,0,0
1761027699709,232.86,6016,2,64,178.27,1,0
1761027702117,243.32,6016,1,64,406.52,0,0
1761027704305,232.87,6016,2,128,185.87,1,0
1761027706433,243.32,6016,1,128,126.29,1,0
1761027708661,232.87,6016,2,64,226.29,0,0
1761027711018,243.32,6016,1,32,356.75,0,0
1761027713167,232.86,6016,2,1024,146.59,1,0
1761027715337,243.32,6016,1,32,168.96,1,0
1761027717492,232.87,6016,2,512,153.55,1,0
1761027719645,243.32,6016,1,256,151.25,1,0
1761027721787,232.86,6016,2,1024,141.02,1,0
1761027724032,243.32,6016,1,64,243.45,0,0
1761027726386,232.86,6016,2,32,352.35,0,0
1761027728675,243.32,6016,1,1024,286.53,0,0
1761027731027,232.86,6016,2,32,351.13,0,0
1761027733158,243.32,6016,1,256,129.81,1,0
1761027735326,234.59,6016,2,1024,166.74,1,0
1761027737571,245.05,6016,1,32,243.88,0,0
1761027739921,234.59,6016,2,32,348.48,0,0
1761027742082,245.05,6016,1,1024,158.33,1,0
1761027744230,234.59,6016,2,512,147.0,1,0
1761027746324,245.05,6016,1,128,92.38,1,0
1761027748604,234.59,6016,2,64,278.77,0,0
1761027750923,245.05,6016,1,1024,317.09,0,0
1761027753169,245.05,6016,1,128,244.34,0,0
1761027755662,234.6,6016,2,64,491.34,0,0
1761027758027,245.05,6016,1,128,363.47,0,0
1761027760181,234.59,6016,2,512,153.12,1,0
1761027762331,245.05,6016,1,64,148.56,1,0
1761027764562,234.59,6016,2,64,229.97,0,0
1761027766898,245.05,6016,1,128,333.88,0,0
1761027769045,234.59,6016,2,32,143.54,1,0
1761027771238,245.21,6016,1,512,190.55,1,0
1761027773344,234.81,6016,2,512,103.79,1,0
1761027775531,245.26,6016,1,512,185.67,1,0
1761027777660,234.81,6016,2,256,127.74,1,0
1761027779773,245.21,6016,1,32,111.11,1,0
1761027781994,234.81,6016,2,512,219.66,0,0
1761027784098,240.8,6016,1,128,102.68,1,0
1761027786290,245.21,6016,1,128,189.91,1,0
1761027788394,234.81,6016,2,512,102.18,1,0
1761027790586,245.26,6016,1,128,190.84,1,0
1761027792693,234.81,6016,2,32,106.33,1,0
1761027794862,245.21,6016,1,256,167.11,1,0
1761027797033,234.81,6016,2,1024,169.02,1,0
1761027799152,245.26,6016,1,256,118.07,1,0
1761027801382,234.81,6016,2,64,228.74,0,0
1761027803845,245.21,6016,1,512,461.68,0,0
1761027806177,234.81,6016,2,256,330.56,0,0
1761027808348,245.26,6016,1,128,167.46,1,0
1761027810484,234.81,6016,2,256,134.93,1,0
1761027812640,245.21,6016,1,1024,153.85,1,0
1761027814828,234.81,6016,2,256,186.92,1,0
1761027817060,245.26,6016,1,32,229.5,0,0
1761027819394,234.81,6016,2,64,332.48,0,0
1761027821630,245.21,6016,1,32,235.59,0,0
1761027824006,234.81,6016,2,64,373.44,0,0
1761027826200,245.22,6016,1,128,192.67,1,0
1761027828351,245.26,6016,1,512,149.4,1,0
1761027830449,234.81,6016,2,1024,96.19,1,0
1761027832621,245.26,6016,1,128,170.42,1,0
1761027834749,234.81,6016,2,1024,124.19,1,0
1761027836901,245.26,6016,1,32,151.64,1,0
1761027839060,234.81,6016,2,1024,153.43,1,0
1761027841263,245.26,6016,1,128,201.98,0,0
1761027843443,234.81,6016,2,64,177.8,1,0
1761027845788,245.26,6016,1,64,343.89,0,0
1761027847939,234.81,6016,2,512,149.13,1,0
1761027850112,245.26,6016,1,512,171.26,1,0
1761027852293,234.81,6016,2,128,180.02,1,0
1761027854790,245.46,6016,1,64,494.89,0,0
1761027857182,235.02,6016,2,512,391.04,0,0
1761027859385,245.46,6016,1,128,198.56,1,0
1761027861532,235.02,6016,2,512,145.01,1,0
1761027863619,245.46,6016,1,512,85.67,1,0
1761027865738,235.02,6016,2,512,116.54,1,0
1761027867933,245.46,6016,1,512,193.75,1,0
1761027870108,235.02,6016,2,64,174.32,1,0
1761027872211,245.46,6016,1,128,101.6,1,0
1761027874336,235.22,6016,2,512,123.75,1,0
1761027876544,245.67,6016,1,64,206.94,0,0
1761027878652,235.43,6016,2,1024,105.58,1,0
1761027881037,245.84,6016,1,64,383.85,0,0
1761027883400,245.84,6016,1,32,360.95,0,0
1761027885549,235.43,6016,2,512,147.68,1,0
1761027888068,245.88,6016,1,32,517.43,0,0
1761027890419,235.43,6016,2,256,349.27,0,0
1761027892904,245.84,6016,1,64,483.13,0,0
1761027895267,235.43,6016,2,64,361.74,0,0
1761027897411,245.67,6016,1,1024,143.46,1,0
1761027899513,235.22,6016,2,64,100.32,1,0
1761027901680,245.63,6016,1,32,166.4,1,0
1761027903815,235.22,6016,2,512,133.21,1,0
1761027905947,245.67,6016,1,1024,129.68,1,0
1761027908128,235.22,6016,2,512,179.85,1,0
1761027910264,245.63,6016,1,1024,132.81,1,0
1761027912504,235.22,6016,2,64,232.32,0,0
1761027914898,245.67,6016,1,1024,391.76,0,0
1761027917052,235.22,6016,2,1024,151.58,1,0
1761027919165,245.63,6016,1,512,111.29,1,0
1761027921332,236.96,6016,2,128,165.35,1,0
1761027923532,247.4,6016,1,128,198.79,1,0
1761027925711,236.96,6016,2,512,176.45,1,0
1761027928085,247.37,6016,1,64,372.67,0,0
1761027930296,247.4,6016,1,64,210.65,0,0
1761027932838,236.96,6016,2,1024,539.33,0,0
1761027935060,247.37,6016,1,256,221.02,0,0
1761027937281,236.96,6016,2,256,220.22,0,0
1761027939425,247.4,6016,1,128,141.99,1,0
1761027941612,236.96,6016,2,256,185.92,1,0
1761027943739,247.4,6016,1,32,125.32,1,0
1761027945904,236.96,6016,2,256,164.26,1,0
1761027948080,247.4,6016,1,256,173.96,1,0
1761027950177,236.96,6016,2,32,96.95,1,0
1761027952314,247.4,6016,1,32,135.49,1,0
1761027954538,236.96,6016,2,1024,220.97,0,0
1761027956644,247.4,6016,1,1024,103.72,1,0
1761027958761,236.96,6016,2,1024,114.22,1,0
1761027960926,247.4,6016,1,32,164.14,1,0
1761027963097,236.96,6016,2,256,168.89,1,0
1761027965226,247.4,6016,1,1024,126.94,1,0
1761027967355,236.96,6016,2,32,127.98,1,0
1761027969562,247.4,6016,1,1024,204.96,0,0
1761027971667,236.96,6016,2,64,104.15,1,0
1761027973847,247.4,6016,1,512,178.03,1,0
1761027975952,236.96,6016,2,256,103.32,1,0
1761027978163,232.16,6016,1,128,209.32,0,0
1761027980343,247.4,6016,1,512,178.84,1,0
1761027982725,236.96,6016,2,128,380.42,0,0
1761027984861,247.4,6016,1,256,134.83,1,0
1761027987025,236.96,6016,2,64,163.13,1,0
1761027989205,247.4,6016,1,64,179.64,1,0
1761027991357,236.96,6016,2,512,149.64,1,0
1761027993605,247.4,6016,1,64,246.73,0,0
1761027995990,236.96,6016,2,128,383.05,0,0
1761027998065,247.37,6016,1,64,73.17,1,0
1761028000225,236.96,6016,2,512,158.41,1,0
1761028002504,247.4,6016,1,128,277.76,0,0
1761028004840,236.96,6016,2,64,333.89,0,0
1761028006979,247.37,6016,1,64,138.91,1,0
1761028009185,236.96,6016,2,32,203.74,0,0
1761028011263,247.4,6016,1,1024,76.44,1,0
1761028013482,236.96,6016,2,1024,216.18,0,0
1761028015538,247.37,6016,1,128,54.12,1,0
1761028017703,247.4,6016,1,256,162.98,1,0
1761028019902,236.96,6016,2,64,197.77,1,0
1761028022009,247.37,6016,1,1024,104.56,1,0
1761028024164,236.96,6016,2,512,154.0,1,0
1761028026312,247.4,6016,1,512,146.03,1,0
1761028028457,236.96,6016,2,256,143.96,1,0
1761028030608,247.37,6016,1,32,149.74,1,0
1761028032758,236.96,6016,2,64,148.73,1,0
1761028034907,247.4,6016,1,64,147.77,1,0
1761028037178,236.96,6016,2,64,269.93,0,0
1761028039531,247.37,6016,1,64,351.67,0,0
1761028041727,236.96,6016,2,32,194.2,1,0
1761028043892,247.4,6016,1,128,163.97,1,0
1761028046052,236.96,6016,2,1024,157.7,1,0
1761028048401,247.37,6016,1,32,348.26,0,0
1761028050535,236.96,6016,2,64,132.33,1,0
1761028052690,244.11,6016,1,1024,153.04,1,0
1761028054859,247.4,6016,1,128,167.9,1,0
1761028057125,236.96,6016,2,32,265.41,0,0
1761028059677,247.4,6016,1,256,550.44,0,0
1761028061917,236.96,6016,2,64,238.54,0,0
1761028064051,247.4,6016,1,64,132.83,1,0
1761028066251,236.96,6016,2,512,199.08,1,0
1761028068378,247.4,6016,1,1024,125.7,1,0
1761028070550,236.96,6016,2,128,170.65,1,0
1761028072678,247.4,6016,1,256,125.82,1,0
1761028074857,236.96,6016,2,256,177.54,1,0
1761028076971,247.37,6016,1,64,112.56,1,0
1761028079126,236.96,6016,2,512,152.97,1,0
1761028081284,247.4,6016,1,32,157.5,1,0
1761028083572,236.96,6016,2,1024,285.56,0,0
1761028085837,247.37,6016,1,32,264.26,0,0
1761028088041,236.96,6016,2,512,202.72,0,0
1761028090120,247.4,6016,1,512,76.49,1,0
1761028092369,247.37,6016,1,256,248.22,0,0
1761028094786,236.96,6016,2,512,414.91,0,0
1761028097005,247.4,6016,1,512,216.98,0,0
1761028099425,236.96,6016,2,64,419.53,0,0
1761028101508,247.37,6016,1,32,81.63,1,0
1761028103680,236.96,6016,2,128,170.42,1,0
1761028105818,247.4,6016,1,32,137.26,1,0
1761028107989,236.96,6016,2,64,170.1,1,0
1761028110142,247.37,6016,1,1024,151.72,1,0
1761028112264,236.96,6016,2,128,121.53,1,0
1761028114441,247.4,6016,1,64,175.46,1,0
1761028116538,236.96,6016,2,128,96.01,1,0
1761028118764,247.37,6016,1,64,224.79,0,0
1761028120910,236.96,6016,2,256,145.25,1,0
1761028123021,247.4,6016,1,256,110.22,1,0
1761028125158,236.96,6016,2,128,136.69,1,0
1761028127331,247.37,6016,1,64,170.99,1,0
1761028129465,236.96,6016,2,256,132.7,1,0
1761028131592,247.4,6016,1,1024,125.62,1,0
1761028133742,238.69,6016,2,128,148.09,1,0
1761028135940,249.1,6016,1,1024,196.51,1,0
1761028138099,238.69,6016,2,1024,157.66,1,0
1761028140194,249.13,6016,1,32,93.1,1,0
1761028142385,249.1,6016,1,32,189.26,1,0
1761028144511,238.69,6016,2,128,125.84,1,0
1761028146646,249.34,6016,1,1024,132.55,1,0
1761028148819,238.9,6016,2,1024,170.95,1,0
1761028151006,249.3,6016,1,256,185.8,1,0
1761028153278,238.9,6016,2,1024,269.78,0,0
1761028155532,249.34,6016,1,256,252.71,0,0
1761028157819,238.9,6016,2,128,285.51,0,0
1761028160145,249.3,6016,1,64,324.92,0,0
1761028162324,238.9,6016,2,64,177.39,1,0
1761028164451,249.34,6016,1,32,126.24,1,0
1761028166599,238.9,6016,2,128,145.91,1,0
1761028168768,249.3,6016,1,512,168.29,1,0
1761028170927,238.9,6016,2,512,157.59,1,0
1761028173095,249.34,6016,1,1024,165.08,1,0
1761028175183,238.9,6016,2,64,86.85,1,0
1761028177450,249.3,6016,1,64,265.85,0,0
1761028179802,238.9,6016,2,1024,349.38,0,0
1761028181975,249.34,6016,1,1024,170.71,1,0
1761028184192,249.3,6016,1,32,215.64,0,0
1761028186591,238.9,6016,2,256,397.62,0,0
1761028188726,249.34,6016,1,512,133.28,1,0
1761028190891,238.9,6016,2,512,162.87,1,0
1761028193081,249.34,6016,1,256,189.19,1,0
1761028195255,238.9,6016,2,32,172.41,1,0
1761028197650,249.34,6016,1,32,393.45,0,0
1761028199984,238.9,6016,2,1024,331.66,0,0
1761028202212,249.34,6016,1,256,226.51,0,0
1761028204341,238.9,6016,2,1024,126.78,1,0
1761028206550,249.34,6016,1,128,207.02,0,0
1761028208731,238.9,6016,2,512,180.35,1,0
1761028210818,249.34,6016,1,128,85.54,1,0
1761028212969,238.9,6016,2,1024,148.23,1,0
1761028215108,249.34,6016,1,32,137.25,1,0
1761028217312,238.9,6016,2,64,202.84,0,0
1761028219428,249.34,6016,1,1024,115.12,1,0
1761028221500,238.9,6016,2,1024,69.17,1,0
1761028223723,249.34,6016,1,256,221.45,0,0
1761028225870,238.9,6016,2,64,145.21,1,0
1761028228007,232.95,6016,2,32,135.86,1,0
1761028230156,249.3,6016,1,512,148.01,1,0
1761028232429,238.9,6016,2,512,271.27,0,0
1761028234767,249.34,6016,1,64,337.3,0,0
1761028236981,238.9,6016,2,1024,211.51,0,0
1761028239428,249.3,6016,1,128,446.75,0,0
1761028241791,238.9,6016,2,32,361.47,0,0
1761028243945,249.34,6016,1,1024,152.42,1,0
1761028246123,238.9,6016,2,64,177.92,1,0
1761028248227,249.3,6016,1,128,102.05,1,0
1761028250390,238.9,6016,2,512,162.09,1,0
1761028252781,249.34,6016,1,512,390.15,0,0
1761028255163,238.9,6016,2,128,380.71,0,0
1761028257491,249.3,6016,1,512,326.28,0,0
1761028259652,238.9,6016,2,256,157.75,1,0
1761028261791,249.34,6016,1,1024,137.49,1,0
1761028263910,238.9,6016,2,1024,116.75,1,0
1761028266165,249.3,6016,1,512,253.91,0,0
1761028268552,238.9,6016,2,64,385.69,0,0
1761028270669,249.34,6016,1,256,114.81,1,0
1761028272841,238.9,6016,2,32,171.11,1,0
1761028274983,249.3,6016,1,32,140.64,1,0
1761028277124,238.9,6016,2,256,135.39,1,0
1761028279282,243.29,6016,1,256,153.64,1,0
1761028281403,249.13,6016,1,256,119.74,1,0
1761028283701,238.69,6016,2,64,296.62,0,0
1761028286055,249.1,6016,1,512,352.61,0,0
1761028288199,238.69,6016,2,256,141.91,1,0
1761028290336,249.13,6016,1,256,135.74,1,0
1761028292500,238.69,6016,2,32,162.3,1,0
1761028294696,249.1,6016,1,1024,194.03,1,0
1761028296787,238.69,6016,2,256,89.1,1,0
1761028298965,249.13,6016,1,256,177.19,1,0
1761028301133,238.69,6016,2,64,166.6,1,0
1761028303271,249.1,6016,1,64,136.47,1,0
1761028305401,238.69,6016,2,32,128.44,1,0
1761028307481,249.13,6016,1,1024,78.43,1,0
1761028309744,238.69,6016,2,32,261.46,0,0
1761028312187,249.13,6016,1,1024,439.84,0,0
1761028314600,238.69,6016,2,256,410.0,0,0
1761028316717,249.13,6016,1,512,114.68,1,0
1761028319064,238.69,6016,2,64,345.88,0,0
1761028321381,249.1,6016,1,128,315.82,0,0
1761028323467,249.13,6016,1,256,84.82,1,0
1761028325782,238.69,6016,2,512,311.65,0,0
1761028328122,248.93,6016,1,32,339.13,0,0
1761028330213,238.48,6016,2,64,89.92,1,0
1761028332412,248.93,6016,1,512,197.16,1,0
1761028334644,238.48,6016,2,1024,229.06,0,0
1761028337041,248.93,6016,1,64,396.24,0,0
1761028339152,238.48,6016,2,32,110.46,1,0
1761028341350,248.89,6016,1,256,195.65,1,0
1761028343455,238.48,6016,2,512,103.36,1,0
1761028345636,248.93,6016,1,512,178.56,1,0
1761028347756,238.48,6016,2,512,118.82,1,0
1761028349909,248.89,6016,1,256,151.54,1,0
1761028352089,238.48,6016,2,128,170.0,1,0
1761028354303,248.93,6016,1,128,212.9,0,0
1761028356650,238.48,6016,2,32,345.79,0,0
1761028358859,248.89,6016,1,32,208.44,0,0
1761028360969,238.48,6016,2,128,107.15,1,0
1761028363156,248.93,6016,1,32,185.96,1,0
1761028365257,248.89,6016,1,256,99.73,1,0
1761028367387,238.48,6016,2,1024,128.07,1,0
1761028369597,248.93,6016,1,64,207.91,0,0
1761028371667,238.48,6016,2,512,68.35,1,0
1761028373900,248.89,6016,1,512,231.23,0,0
1761028375981,238.48,6016,2,128,79.24,1,0
1761028378180,248.93,6016,1,1024,197.77,1,0
1761028380296,238.48,6016,2,64,114.85,1,0
1761028382526,248.89,6016,1,32,225.99,0,0
1761028384649,238.48,6016,2,256,121.84,1,0
1761028387067,248.93,6016,1,1024,414.42,0,0
1761028389198,238.48,6016,2,64,129.42,1,0
1761028391314,248.89,6016,1,128,113.72,1,0
1761028393488,238.48,6016,2,32,173.14,1,0
1761028395729,248.93,6016,1,1024,238.81,0,0
1761028398058,238.48,6016,2,128,327.17,0,0
1761028400284,248.89,6016,1,1024,223.93,0,0
1761028402393,238.48,6016,2,1024,106.12,1,0
1761028404626,248.93,6016,1,512,230.01,0,0
1761028407036,238.48,6016,2,64,409.33,0,0
1761028409247,248.93,6016,1,256,209.76,0,0
1761028411564,238.48,6016,2,512,315.11,0,0
1761028413770,248.93,6016,1,64,204.81,0,0
1761028415892,238.5,6016,1,32,120.47,1,0
1761028418078,238.48,6016,2,1024,183.97,1,0
1761028420190,248.93,6016,1,32,110.36,1,0
1761028422478,238.48,6016,2,128,287.61,0,0
1761028424785,248.93,6016,1,512,305.61,0,0
1761028427022,238.48,6016,2,256,235.09,0,0
1761028429119,248.93,6016,1,1024,96.06,1,0
1761028431401,238.48,6016,2,32,279.88,0,0
1761028433732,248.93,6016,1,32,330.33,0,0
1761028435959,238.48,6016,2,512,224.59,0,0
1761028438317,248.93,6016,1,64,357.08,0,0
1761028440557,238.48,6016,2,1024,237.55,0,0
1761028442888,248.93,6016,1,128,328.3,0,0
1761028445029,238.48,6016,2,64,140.98,1,0
1761028447204,248.93,6016,1,32,173.06,1,0
1761028449331,238.48,6016,2,512,124.81,1,0
1761028451577,248.93,6016,1,32,245.2,0,0
1761028453994,238.48,6016,2,32,415.79,0,0
1761028456104,248.93,6016,1,64,107.22,1,0
1761028458282,238.48,6016,2,128,176.7,1,0
1761028460408,248.93,6016,1,512,124.98,1,0
1761028462544,238.48,6016,2,64,135.33,1,0
1761028464699,248.93,6016,1,1024,152.17,1,0
1761028466881,238.48,6016,2,64,180.99,1,0
1761028469092,248.89,6016,1,512,208.95,0,0
1761028471555,248.89,6016,1,512,461.21,0,0
1761028473940,238.48,6016,2,1024,382.13,0,0
1761028476165,248.93,6016,1,1024,221.64,0,0
1761028478627,238.48,6016,2,256,461.41,0,0
1761028481007,248.89,6016,1,1024,376.34,0,0
1761028483134,238.48,6016,2,64,127.07,1,0
1761028485322,248.93,6016,1,32,187.24,1,0
1761028487611,238.48,6016,2,128,287.96,0,0
1761028489977,248.89,6016,1,32,365.97,0,0
1761028492287,238.48,6016,2,1024,307.89,0,0
1761028494451,248.93,6016,1,128,162.21,1,0
1761028496642,238.48,6016,2,512,188.87,1,0
1761028498829,248.89,6016,1,256,186.4,1,0
1761028500929,238.48,6016,2,32,98.65,1,0
1761028503051,248.93,6016,1,512,121.09,1,0
1761028505232,238.48,6016,2,64,180.28,1,0
1761028507338,248.89,6016,1,64,104.36,1,0
1761028509532,238.48,6016,2,32,193.4,1,0
1761028511746,248.89,6016,1,1024,211.45,0,0
1761028514098,248.89,6016,1,256,350.98,0,0
1761028516300,238.48,6016,2,32,200.89,0,0
1761028518480,248.93,6016,1,64,179.13,1,0
1761028520549,238.48,6016,2,1024,67.69,1,0
1761028522726,248.93,6016,1,256,175.47,1,0
1761028524916,238.48,6016,2,128,188.19,1,0
1761028527080,248.93,6016,1,32,162.62,1,0
1761028529208,238.48,6016,2,512,125.37,1,0
1761028531405,249.13,6016,1,512,195.02,1,0
1761028533806,238.69,6016,2,512,399.77,0,0
1761028536063,249.13,6016,1,128,255.83,0,0
1761028538401,238.69,6016,2,1024,336.17,0,0
1761028540543,249.13,6016,1,64,139.85,1,0
1761028542696,238.69,6016,2,256,152.45,1,0
1761028544847,248.93,6016,1,32,150.04,1,0
1761028547055,238.48,6016,2,512,206.78,0,0
1761028549195,248.93,6016,1,256,138.01,1,0
1761028551353,238.48,6016,2,32,156.96,1,0
1761028553810,248.93,6016,1,512,454.85,0,0
1761028556181,238.48,6016,2,512,369.93,0,0
1761028558348,248.93,6016,1,32,165.45,1,0
1761028560517,238.48,6016,2,512,167.17,1,0
1761028562643,248.89,6016,1,512,124.95,1,0
1761028564758,248.93,6016,1,64,114.07,1,0
1761028566961,238.48,6016,2,1024,201.6,0,0
1761028569059,248.93,6016,1,64,95.49,1,0
1761028571214,238.48,6016,2,32,153.65,1,0
1761028573384,248.93,6016,1,64,169.11,1,0
1761028575637,238.48,6016,2,512,250.2,0,0
1761028577997,248.93,6016,1,32,359.6,0,0
1761028580150,238.69,6016,2,512,152.13,1,0
1761028582299,249.13,6016,1,128,147.46,1,0
1761028584537,238.69,6016,2,512,236.69,0,0
1761028587043,249.1,6016,1,256,503.51,0,0
1761028589339,238.69,6016,2,1024,294.1,0,0
1761028591619,249.13,6016,1,32,278.58,0,0
1761028594018,238.69,6016,2,32,398.36,0,0
1761028596423,249.1,6016,1,1024,403.79,0,0
1761028598537,238.69,6016,2,512,111.72,1,0
1761028600688,242.34,6016,1,512,149.75,1,0
1761028602852,249.1,6016,1,256,162.4,1,0
1761028605056,238.69,6016,2,32,202.93,0,0
1761028607162,249.13,6016,1,128,105.01,1,0
1761028609493,238.69,6016,2,128,329.63,0,0
1761028611732,249.1,6016,1,64,237.79,0,0
1761028613912,238.69,6016,2,256,178.8,1,0
1761028616075,249.13,6016,1,256,160.77,1,0
1761028618226,238.69,6016,2,512,149.96,1,0
1761028620445,249.1,6016,1,512,217.03,0,0
1761028622960,238.69,6016,2,32,513.78,0,0
1761028625280,249.13,6016,1,64,319.3,0,0
1761028627425,238.69,6016,2,1024,142.07,1,0
1761028629670,249.13,6016,1,512,243.17,0,0
1761028632034,238.69,6016,2,256,362.94,0,0
1761028634138,249.13,6016,1,256,102.62,1,0
1761028636275,238.71,6016,1,256,135.93,1,0
1761028638504,238.69,6016,2,1024,225.78,0,0
1761028640606,249.13,6016,1,256,101.87,1,0
1761028642786,238.69,6016,2,64,179.21,1,0
1761028644926,249.13,6016,1,128,138.97,1,0
1761028647052,238.69,6016,2,512,125.39,1,0
1761028649179,249.13,6016,1,128,125.38,1,0
1761028651504,238.69,6016,2,64,323.73,0,0
1761028653808,249.13,6016,1,512,302.95,0,0
1761028656083,238.69,6016,2,128,273.51,0,0
1761028658421,249.13,6016,1,64,336.73,0,0
1761028660611,238.69,6016,2,64,189.21,1,0
1761028662736,248.93,6016,1,256,124.26,1,0
1761028664845,238.48,6016,2,1024,106.18,1,0
1761028666995,248.93,6016,1,128,150.15,1,0
1761028669189,238.48,6016,2,256,192.0,1,0
1761028671314,248.93,6016,1,32,123.55,1,0
1761028673467,248.93,6016,1,256,151.53,1,0
1761028675601,238.48,6016,2,512,132.64,1,0
1761028677897,248.93,6016,1,256,294.79,0,0
1761028680271,238.48,6016,2,256,372.5,0,0
1761028682390,248.93,6016,1,128,117.26,1,0
1761028684510,238.48,6016,2,64,119.11,1,0
1761028686662,248.93,6016,1,1024,150.5,1,0
1761028688793,238.48,6016,2,64,130.23,1,0
1761028690970,248.93,6016,1,256,175.76,1,0
1761028693095,238.48,6016,2,64,123.51,1,0
1761028695272,248.93,6016,1,256,175.68,1,0
1761028697422,238.48,6016,2,1024,147.7,1,0
1761028699664,248.93,6016,1,64,241.16,0,0
1761028702084,238.48,6016,2,32,418.31,0,0
1761028704481,248.93,6016,1,1024,394.47,0,0
1761028706620,238.48,6016,2,32,138.01,1,0
1761028708854,248.93,6016,1,256,232.57,0,0
1761028711230,238.48,6016,2,1024,373.21,0,0
1761028713395,248.93,6016,1,128,164.14,1,0
1761028715508,238.48,6016,2,256,112.39,1,0
1761028717686,248.89,6016,1,32,176.48,1,0
1761028719810,248.93,6016,1,64,121.78,1,0
1761028722035,238.48,6016,2,1024,222.99,0,0
1761028724149,248.89,6016,1,64,112.67,1,0
1761028726277,238.48,6016,2,32,125.07,1,0
1761028728399,248.93,6016,1,512,119.96,1,0
1761028730591,238.48,6016,2,256,190.24,1,0
1761028732767,248.89,6016,1,1024,173.51,1,0
1761028734920,238.48,6016,2,1024,151.98,1,0
1761028737088,248.93,6016,1,32,166.93,1,0
1761028739300,238.48,6016,2,512,210.56,0,0
1761028741580,248.89,6016,1,64,277.17,0,0
1761028743733,238.48,6016,2,256,151.71,1,0
1761028745965,248.93,6016,1,64,231.46,0,0
1761028748350,238.48,6016,2,256,383.25,0,0
1761028750497,248.89,6016,1,256,145.82,1,0
1761028752626,238.48,6016,2,32,128.01,1,0
1761028754789,248.93,6016,1,64,162.38,1,0
1761028756939,238.48,6016,2,1024,144.99,1,0
1761028759165,248.89,6016,1,256,224.32,0,0
1761028761265,238.48,6016,2,32,99.4,1,0
1761028763437,248.89,6016,1,128,170.09,1,0
1761028765578,248.89,6016,1,256,140.52,1,0
1761028767718,238.48,6016,2,512,137.93,1,0
1761028769848,248.93,6016,1,512,129.92,1,0
1761028772005,238.48,6016,2,256,155.97,1,0
1761028774189,248.89,6016,1,32,183.14,1,0
1761028776277,238.48,6016,2,256,86.91,1,0
1761028778502,248.93,6016,1,256,224.48,0,0
1761028780602,238.48,6016,2,64,99.15,1,0
1761028782922,248.89,6016,1,1024,317.75,0,0
1761028785199,238.48,6016,2,64,275.68,0,0
1761028787397,248.93,6016,1,128,197.31,1,0
1761028789528,238.48,6016,2,32,129.44,1,0
1761028791708,248.89,6016,1,128,178.68,1,0
1761028793804,238.69,6016,2,1024,94.92,1,0
1761028796041,249.13,6016,1,64,235.86,0,0
1761028798409,238.69,6016,2,32,366.91,0,0
1761028800599,249.13,6016,1,256,188.51,1,0
1761028803003,249.13,6016,1,512,403.22,0,0
1761028805198,238.69,6016,2,128,193.84,1,0
1761028807289,249.13,6016,1,512,90.28,1,0
1761028809534,238.69,6016,2,32,244.44,0,0
1761028811957,249.13,6016,1,128,421.71,0,0
1761028814095,238.69,6016,2,512,137.85,1,0
1761028816313,249.13,6016,1,128,216.65,0,0
1761028818802,238.69,6016,2,1024,488.06,0,0
1761028821111,249.13,6016,1,32,307.86,0,0
1761028823306,238.69,6016,2,32,194.25,1,0
1761028825444,249.13,6016,1,1024,135.08,1,0
1761028827563,238.69,6016,2,256,117.86,1,0
1761028829776,249.13,6016,1,64,211.24,0,0
1761028831872,238.69,6016,2,256,95.66,1,0
1761028834033,249.1,6016,1,128,159.89,1,0
1761028836214,249.1,6016,1,1024,178.79,1,0
1761028838403,238.69,6016,2,1024,186.43,1,0
1761028840801,249.13,6016,1,1024,395.0,0,0
1761028843044,238.69,6016,2,256,242.08,0,0
1761028845534,249.1,6016,1,256,487.48,0,0
1761028847906,238.69,6016,2,32,370.63,0,0
1761028850003,249.13,6016,1,512,95.11,1,0
1761028852113,238.69,6016,2,32,108.51,1,0
1761028854286,249.1,6016,1,64,171.95,1,0
1761028856437,238.69,6016,2,32,150.34,1,0
1761028858570,249.13,6016,1,64,130.97,1,0
1761028860744,238.69,6016,2,128,173.81,1,0
1761028862908,249.1,6016,1,256,163.44,1,0
1761028865047,238.69,6016,2,64,137.6,1,0
1761028867239,249.13,6016,1,1024,189.33,1,0
1761028869365,238.69,6016,2,64,124.29,1,0
1761028871523,249.1,6016,1,128,157.13,1,0
1761028873658,238.69,6016,2,32,133.54,1,0
1761028875782,249.13,6016,1,64,122.17,1,0
1761028878016,238.69,6016,2,128,233.05,0,0
1761028880386,249.1,6016,1,128,369.03,0,0
1761028882567,238.69,6016,2,64,179.98,1,0
1761028884699,249.13,6016,1,256,129.89,1,0
1761028886829,248.97,6016,1,64,128.91,1,0
1761028888981,238.69,6016,2,128,151.48,1,0
1761028891158,249.13,6016,1,512,175.21,1,0
1761028893296,238.69,6016,2,64,137.01,1,0
1761028895488,249.13,6016,1,64,190.42,1,0
1761028897677,238.69,6016,2,1024,186.29,1,0
1761028900005,249.13,6016,1,64,327.56,0,0
1761028902212,238.69,6016,2,512,206.0,0,0
1761028904295,249.13,6016,1,512,80.87,1,0
1761028906539,238.69,6016,2,32,243.18,0,0
1761028908904,249.13,6016,1,256,361.77,0,0
1761028911126,238.69,6016,2,128,220.8,0,0
1761028913448,249.34,6016,1,32,320.95,0,0
1761028915761,238.9,6016,2,128,311.72,0,0
1761028918154,249.34,6016,1,64,391.5,0,0
1761028920334,238.9,6016,2,128,178.81,1,0
1761028922451,249.34,6016,1,512,116.22,1,0
1761028924605,238.9,6016,2,128,152.15,1,0
1761028926777,249.34,6016,1,128,170.53,1,0
1761028928954,238.9,6016,2,128,175.63,1,0
1761028931041,249.34,6016,1,64,86.69,1,0
1761028933187,238.9,6016,2,64,144.45,1,0
1761028935337,249.34,6016,1,32,149.22,1,0
1761028937611,238.9,6016,2,512,272.21,0,0
1761028939951,249.3,6016,1,64,339.01,0,0
1761028942073,238.9,6016,2,32,120.5,1,0
1761028944237,249.34,6016,1,512,162.71,1,0
1761028946417,238.9,6016,2,32,177.93,1,0
1761028948562,249.3,6016,1,256,144.79,1,0
1761028950674,249.3,6016,1,64,110.23,1,0
1761028952907,238.9,6016,2,128,232.25,0,0
1761028955086,249.34,6016,1,256,178.09,1,0
1761028957438,238.9,6016,2,64,351.45,0,0
1761028959810,249.3,6016,1,512,369.61,0,0
1761028962081,238.9,6016,2,32,269.23,0,0
1761028964190,249.34,6016,1,512,107.39,1,0
1761028966463,238.9,6016,2,1024,270.82,0,0
1761028968974,249.3,6016,1,256,509.81,0,0
1761028971245,238.9,6016,2,64,269.86,0,0
1761028973412,249.34,6016,1,1024,165.29,1,0
1761028975555,238.9,6016,2,64,141.04,1,0
1761028977702,249.34,6016,1,512,144.85,1,0
1761028979920,238.9,6016,2,32,216.52,0,0
1761028982065,249.34,6016,1,32,144.47,1,0
1761028984432,238.9,6016,2,128,364.87,0,0
1761028986629,249.34,6016,1,32,196.58,1,0
1761028988794,238.9,6016,2,128,162.87,1,0
1761028990881,249.34,6016,1,256,85.07,1,0
1761028993048,238.9,6016,2,64,166.1,1,0
1761028995211,249.11,6016,1,32,162.1,1,0
1761028997327,249.3,6016,1,512,114.12,1,0
1761028999508,238.9,6016,2,1024,178.55,1,0
1761029001651,249.34,6016,1,64,141.41,1,0
1761029003820,238.9,6016,2,128,168.13,1,0
1761029005929,249.3,6016,1,32,107.8,1,0
1761029008121,238.9,6016,2,256,190.54,1,0
1761029010228,249.34,6016,1,256,104.49,1,0
1761029012406,238.9,6016,2,512,177.01,1,0
1761029014618,249.3,6016,1,64,210.58,0,0
1761029017092,238.9,6016,2,512,471.55,0,0
1761029019516,249.34,6016,1,32,422.44,0,0
1761029021596,238.9,6016,2,256,77.73,1,0
1761029023749,249.3,6016,1,64,152.34,1,0
1761029025941,238.9,6016,2,1024,186.49,1,0
1761029028048,249.34,6016,1,256,105.98,1,0
1761029030215,238.9,6016,2,1024,164.4,1,0
1761029032410,249.3,6016,1,128,194.2,1,0
1761029034543,238.9,6016,2,32,131.84,1,0
1761029036613,235.85,6016,1,1024,65.1,1,0
1761029038794,249.3,6016,1,1024,179.43,1,0
1761029040933,238.9,6016,2,128,138.32,1,0
1761029043153,249.34,6016,1,256,218.32,0,0
1761029045227,238.9,6016,2,256,71.89,1,0
1761029047433,249.3,6016,1,512,204.85,0,0
1761029049537,238.9,6016,2,64,101.79,1,0
1761029051699,249.34,6016,1,64,160.95,1,0
1761029053828,238.9,6016,2,64,128.44,1,0
1761029056081,249.3,6016,1,256,251.55,0,0
1761029058444,238.9,6016,2,256,361.59,0,0
1761029060633,249.34,6016,1,256,187.27,1,0
1761029062859,238.9,6016,2,512,224.92,0,0
1761029065354,249.34,6016,1,128,493.65,0,0
1761029067676,238.9,6016,2,128,320.17,0,0
1761029069810,249.34,6016,1,64,132.46,1,0
1761029071921,238.9,6016,2,64,109.88,1,0
1761029074107,249.34,6016,1,512,184.8,1,0
1761029076313,238.9,6016,2,256,204.49,0,0
1761029078427,249.34,6016,1,1024,112.92,1,0
1761029080538,238.9,6016,2,1024,107.59,1,0
1761029082766,249.34,6016,1,64,226.77,0,0
1761029084940,238.9,6016,2,1024,168.83,1,0
1761029087278,249.34,6016,1,256,337.02,0,0
1761029089452,238.9,6016,2,32,172.35,1,0
1761029091630,249.3,6016,1,32,176.85,1,0
1761029093798,249.3,6016,1,256,166.49,1,0
1761029095874,238.9,6016,2,256,74.62,1,0
1761029098032,249.34,6016,1,32,157.42,1,0
1761029100199,238.9,6016,2,512,166.11,1,0
1761029102355,249.3,6016,1,64,155.67,1,0
1761029104615,238.9,6016,2,128,258.9,0,0
1761029107032,249.34,6016,1,128,414.71,0,0
1761029109545,238.9,6016,2,256,511.86,0,0
1761029111897,249.3,6016,1,32,350.3,0,0
1761029113982,238.9,6016,2,256,84.48,1,0
1761029116166,249.34,6016,1,1024,182.43,1,0
1761029118299,238.9,6016,2,256,127.7,1,0
1761029120529,249.3,6016,1,64,229.02,0,0
1761029122584,238.9,6016,2,512,52.59,1,0
1761029124755,249.34,6016,1,32,170.21,1,0
1761029126897,238.9,6016,2,64,141.86,1,0
1761029129064,249.3,6016,1,256,165.93,1,0
1761029131151,238.9,6016,2,32,85.86,1,0
1761029133343,249.34,6016,1,256,190.81,1,0
1761029135795,238.9,6016,2,1024,449.19,0,0
1761029137999,249.3,6016,1,128,202.71,0,0
1761029140088,249.3,6016,1,1024,87.51,1,0
1761029142277,238.9,6016,2,64,187.84,1,0
1761029144423,249.34,6016,1,32,144.82,1,0
1761029146563,238.9,6016,2,256,138.29,1,0
1761029148712,249.1,6016,1,512,148.31,1,0
1761029150892,238.69,6016,2,32,179.05,1,0
1761029153033,249.13,6016,1,256,136.55,1,0
1761029155342,238.69,6016,2,512,307.49,0,0
1761029157633,249.1,6016,1,32,287.76,0,0
1761029159759,238.69,6016,2,32,124.56,1,0
1761029161869,249.13,6016,1,128,109.37,1,0
1761029164061,238.69,6016,2,1024,189.67,1,0
1761029166223,249.1,6016,1,32,160.63,1,0
1761029168425,238.69,6016,2,64,201.15,0,0
1761029170874,249.13,6016,1,512,446.87,0,0
1761029172944,238.69,6016,2,1024,67.81,1,0
1761029175254,249.1,6016,1,32,309.43,0,0
1761029177634,238.69,6016,2,32,378.35,0,0
1761029179927,249.13,6016,1,128,291.56,0,0
1761029182217,238.69,6016,2,32,287.85,0,0
1761029184583,249.1,6016,1,512,365.08,0,0
1761029186821,238.69,6016,2,64,236.89,0,0
1761029189227,245.84,6016,1,256,403.93,0,0
1761029191445,249.13,6016,1,64,217.07,0,0
1761029193777,238.69,6016,2,32,330.63,0,0
1761029196171,249.13,6016,1,1024,391.2,0,0
1761029198397,238.69,6016,2,64,224.44,0,0
1761029200687,249.13,6016,1,1024,286.81,0,0
1761029203007,238.69,6016,2,32,319.1,0,0
1761029205189,249.13,6016,1,1024,179.84,1,0
1761029207583,238.69,6016,2,256,393.53,0,0
1761029209807,249.13,6016,1,256,221.47,0,0
1761029212001,238.69,6016,2,512,193.25,1,0
1761029214421,249.13,6016,1,128,418.82,0,0
1761029216574,238.69,6016,2,64,151.76,1,0
1761029218751,249.13,6016,1,32,175.49,1,0
1761029220971,238.69,6016,2,128,218.5,0,0
1761029223322,249.13,6016,1,512,348.62,0,0
1761029225450,238.69,6016,2,32,127.93,1,0
1761029227586,249.13,6016,1,512,134.3,1,0
1761029229844,238.69,6016,2,256,256.31,0,0
1761029232206,249.13,6016,1,256,359.72,0,0
1761029234326,238.69,6016,2,512,118.82,1,0
1761029236487,243.09,6016,1,512,159.3,1,0
1761029238627,248.89,6016,1,1024,139.03,1,0
1761029240923,238.48,6016,2,32,294.4,0,0
1761029243316,248.93,6016,1,512,391.39,0,0
1761029245401,238.48,6016,2,256,83.68,1,0
1761029247678,248.89,6016,1,128,276.02,0,0
1761029249787,238.48,6016,2,32,108.06,1,0
1761029252232,248.93,6016,1,1024,443.15,0,0
1761029254585,238.48,6016,2,32,351.96,0,0
1761029256778,248.89,6016,1,64,191.93,1,0
1761029258909,238.48,6016,2,128,130.24,1,0
1761029261063,248.93,6016,1,32,152.48,1,0
1761029263346,238.48,6016,2,1024,281.42,0,0
1761029265766,248.89,6016,1,1024,417.32,0,0
1761029268108,238.48,6016,2,256,340.43,0,0
1761029270291,248.93,6016,1,256,181.81,1,0
1761029272439,238.48,6016,2,512,145.79,1,0
1761029274579,248.89,6016,1,128,138.35,1,0
1761029276726,238.48,6016,2,512,144.76,1,0
1761029279001,248.93,6016,1,128,274.5,0,0
1761029281178,238.48,6016,2,256,174.61,1,0
1761029283516,248.89,6016,1,1024,335.11,0,0
1761029285612,238.48,6016,2,1024,92.86,1,0
1761029287787,248.89,6016,1,256,173.45,1,0
1761029289922,248.89,6016,1,64,133.88,1,0
1761029292044,238.48,6016,2,64,120.93,1,0
1761029294200,248.93,6016,1,512,154.15,1,0
1761029296332,238.48,6016,2,64,130.52,1,0
1761029298496,248.89,6016,1,64,163.08,1,0
1761029300664,238.48,6016,2,1024,165.43,1,0
1761029302955,248.93,6016,1,128,290.68,0,0
1761029305241,238.48,6016,2,256,284.76,0,0
1761029307455,248.93,6016,1,256,211.41,0,0
1761029309750,238.48,6016,2,1024,293.33,0,0
1761029312015,248.93,6016,1,1024,261.18,0,0
1761029314316,238.48,6016,2,1024,299.53,0,0
1761029316624,248.93,6016,1,128,306.98,0,0
1761029318848,238.48,6016,2,64,222.1,0,0
1761029320956,248.93,6016,1,1024,106.05,1,0
1761029323085,238.48,6016,2,1024,122.57,1,0
1761029325304,248.93,6016,1,256,217.83,0,0
1761029327759,238.48,6016,2,64,453.82,0,0
1761029330103,248.93,6016,1,512,341.99,0,0
1761029332276,238.48,6016,2,1024,171.26,1,0
1761029334492,248.93,6016,1,1024,213.96,0,0
1761029336877,238.48,6016,2,32,382.94,0,0
1761029339066,248.93,6016,1,1024,186.73,1,0
1761029341215,238.48,6016,2,128,148.45,1,0
1761029343441,246.0,6016,1,512,224.33,0,0
1761029345794,248.89,6016,1,512,351.75,0,0
1761029348023,238.48,6016,2,64,227.85,0,0
1761029350419,248.93,6016,1,1024,394.67,0,0
1761029352547,238.48,6016,2,1024,125.3,1,0
1761029354712,248.89,6016,1,128,163.96,1,0
1761029356830,238.48,6016,2,512,115.8,1,0
1761029359019,248.93,6016,1,32,188.27,1,0
1761029361132,238.48,6016,2,64,112.94,1,0
1761029363326,248.89,6016,1,32,193.07,1,0
1761029365449,238.48,6016,2,128,121.42,1,0
1761029367620,248.93,6016,1,1024,169.72,1,0
1761029369718,238.48,6016,2,64,96.85,1,0
1761029371887,248.89,6016,1,32,167.44,1,0
1761029374229,238.48,6016,2,256,340.83,0,0
1761029376650,248.93,6016,1,128,419.31,0,0
1761029378925,238.48,6016,2,64,274.04,0,0
1761029381220,248.68,6016,1,512,292.88,0,0
1761029383557,238.28,6016,2,64,335.09,0,0
1761029385710,248.72,6016,1,64,151.19,1,0
1761029387854,238.28,6016,2,256,142.86,1,0
1761029389981,248.68,6016,1,1024,123.04,1,0
1761029392196,238.28,6016,2,64,214.76,0,0
1761029394305,248.72,6016,1,512,107.06,1,0
1761029396506,248.68,6016,1,32,198.94,1,0
1761029398737,238.28,6016,2,64,229.62,0,0
1761029401069,248.72,6016,1,32,330.36,0,0
1761029403216,238.28,6016,2,128,145.5,1,0
1761029405426,248.93,6016,1,64,209.44,0,0
1761029407825,238.48,6016,2,64,396.15,0,0
1761029410036,248.93,6016,1,128,209.06,0,0
1761029412456,238.48,6016,2,32,419.06,0,0
1761029414670,248.93,6016,1,256,212.84,0,0
1761029416994,238.48,6016,2,512,323.18,0,0
1761029419124,248.93,6016,1,512,127.59,1,0
1761029421304,238.48,6016,2,512,178.85,1,0
1761029423464,248.93,6016,1,32,159.12,1,0
1761029425576,238.48,6016,2,512,110.05,1,0
1761029427745,248.93,6016,1,32,167.68,1,0
1761029429930,238.48,6016,2,512,183.27,1,0
1761029432059,248.93,6016,1,1024,127.3,1,0
1761029434175,238.48,6016,2,64,114.7,1,0
1761029436395,248.93,6016,1,32,217.75,0,0
1761029438468,238.5,6016,1,32,72.65,1,0
1761029440804,238.48,6016,2,256,334.09,0,0
1761029443205,248.93,6016,1,256,400.2,0,0
1761029445574,238.48,6016,2,32,366.58,0,0
1761029447761,248.93,6016,1,1024,185.05,1,0
1761029449946,238.48,6016,2,64,183.93,1,0
1761029452358,248.93,6016,1,32,411.31,0,0
1761029454461,238.48,6016,2,32,101.35,1,0
1761029456594,248.93,6016,1,128,132.24,1,0
1761029458938,238.48,6016,2,128,342.39,0,0
1761029461200,248.93,6016,1,1024,258.38,0,0
1761029463418,238.48,6016,2,64,217.16,0,0
1761029465540,248.93,6016,1,1024,120.69,1,0
1761029467723,238.48,6016,2,256,181.63,1,0
1761029469839,248.89,6016,1,32,114.59,1,0
1761029471966,248.93,6016,1,128,125.85,1,0
1761029474126,238.48,6016,2,256,158.64,1,0
1761029476232,248.89,6016,1,1024,104.01,1,0
1761029478400,238.48,6016,2,64,167.46,1,0
1761029480615,248.93,6016,1,1024,212.37,0,0
1761029482758,238.48,6016,2,256,141.31,1,0
1761029484840,248.89,6016,1,256,80.71,1,0
1761029487135,238.48,6016,2,32,294.16,0,0
1761029489444,248.93,6016,1,1024,307.35,0,0
1761029491634,238.69,6016,2,32,186.6,1,0
1761029493740,249.1,6016,1,32,104.74,1,0
1761029495908,238.69,6016,2,1024,164.9,1,0
1761029498074,249.13,6016,1,64,165.0,1,0
1761029500196,238.69,6016,2,128,121.09,1,0
1761029502379,249.1,6016,1,32,182.06,1,0
1761029504498,238.69,6016,2,64,117.34,1,0
1761029506644,249.13,6016,1,128,145.6,1,0
1761029508840,238.69,6016,2,64,194.69,1,0
1761029510964,249.1,6016,1,128,122.53,1,0
1761029513082,238.69,6016,2,512,116.52,1,0
1761029515267,249.1,6016,1,128,183.48,1,0
1761029517429,249.13,6016,1,512,160.82,1,0
1761029519587,238.69,6016,2,128,155.95,1,0
1761029521710,249.13,6016,1,1024,119.55,1,0
1761029523854,238.69,6016,2,1024,140.85,1,0
1761029526071,249.13,6016,1,128,216.24,0,0
1761029528409,238.69,6016,2,256,335.52,0,0
1761029530635,249.13,6016,1,64,225.5,0,0
1761029532730,238.69,6016,2,256,94.14,1,0
1761029534897,249.13,6016,1,1024,165.19,1,0
1761029537133,238.69,6016,2,128,235.24,0,0
1761029539535,249.1,6016,1,1024,399.24,0,0
1761029541748,238.69,6016,2,64,212.59,0,0
1761029544086,249.13,6016,1,32,337.24,0,0
1761029546281,238.69,6016,2,256,193.47,1,0
1761029548455,249.1,6016,1,1024,171.04,1,0
1761029550594,238.69,6016,2,64,137.6,1,0
1761029552699,249.13,6016,1,512,102.02,1,0
1761029554856,238.69,6016,2,512,156.0,1,0
1761029557005,249.1,6016,1,128,148.18,1,0
1761029559169,238.69,6016,2,32,163.01,1,0
1761029561337,249.1,6016,1,512,166.87,1,0
1761029563558,249.1,6016,1,512,219.44,0,0
1761029566086,238.69,6016,2,1024,525.91,0,0
1761029568475,249.13,6016,1,64,387.15,0,0
1761029570865,238.69,6016,2,128,388.17,0,0
1761029572983,249.1,6016,1,32,117.19,1,0
1761029575180,238.69,6016,2,32,196.94,1,0
1761029577714,249.13,6016,1,128,532.07,0,0
1761029580059,238.69,6016,2,128,342.81,0,0
1761029582151,249.1,6016,1,256,90.79,1,0
1761029584317,238.69,6016,2,256,163.59,1,0
1761029586449,249.13,6016,1,64,128.9,1,0
1761029588734,238.69,6016,2,128,283.41,0,0
1761029591225,249.1,6016,1,128,489.34,0,0
1761029593570,240.42,6016,2,256,343.29,0,0
1761029595749,250.86,6016,1,128,177.78,1,0
1761029597835,240.42,6016,2,64,85.14,1,0
1761029600221,250.83,6016,1,32,385.16,0,0
1761029602438,240.42,6016,2,128,216.44,0,0
1761029604589,250.86,6016,1,512,149.33,1,0
1761029606742,250.83,6016,1,128,151.73,1,0
1761029608915,240.42,6016,2,256,171.04,1,0
1761029611098,250.86,6016,1,128,181.62,1,0
1761029613197,240.42,6016,2,128,98.32,1,0
1761029615383,250.83,6016,1,64,184.7,1,0
1761029617481,240.42,6016,2,32,96.76,1,0
1761029619638,250.86,6016,1,32,156.41,1,0
1761029621835,240.42,6016,2,512,194.91,1,0
1761029623941,250.86,6016,1,64,104.49,1,0
1761029626215,240.42,6016,2,1024,272.02,0,0
1761029628535,250.86,6016,1,128,318.07,0,0
1761029630682,240.42,6016,2,64,146.28,1,0
1761029632802,251.09,6016,1,128,118.68,1,0
1761029634960,240.63,6016,2,32,156.89,1,0
1761029637572,251.09,6016,1,1024,609.11,0,0
1761029639951,240.63,6016,2,1024,376.49,0,0
1761029642314,251.09,6016,1,1024,360.16,0,0
1761029644458,240.63,6016,2,512,141.62,1,0
1761029646659,251.09,6016,1,512,199.61,1,0
1761029648792,240.63,6016,2,1024,130.62,1,0
1761029650951,251.09,6016,1,32,157.72,1,0
1761029653111,240.63,6016,2,64,158.49,1,0
1761029655291,251.09,6016,1,1024,178.37,1,0
1761029657453,240.63,6016,2,32,160.36,1,0
1761029659540,234.09,6016,2,512,84.75,1,0
1761029661682,251.05,6016,1,64,141.52,1,0
1761029663808,240.63,6016,2,512,123.89,1,0
1761029665970,251.09,6016,1,32,161.78,1,0
1761029668184,240.63,6016,2,32,213.07,0,0
1761029670324,251.05,6016,1,512,137.97,1,0
1761029672503,240.63,6016,2,1024,176.38,1,0
1761029674560,251.09,6016,1,64,56.27,1,0
1761029676794,240.63,6016,2,64,233.38,0,0
1761029678891,251.05,6016,1,1024,91.71,1,0
1761029681027,240.63,6016,2,32,134.75,1,0
1761029683178,251.09,6016,1,64,149.8,1,0
1761029685385,240.63,6016,2,1024,203.89,0,0
1761029687540,251.05,6016,1,32,154.59,1,0
1761029689898,240.63,6016,2,32,356.32,0,0
1761029692059,251.09,6016,1,256,159.54,1,0
1761029694183,240.63,6016,2,64,123.18,1,0
1761029696397,251.05,6016,1,32,213.48,0,0
1761029698500,240.63,6016,2,32,101.26,1,0
1761029700632,251.09,6016,1,32,130.62,1,0
1761029702916,240.63,6016,2,256,283.36,0,0
1761029705326,251.05,6016,1,32,408.34,0,0
1761029707487,240.63,6016,2,32,159.56,1,0
1761029709664,251.07,6016,1,128,174.95,1,0
1761029712066,251.05,6016,1,512,400.88,0,0
1761029714180,240.63,6016,2,128,112.57,1,0
1761029716320,251.09,6016,1,1024,136.59,1,0
1761029718522,240.63,6016,2,256,200.38,0,0
1761029720659,251.09,6016,1,1024,133.25,1,0
1761029722924,240.63,6016,2,32,264.0,0,0
1761029725292,251.09,6016,1,128,365.78,0,0
1761029727375,240.63,6016,2,1024,81.12,1,0
1761029729535,251.09,6016,1,64,158.68,1,0
1761029731730,240.63,6016,2,128,193.62,1,0
1761029733840,251.09,6016,1,512,107.85,1,0
1761029736098,240.63,6016,2,1024,256.83,0,0
1761029738434,251.09,6016,1,128,335.28,0,0
1761029740595,240.63,6016,2,512,158.93,1,0
1761029742778,251.09,6016,1,512,182.05,1,0
1761029744989,240.63,6016,2,512,207.63,0,0
1761029747351,251.09,6016,1,32,360.83,0,0
1761029749544,240.63,6016,2,256,191.89,1,0
1761029751641,251.07,6016,1,128,94.85,1,0
1761029753804,240.63,6016,2,32,161.47,1,0
1761029755985,246.61,6016,1,64,179.71,1,0
1761029758130,251.05,6016,1,32,143.8,1,0
1761029760318,240.63,6016,2,32,187.31,1,0
1761029762705,251.09,6016,1,128,384.74,0,0
1761029764830,240.63,6016,2,64,123.57,1,0
1761029767021,251.05,6016,1,512,189.57,1,0
1761029769181,240.63,6016,2,128,159.19,1,0
1761029771513,251.09,6016,1,1024,327.32,0,0
1761029773831,240.63,6016,2,64,316.4,0,0
1761029776246,251.05,6016,1,32,413.8,0,0
1761029778430,240.63,6016,2,128,182.49,1,0
1761029780828,250.86,6016,1,512,397.48,0,0
1761029783007,240.42,6016,2,32,176.84,1,0
1761029785189,250.83,6016,1,1024,180.6,1,0
1761029787313,240.42,6016,2,256,122.63,1,0
1761029789710,250.86,6016,1,32,396.26,0,0
1761029791895,250.83,6016,1,256,183.33,1,0
1761029794001,240.42,6016,2,256,105.2,1,0
1761029796159,250.86,6016,1,512,155.64,1,0
1761029798385,240.42,6016,2,1024,223.35,0,0
1761029800738,250.83,6016,1,32,351.78,0,0
1761029803098,240.42,6016,2,512,358.21,0,0
1761029805382,250.86,6016,1,32,283.19,0,0
1761029807575,240.42,6016,2,64,192.1,1,0
1761029809637,250.86,6016,1,128,61.31,1,0
1761029811784,240.42,6016,2,32,145.79,1,0
1761029813948,250.86,6016,1,32,163.18,1,0
1761029816182,240.42,6016,2,1024,230.05,0,0
1761029818348,250.86,6016,1,32,164.82,1,0
1761029820714,240.42,6016,2,32,364.11,0,0
1761029822895,250.86,6016,1,64,180.09,1,0
1761029825017,240.42,6016,2,1024,119.39,1,0
1761029827183,250.86,6016,1,512,165.44,1,0
1761029829600,240.42,6016,2,32,415.51,0,0
1761029831783,250.86,6016,1,32,181.44,1,0
1761029833922,240.42,6016,2,64,137.43,1,0
1761029836056,250.86,6016,1,1024,132.15,1,0
1761029838191,250.86,6016,1,1024,133.06,1,0
1761029840354,240.42,6016,2,32,162.21,1,0
1761029842550,250.66,6016,1,256,194.42,1,0
1761029844680,240.21,6016,2,256,128.24,1,0
1761029846843,250.66,6016,1,512,162.37,1,0
1761029849032,240.21,6016,2,128,187.13,1,0
1761029851423,250.66,6016,1,64,390.63,0,0
1761029853576,240.21,6016,2,32,151.82,1,0
1761029855726,250.66,6016,1,128,147.89,1,0
1761029857880,240.21,6016,2,512,152.56,1,0
1761029859996,250.62,6016,1,128,114.08,1,0
1761029862155,240.21,6016,2,512,157.65,1,0
1761029864430,250.62,6016,1,256,274.71,0,0
1761029866825,240.21,6016,2,256,393.66,0,0
1761029868894,250.66,6016,1,256,68.2,1,0
1761029871112,240.21,6016,2,128,216.75,0,0
1761029873344,250.62,6016,1,1024,230.87,0,0
1761029875680,240.21,6016,2,256,334.66,0,0
1761029877830,250.62,6016,1,128,148.8,1,0
1761029879950,250.62,6016,1,256,117.93,1,0
1761029882091,240.21,6016,2,1024,140.6,1,0
1761029884319,250.66,6016,1,32,225.92,0,0
1761029886482,240.21,6016,2,32,162.79,1,0
1761029888855,250.62,6016,1,256,371.29,0,0
1761029891033,240.21,6016,2,1024,175.47,1,0
1761029893137,250.66,6016,1,64,102.93,1,0
1761029895345,240.21,6016,2,1024,205.53,0,0
1761029897481,250.62,6016,1,512,133.78,1,0
1761029899619,240.21,6016,2,512,136.32,1,0
1761029901784,250.66,6016,1,512,162.96,1,0
1761029903977,240.21,6016,2,128,191.74,1,0
1761029906084,250.62,6016,1,64,105.88,1,0
1761029908215,240.21,6016,2,128,129.07,1,0
1761029910403,250.66,6016,1,32,187.03,1,0
1761029912507,240.21,6016,2,1024,101.94,1,0
1761029914670,250.62,6016,1,1024,161.06,1,0
1761029916800,240.21,6016,2,32,128.54,1,0
1761029918955,250.66,6016,1,256,154.63,1,0
1761029921084,240.21,6016,2,32,126.98,1,0
1761029923265,250.62,6016,1,512,179.94,1,0
1761029925415,240.21,6016,2,512,148.1,1,0
1761029927550,250.66,6016,1,32,133.43,1,0
1761029929770,240.21,6016,2,32,217.87,0,0
1761029932131,250.62,6016,1,256,360.45,0,0
1761049045243,241.1,6172,2,32,298.62,0,0
1761049047296,251.16,6076,1,128,52.8,1,0
1761049049448,240.7,6076,2,32,150.97,1,0
1761049051632,251.16,6076,1,32,182.78,1,0
1761049053828,240.7,6076,2,128,195.26,1,0
1761049055898,251.16,6076,1,256,69.46,1,0
1761049058210,240.7,6076,2,32,309.78,0,0
1761049060672,250.94,6076,1,128,461.91,0,0
1761049062992,240.49,6076,2,256,318.46,0,0
1761049065126,250.73,6076,1,256,133.11,1,0
1761049067246,240.29,6076,2,32,118.82,1,0
1761049069490,250.52,6076,1,512,241.69,0,0
1761049071877,240.08,6076,2,512,385.22,0,0
1761049074021,250.32,6076,1,128,143.26,1,0
1761049076171,239.87,6076,2,64,149.88,1,0
1761049078349,250.28,6076,1,128,176.34,1,0
1761049080571,250.32,6076,1,256,221.22,0,0
1761049082899,239.87,6076,2,64,327.7,0,0
1761049085140,250.32,6076,1,128,240.02,0,0
1761049087281,239.87,6076,2,256,139.66,1,0
1761049089349,250.28,6076,1,256,66.87,1,0
1761049091612,239.87,6076,2,1024,262.43,0,0
1761049093960,250.32,6076,1,128,346.83,0,0
1761049096138,239.87,6076,2,32,177.89,1,0
1761049098301,250.11,6076,1,512,161.92,1,0
1761049100431,239.66,6076,2,32,129.33,1,0
1761049102626,250.11,6076,1,256,193.68,1,0
1761049104731,239.66,6076,2,1024,103.92,1,0
1761049106979,250.11,6076,1,32,247.79,0,0
1761049109483,239.66,6076,2,1024,501.72,0,0
1761049111810,250.11,6076,1,1024,324.85,0,0
1761049113937,239.66,6076,2,256,127.18,1,0
1761049116209,250.11,6076,1,32,270.44,0,0
1761049118615,239.66,6076,2,128,405.94,0,0
1761049121039,249.9,6076,1,32,423.25,0,0
1761049123144,249.9,6076,1,32,103.9,1,0
1761049125322,239.46,6076,2,64,178.04,1,0
1761049127444,249.7,6076,1,64,121.36,1,0
1761049129663,239.25,6076,2,32,217.91,0,0
1761049132005,249.7,6076,1,32,341.65,0,0
1761049134227,239.25,6076,2,256,221.38,0,0
1761049136331,249.7,6076,1,128,102.89,1,0
1761049138486,239.25,6076,2,64,153.81,1,0
1761049140635,249.7,6076,1,64,148.24,1,0
1761049142815,239.25,6076,2,64,180.06,1,0
1761049144973,249.7,6076,1,64,156.41,1,0
1761049147159,239.25,6076,2,512,184.89,1,0
1761049149556,249.7,6076,1,128,395.58,0,0
1761049151734,239.25,6076,2,64,177.82,1,0
1761049153815,249.66,6076,1,32,80.45,1,0
1761049156007,239.25,6076,2,512,190.18,1,0
1761049158142,249.49,6076,1,128,133.72,1,0
1761049160267,239.04,6076,2,32,123.93,1,0
1761049162460,249.28,6076,1,64,192.04,1,0
1761049164582,238.84,6076,2,1024,120.33,1,0
1761049166718,249.24,6076,1,32,136.17,1,0
1761049168903,238.86,6076,1,256,183.91,1,0
1761049171031,238.84,6076,2,256,127.34,1,0
1761049173332,249.28,6076,1,128,299.38,0,0
1761049175816,238.84,6076,2,64,482.96,0,0
1761049178189,249.28,6076,1,32,372.2,0,0
1761049180577,238.84,6076,2,64,386.9,0,0
1761049182772,249.28,6076,1,32,195.43,1,0
1761049184859,238.84,6076,2,64,84.75,1,0
1761049187109,249.28,6076,1,32,249.23,0,0
1761049189486,238.84,6076,2,512,374.37,0,0
1761049191611,249.28,6076,1,1024,123.95,1,0
1761049193734,238.84,6076,2,64,122.32,1,0
1761049195931,249.07,6076,1,1024,196.79,1,0
1761050556044,245.09,10252,1,1024,519.62,0,1
1761050558435,245.09,10252,1,128,390.5,0,1
1761050560727,234.62,10252,2,1024,290.57,0,1
1761050563154,245.09,10252,1,128,426.05,0,1
1761050565538,234.54,10252,2,32,382.91,0,1
1761050567965,245.0,10252,1,64,426.69,0,1
1761050570458,234.54,10252,2,64,491.85,0,1
1761050572932,245.0,10252,1,512,472.37,0,1
1761050575400,234.54,10252,2,1024,466.78,0,1
1761050577759,245.0,10252,1,128,356.87,0,1
1761050579917,234.54,10252,2,256,157.47,1,1
1761050582318,244.98,10252,1,64,400.28,0,1
1761050584486,245.0,10252,1,256,166.07,1,1
1761050586698,234.54,10252,2,64,210.14,0,1
1761050589076,245.0,10252,1,1024,376.67,0,1
1761050591398,234.54,10252,2,1024,320.8,0,1
1761050593996,245.0,10252,1,64,595.96,0,1
1761050596187,234.54,10252,2,256,190.49,1,1
1761050598668,245.0,10172,1,64,479.45,0,1
1761050603681,234.54,10172,2,128,9999.0,0,1
1761050605982,245.0,10172,1,256,298.65,0,1
1761050608165,234.54,10172,2,128,182.02,1,1
1761050610584,245.0,10172,1,64,418.38,0,1
1761050612720,245.0,10172,1,512,134.55,1,1
1761050614937,234.54,10172,2,64,215.15,0,1
1761050617683,245.0,10172,1,1024,744.98,0,1
1761050620092,234.54,10172,2,256,406.87,0,1
1761050622363,245.0,10172,1,32,270.64,0,1
1761050624939,234.54,10172,2,512,573.62,0,1
1761050627265,245.0,10172,1,64,325.88,0,1
1761050629699,234.54,10172,2,256,432.09,0,1
1761050632255,245.0,10172,1,1024,552.92,0,1
1761050634554,234.54,10172,2,256,296.72,0,1
1761050636809,244.96,10172,1,128,253.33,0,1
1761050639182,234.54,10172,2,32,372.71,0,1
1761050641398,244.45,10172,1,64,215.06,0,1
1761050643805,242.9,10172,1,64,405.4,0,1
1761050646323,234.54,10172,2,32,517.1,0,1
1761050648870,245.0,10172,1,512,546.58,0,1
1761050651085,234.54,10172,2,128,213.47,0,1
1761050653571,245.0,10172,1,128,485.42,0,1
1761050655753,244.84,10172,1,128,182.04,1,1
1761050658628,244.84,10172,1,32,873.44,0,1
1761050660966,234.54,10172,2,64,337.49,0,1
1761050663478,244.95,10172,1,1024,509.81,0,1
1761050665912,234.54,10172,2,64,432.8,0,1
1761050668397,233.84,10172,1,128,484.6,0,1
1761050670759,245.0,10172,1,1024,360.51,0,1
1761050672949,234.54,10172,2,256,188.32,1,1
1761050675490,245.0,10172,1,128,540.02,0,1
1761050677919,234.54,10172,2,512,427.98,0,1
1761050680297,245.0,10172,1,512,376.45,0,1
1761050682430,234.54,10172,2,128,132.26,1,1
1761050684568,245.0,10172,1,256,136.51,1,1
1761050687041,234.54,10172,2,64,472.3,0,1
1761050689454,244.96,10172,1,256,412.17,0,1
1761050691698,234.54,10172,2,512,242.41,0,1
1761050694203,244.95,10172,1,1024,503.41,0,1
1761050696561,244.96,10172,1,64,357.03,0,1
1761050699210,234.54,10172,2,32,648.37,0,1
1761050701487,245.0,10172,1,1024,275.74,0,1
1761050703939,234.54,10172,2,128,451.35,0,1
1761050706463,245.0,10172,1,32,523.05,0,1
1761050708870,234.54,10172,2,1024,404.86,0,1
1761050711277,245.0,10172,1,128,405.51,0,1
1761050713559,234.54,10172,2,128,279.88,0,1
1761050715949,245.0,10172,1,512,389.97,0,1
1761050718370,234.54,10172,2,64,419.92,0,1
1761050720967,225.1,10172,1,512,594.66,0,1
1761050723352,245.0,10172,1,512,384.21,0,1
1761050725712,234.54,10172,2,32,359.0,0,1
1761050727909,245.0,10172,1,64,196.69,1,1
1761050730391,234.54,10172,2,32,481.09,0,1
1761050732898,245.0,10172,1,256,504.67,0,1
1761050735435,234.54,10172,2,64,533.93,0,1
1761050737700,245.0,10172,1,64,263.65,0,1
1761050739838,234.54,10172,2,64,137.29,1,1
1761050742000,245.0,10172,1,128,162.05,1,1
1761050744122,234.54,10172,2,128,120.7,1,1
1761050746444,245.0,10172,1,32,321.06,0,1
1761050748844,234.54,10172,2,32,399.17,0,1
1761050751384,233.85,10172,1,128,538.51,0,1
1761050753544,245.0,10172,1,512,155.79,1,1
1761050755796,234.54,10172,2,128,250.36,0,1
1761050757991,245.0,10172,1,1024,191.8,1,1
1761050760546,234.54,10172,2,32,551.8,0,1
1761050762848,245.0,10172,1,32,299.3,0,1
1761050764992,234.54,10172,2,32,142.06,1,1
1761050767309,245.0,10172,1,32,315.35,0,1
1761050769672,234.54,10172,2,128,360.35,0,1
1761050772096,245.0,10172,1,32,422.76,0,1
1761050774535,234.54,10172,2,128,437.43,0,1
1761050776671,223.5,10172,2,1024,135.24,1,1
1761050778796,245.0,10172,1,128,124.37,1,1
1761050781040,234.54,10172,2,256,243.14,0,1
1761050783461,245.0,10172,1,64,418.15,0,1
1761050786097,234.54,10172,2,128,635.13,0,1
1761050788340,245.0,10172,1,32,242.04,0,1
1761050790469,234.54,10172,2,64,128.3,1,1
1761050792620,245.0,10172,1,64,149.77,1,1
1761050794872,234.54,10172,2,32,251.2,0,1
1761050797242,245.0,10172,1,128,369.02,0,1
1761050799538,245.0,10172,1,1024,292.75,0,1
1761050801883,234.54,10172,2,64,343.59,0,1
1761050804417,245.0,10172,1,128,533.26,0,1
1761050807119,234.54,10172,2,128,700.76,0,1
1761050809570,245.0,10172,1,64,449.25,0,1
1761050812072,234.54,10172,2,512,500.36,0,1
1761050814560,245.0,10172,1,64,487.1,0,1
1761050816910,234.54,10172,2,512,347.55,0,1
1761050819333,245.0,10172,1,64,421.25,0,1
1761050821518,234.54,10172,2,128,183.36,1,1
1761050823928,245.0,10172,1,512,407.42,0,1
1761050826106,234.54,10172,2,64,177.19,1,1
1761050828298,244.96,10172,1,1024,189.77,1,1
1761050830814,234.54,10172,2,64,513.55,0,1
1761050833167,244.95,10172,1,512,352.02,0,1
1761050835350,234.54,10172,2,1024,179.16,1,1
1761050837770,241.14,10172,1,64,418.35,0,1
1761050840047,245.0,10172,1,32,275.42,0,1
1761050842439,234.54,10172,2,1024,390.2,0,1
1761050844930,245.0,10172,1,1024,488.33,0,1
1761050847320,234.54,10172,2,128,388.57,0,1
1761050849860,245.0,10172,1,128,537.79,0,1
1761050852325,234.54,10172,2,1024,463.14,0,1
1761050854714,245.0,10172,1,256,387.81,0,1
1761050857257,234.54,10172,2,1024,540.9,0,1
1761050859666,245.0,10172,1,32,406.55,0,1
1761050862251,234.54,10172,2,1024,582.55,0,1
1761050864476,244.95,10172,1,256,222.46,0,1
1761050866787,245.0,10172,1,512,309.11,0,1
1761050869250,234.54,10172,2,32,461.82,0,1
1761050871518,245.0,10172,1,512,265.64,0,1
1761050873744,234.54,10172,2,32,225.1,0,1
1761050876137,245.0,10172,1,512,391.22,0,1
1761050878284,234.54,10172,2,32,145.75,1,1
1761050880758,245.0,10172,1,32,472.1,0,1
1761050882894,234.54,10172,2,1024,133.64,1,1
1761050885193,245.0,10172,1,512,296.84,0,1
1761050887661,234.54,10172,2,32,466.23,0,1
1761050889960,224.95,10172,2,256,297.15,0,1
1761050892100,245.0,10172,1,512,137.3,1,1
1761050894255,234.54,10172,2,64,154.0,1,1
1761050896510,245.0,10172,1,512,252.81,0,1
1761050898722,234.54,10172,2,256,210.55,0,1
1761050901290,245.0,10172,1,128,567.06,0,1
1761050903486,234.54,10172,2,64,194.92,1,1
1761050905934,245.0,10172,1,512,446.6,0,1
1761050908383,234.54,10172,2,32,447.35,0,1
1761050910496,245.0,10172,1,64,111.88,1,1
1761050912783,234.54,10172,2,64,284.68,0,1
1761050915133,224.95,10172,2,128,349.6,0,1
1761050917362,245.0,10172,1,128,227.4,0,1
1761050919739,234.54,10172,2,512,374.6,0,1
1761050921863,245.0,10172,1,512,122.86,1,1
1761050924019,234.54,10172,2,256,154.38,1,1
1761050926197,245.0,10172,1,64,176.93,1,1
1761050928631,234.54,10172,2,1024,431.37,0,1
1761050930862,245.0,10172,1,64,229.42,0,1
1761050933259,234.54,10172,2,256,396.21,0,1
1761050935552,245.0,10172,1,64,290.96,0,1
1761050937848,234.54,10172,2,64,293.67,0,1
1761050940019,235.3,10172,1,1024,168.3,1,1
1761050942199,245.0,10172,1,128,179.44,1,1
1761050944708,234.54,10172,2,256,507.29,0,1
1761050947055,245.0,10172,1,1024,344.55,0,1
1761050949282,234.54,10172,2,32,225.48,0,1
1761050951781,245.0,10172,1,256,497.54,0,1
1761050954115,234.54,10172,2,64,333.23,0,1
1761050956339,245.0,10172,1,64,223.9,0,1
1761050958821,234.54,10172,2,1024,479.31,0,1
1761050961563,245.0,10172,1,64,740.13,0,1
1761050963948,234.54,10172,2,128,383.03,0,1
1761050966202,245.0,10172,1,64,252.96,0,1
1761050968626,234.54,10172,2,512,423.04,0,1
1761050971007,245.0,10172,1,1024,379.69,0,1
1761050973225,234.54,10172,2,128,216.76,0,1
1761050975666,244.95,10172,1,32,440.64,0,1
1761050978074,234.54,10172,2,128,406.53,0,1
1761050980425,238.62,10172,1,64,350.18,0,1
1761050982674,245.0,10172,1,32,247.02,0,1
1761050984923,234.54,10172,2,1024,247.23,0,1
1761050987264,244.96,10172,1,256,339.61,0,1
1761050989481,234.54,10172,2,256,216.09,0,1
1761050992269,245.0,10172,1,128,786.93,0,1
1761050994816,234.54,10172,2,128,546.33,0,1
1761050997183,245.0,10172,1,256,365.67,0,1
1761050999829,234.54,10172,2,128,644.5,0,1
1761051002094,245.0,10172,1,64,263.73,0,1
1761051004504,234.54,10172,2,512,408.99,0,1
1761051006917,245.0,10172,1,128,411.68,0,1
1761051009067,234.54,10172,2,256,147.99,1,1
1761051011327,245.0,10172,1,256,259.08,0,1
1761051013587,234.54,10172,2,256,258.09,0,1
1761051015815,226.48,10172,2,512,226.71,0,1
1761051018035,245.0,10172,1,64,219.28,0,1
1761051020417,234.54,10172,2,256,380.92,0,1
1761051022634,245.0,10172,1,64,214.7,0,1
1761051025038,234.54,10172,2,128,402.6,0,1
1761051027197,245.0,10172,1,128,158.05,1,1
1761051029432,234.54,10172,2,32,233.01,0,1
1761051031957,245.0,10172,1,128,523.52,0,1
1761051034236,234.54,10172,2,256,278.09,0,1
1761051036415,245.0,10172,1,128,177.04,1,1
1761051038750,234.54,10172,2,256,333.48,0,1
1761051040996,245.0,10172,1,1024,242.59,0,1
1761051043246,234.54,10172,2,256,249.93,0,1
1761051045655,245.0,10172,1,512,407.42,0,1
1761051048189,245.0,10172,1,32,532.47,0,1
1761051050553,234.54,10172,2,256,363.33,0,1
1761051053031,245.0,10172,1,512,475.89,0,1
1761051055627,234.54,10172,2,256,594.71,0,1
1761051058037,245.0,10172,1,1024,408.73,0,1
1761051060324,234.54,10172,2,512,284.74,0,1
1761051062475,245.0,10172,1,64,149.98,1,1
1761051064755,234.54,10172,2,512,279.12,0,1
1761051067081,245.0,10172,1,32,324.58,0,1
1761051069233,234.54,10172,2,1024,149.81,1,1
1761051071421,245.0,10172,1,1024,185.06,1,1
1761051073613,234.54,10172,2,128,191.1,1,1
1761051076028,245.0,10172,1,256,413.38,0,1
1761051078252,234.54,10172,2,1024,221.82,0,1
1761051080647,244.98,10172,1,32,394.46,0,1
1761051083126,245.0,10172,1,32,477.36,0,1
1761051085520,234.54,10172,2,256,392.61,0,1
1761051087724,245.0,10172,1,256,202.8,0,1
1761051090136,234.54,10172,2,64,411.19,0,1
1761051092273,245.0,10172,1,256,135.87,1,1
1761051094393,234.54,10172,2,1024,118.63,1,1
1761051096578,245.0,10172,1,512,185.06,1,1
1761051098800,234.54,10172,2,64,220.58,0,1
1761051101207,245.0,10172,1,64,405.09,0,1
1761051103561,245.0,10172,1,32,353.1,0,1
1761051105763,234.54,10172,2,512,200.1,0,1
1761051107909,245.0,10172,1,128,144.05,1,1
1761051110100,234.54,10172,2,512,189.01,1,1
1761051112231,245.0,10172,1,128,130.61,1,1
1761051114468,234.54,10172,2,64,235.77,0,1
1761051117100,245.0,10172,1,512,630.36,0,1
1761051119304,234.54,10172,2,512,201.58,0,1
1761051121516,245.0,10172,1,128,211.37,0,1
1761051123919,234.54,10172,2,64,401.59,0,1
1761051126044,245.0,10172,1,128,124.62,1,1
1761051128207,245.0,10172,1,128,161.27,1,1
1761051130824,234.54,10172,2,512,615.52,0,1
1761051133398,244.96,10172,1,256,572.71,0,1
1761051135587,234.54,10172,2,32,187.04,1,1
1761051138115,245.0,10172,1,256,526.86,0,1
1761051140473,234.54,10172,2,256,356.66,0,1
1761051142854,245.0,10172,1,256,379.59,0,1
1761051145152,234.54,10172,2,1024,296.47,0,1
1761051147631,245.0,10172,1,128,477.55,0,1
1761051149966,234.54,10172,2,32,334.41,0,1
1761051152166,245.0,10172,1,1024,197.92,1,1
1761051154587,234.54,10172,2,128,420.01,0,1
1761051156744,245.0,10172,1,32,155.58,1,1
1761051158940,234.55,10172,1,1024,193.64,1,1
1761051161336,234.54,10172,2,1024,393.89,0,1
1761051163617,245.0,10172,1,64,278.72,0,1
1761051166085,234.54,10172,2,256,466.55,0,1
1761051168415,245.0,10172,1,64,328.65,0,1
1761051170574,234.54,10172,2,512,157.27,1,1
1761051172703,245.0,10172,1,128,127.83,1,1
1761051174966,234.54,10172,2,32,262.09,0,1
1761051177413,245.0,10172,1,512,444.44,0,1
1761051179827,234.54,10172,2,32,412.92,0,1
1761051182529,245.0,10172,1,256,701.26,0,1
1761051184844,234.54,10172,2,32,313.62,0,1
1761051187176,233.84,10172,1,1024,331.29,0,1
1761051189586,245.0,10172,1,64,408.67,0,1
1761051191773,234.54,10172,2,256,184.72,1,1
1761051194197,245.0,10172,1,256,423.8,0,1
1761051196532,234.54,10172,2,32,333.49,0,1
1761051198788,245.0,10172,1,64,254.84,0,1
1761051200947,234.54,10172,2,256,157.51,1,1
1761051203159,245.0,10172,1,512,210.26,0,1
1761051205629,234.54,10172,2,32,467.98,0,1
1761051208107,245.0,10172,1,32,477.19,0,1
1761051210572,245.0,10172,1,256,463.52,0,1
1761051213037,234.54,10172,2,512,464.36,0,1
1761051215451,245.0,10172,1,256,412.15,0,1
1761051217822,234.54,10172,2,32,368.55,0,1
1761051219947,245.0,10172,1,512,124.41,1,1
1761051222191,234.54,10172,2,1024,242.19,0,1
1761051224751,245.0,10172,1,1024,558.44,0,1
1761051227087,234.54,10172,2,128,334.69,0,1
1761051229570,245.0,10172,1,64,481.21,0,1
1761051232040,234.54,10172,2,64,467.93,0,1
1761051234608,245.0,10172,1,512,567.23,0,1
1761051236920,234.54,10172,2,256,309.19,0,1
1761051239442,245.0,10172,1,64,520.5,0,1
1761051241778,245.0,10172,1,64,335.23,0,1
1761051243962,234.54,10172,2,256,183.31,1,1
1761051246416,245.0,10172,1,128,453.49,0,1
1761051248971,234.54,10172,2,1024,553.58,0,1
1761051251419,245.0,10172,1,1024,447.0,0,1
1761051253973,234.54,10172,2,512,552.32,0,1
1761051256206,245.0,10172,1,128,231.57,0,1
1761051258362,234.54,10172,2,512,153.95,1,1
1761051260532,245.0,10172,1,512,168.53,1,1
1761051262775,234.54,10172,2,256,241.35,0,1
1761051265120,244.96,10172,1,1024,342.5,0,1
1761051267386,234.54,10172,2,512,264.19,0,1
1761051269721,244.98,10172,1,512,334.29,0,1
1761051272297,243.22,10172,1,64,575.75,0,1
1761051274681,234.54,10172,2,512,383.39,0,1
1761051277121,245.0,10172,1,512,439.46,0,1
1761051279552,234.54,10172,2,64,429.84,0,1
1761051282077,245.0,10172,1,256,524.48,0,1
1761051284547,234.54,10172,2,64,469.2,0,1
1761051286926,245.0,10172,1,256,378.22,0,1
1761051289334,234.54,10172,2,512,407.74,0,1
1761051291504,245.0,10172,1,128,168.53,1,1
1761051293705,234.54,10172,2,1024,200.68,0,1
1761051296126,245.0,10172,1,64,420.76,0,1
1761051298264,234.54,10172,2,512,136.91,1,1
1761051300590,245.0,10172,1,512,325.84,0,1
1761051303008,234.54,10172,2,64,417.14,0,1
1761051305440,245.0,10172,1,32,431.03,0,1
1761051307997,234.54,10172,2,128,555.34,0,1
1761051310252,244.95,10172,1,1024,254.25,0,1
1761051312405,244.96,10172,1,256,152.27,1,1
1761051314614,234.54,10172,2,256,207.41,0,1
1761051317100,245.0,10172,1,64,484.59,0,1
1761051319496,234.54,10172,2,64,395.29,0,1
1761051322113,245.0,10172,1,256,615.41,0,1
1761051324387,234.54,10172,2,1024,271.6,0,1
1761051326787,245.0,10172,1,256,398.46,0,1
1761051329008,234.54,10172,2,1024,220.12,0,1
1761051331442,245.0,10172,1,1024,432.05,0,1
1761051334105,234.54,10172,2,512,661.04,0,1
1761051336372,245.0,10172,1,256,265.49,0,1
1761051338890,234.54,10172,2,1024,515.42,0,1
1761051341278,245.0,10172,1,128,385.83,0,1
1761051343713,234.54,10172,2,512,434.15,0,1
1761051345918,244.98,10172,1,32,204.06,0,1
1761051348355,234.54,10172,2,512,434.29,0,1
1761051350749,235.15,10172,1,64,393.12,0,1
1761051353009,245.0,10172,1,128,259.99,0,1
1761051355480,234.54,10172,2,256,469.29,0,1
1761051357821,245.0,10172,1,1024,339.29,0,1
1761051360074,234.54,10172,2,256,251.57,0,1
1761051362445,245.0,10172,1,1024,369.11,0,1
1761051364723,234.54,10172,2,256,277.07,0,1
1761051367250,245.0,10172,1,128,525.42,0,1
1761051369509,234.54,10172,2,512,257.5,0,1
1761051371983,245.0,10172,1,64,473.02,0,1
1761051374569,234.54,10172,2,1024,582.61,0,1
1761051376859,245.0,10172,1,128,288.39,0,1
1761051379032,234.54,10172,2,64,171.69,1,1
1761051381504,245.0,10172,1,256,471.13,0,1
1761051384006,234.54,10172,2,256,501.13,0,1
1761051386377,235.44,10172,1,32,369.87,0,1
1761051388745,245.0,10172,1,1024,366.58,0,1
1761051391091,234.54,10172,2,1024,343.69,0,1
1761051393465,245.0,10172,1,64,371.91,0,1
1761051396036,234.54,10172,2,32,569.66,0,1
1761051398661,245.0,10172,1,64,623.78,0,1
1761051400816,234.54,10172,2,32,152.96,1,1
1761051402943,245.0,10172,1,32,126.64,1,1
1761051405251,234.54,10172,2,512,306.85,0,1
1761051407574,245.0,10172,1,64,320.68,0,1
1761051409727,234.54,10172,2,256,152.29,1,1
1761051412206,245.0,10172,1,1024,477.15,0,1
1761051414599,234.54,10172,2,64,391.34,0,1
1761051416958,244.95,10172,1,64,358.07,0,1
1761051419317,245.0,10172,1,256,357.08,0,1
1761051421945,234.54,10172,2,1024,625.79,0,1
1761051424117,245.0,10172,1,1024,169.4,1,1
1761051426380,234.54,10172,2,128,261.38,0,1
1761051428708,245.0,10172,1,256,326.91,0,1
1761051430925,234.54,10172,2,256,214.73,0,1
1761051433358,245.0,10172,1,64,432.08,0,1
1761051435903,234.54,10172,2,256,542.42,0,1
1761051438253,245.0,10172,1,64,349.12,0,1
1761051440471,234.54,10172,2,128,216.88,0,1
1761051442895,226.48,10172,1,256,421.43,0,1
1761051445313,245.0,10172,1,512,417.22,0,1
1761051447632,234.54,10172,2,128,318.09,0,1
1761051449945,245.0,10172,1,1024,310.21,0,1
1761051452139,234.54,10172,2,256,192.49,1,1
1761051454650,245.0,10172,1,512,509.62,0,1
1761051457080,234.54,10172,2,512,427.74,0,1
1761051459612,245.0,10124,1,256,529.74,0,1
1761051461955,234.54,10124,2,32,341.16,0,1
1761051464354,245.0,10124,1,512,396.97,0,1
1761051466556,234.54,10124,2,32,200.58,0,1
1761051469146,245.0,10124,1,1024,587.18,0,1
1761051471458,234.54,10124,2,64,311.69,0,1
1761051473942,233.14,10124,1,128,481.94,0,1
1761051476357,245.0,10124,1,64,413.12,0,1
1761051478786,234.54,10124,2,512,427.19,0,1
1761051481012,245.0,10124,1,1024,224.74,0,1
1761051483433,234.54,10124,2,256,419.26,0,1
1761051485839,245.0,10124,1,64,403.99,0,1
1761051487981,234.54,10124,2,128,141.0,1,1
1761051490125,245.0,10124,1,512,142.14,1,1
1761051492286,234.54,10124,2,1024,159.26,1,1
1761051494498,245.0,10124,1,1024,209.59,0,1
1761051496966,234.54,10124,2,256,465.99,0,1
1761051499376,245.0,10124,1,256,407.77,0,1
1761051501809,245.0,10124,1,1024,432.13,0,1
1761051504021,234.54,10124,2,256,211.0,0,1
1761051506422,245.0,10124,1,64,399.43,0,1
1761051508645,234.54,10124,2,512,221.76,0,1
1761051511005,245.0,10124,1,128,359.06,0,1
1761051513203,234.54,10124,2,32,196.5,1,1
1761051516079,245.0,10124,1,32,875.55,0,1
1761051518389,234.54,10124,2,512,308.35,0,1
1761051520583,245.0,10124,1,512,191.86,1,1
1761051523065,234.54,10124,2,512,480.51,0,1
1761051525220,233.84,10124,1,1024,153.71,1,1
1761051527896,245.0,10124,1,1024,673.96,0,1
1761051530016,234.54,10124,2,32,119.23,1,1
1761051532187,245.0,10124,1,1024,167.72,1,1
1761051534383,234.54,10124,2,1024,193.81,1,1
1761051536800,240.21,10124,1,256,415.63,0,1
1761051538997,229.77,10124,2,1024,194.98,1,1
1761051541431,240.21,10124,1,32,431.88,0,1
1761051543931,229.77,10124,2,1024,498.23,0,1
1761051546299,240.21,10124,1,1024,365.31,0,1
1761051548449,229.77,10124,2,128,149.06,1,1
1761051550660,240.21,10124,1,128,210.11,0,1
1761051553067,229.77,10124,2,64,405.26,0,1
1761051555207,240.21,10124,1,512,138.06,1,1
1761051557511,229.77,10124,2,1024,302.24,0,1
1761051559928,240.21,10124,1,32,415.8,0,1
1761051562279,229.77,10124,2,64,349.65,0,1
1761051564821,220.32,10124,2,1024,539.65,0,1
1761051567196,240.21,10124,1,128,373.59,0,1
1761051569582,229.77,10124,2,512,384.2,0,1
1761051571808,240.21,10124,1,32,224.97,0,1
1761051573941,229.77,10124,2,32,132.44,1,1
1761051576106,240.21,10124,1,128,164.24,1,1
1761051578463,229.77,10124,2,1024,353.55,0,1
1761051580712,240.21,10124,1,512,247.25,0,1
1761051582840,229.77,10124,2,256,126.36,1,1
1761051585032,240.21,10124,1,512,192.09,1,1
1761051587695,229.77,10124,2,256,661.34,0,1
1761051589917,240.21,10124,1,32,221.27,0,1
1761051592076,229.77,10124,2,64,157.9,1,1
1761051594344,240.21,10124,1,256,266.77,0,1
1761051596662,229.77,10124,2,128,316.9,0,1
1761051598832,230.66,10124,1,1024,168.23,1,1
1761051601001,240.21,10124,1,256,167.05,1,1
1761051603516,229.77,10124,2,128,514.03,0,1
1761051605867,240.21,10124,1,256,349.9,0,1
1761051608150,229.77,10124,2,64,282.23,0,1
1761051610499,240.21,10124,1,256,346.8,0,1
1761051612706,229.77,10124,2,256,206.63,0,1
1761051615233,240.21,10124,1,128,524.77,0,1
1761051617523,229.77,10124,2,64,288.33,0,1
1761051619699,240.21,10124,1,32,175.36,1,1
1761051622336,229.77,10124,2,256,635.59,0,1
1761051624653,240.21,10124,1,1024,313.83,0,1
1761051627059,240.21,10124,1,1024,403.45,0,1
1761051629188,229.77,10124,2,32,127.72,1,1
1761051631416,240.21,10124,1,512,226.86,0,1
1761051633807,229.77,10124,2,256,389.75,0,1
1761051635975,240.21,10124,1,512,165.72,1,1
1761051638154,229.77,10124,2,64,178.39,1,1
1761051640654,240.21,10124,1,64,498.02,0,1
1761051643041,229.77,10124,2,512,384.77,0,1
1761051645287,240.21,10124,1,512,244.61,0,1
1761051647685,229.77,10124,2,128,397.01,0,1
1761051650087,240.21,10124,1,32,400.06,0,1
1761051652307,229.77,10124,2,512,219.06,0,1
1761051654694,220.31,10124,2,512,385.96,0,1
1761051656825,240.21,10124,1,64,130.41,1,1
1761051659052,229.77,10124,2,256,224.78,0,1
1761051661456,240.21,10124,1,1024,401.18,0,1
1761051663785,229.77,10124,2,64,327.21,0,1
1761051666114,240.21,10124,1,32,327.82,0,1
1761051668597,229.77,10124,2,128,481.03,0,1
1761051671228,240.21,10124,1,128,630.22,0,1
1761051673410,229.77,10124,2,512,180.28,1,1
1761051675618,240.21,10124,1,64,206.04,0,1
1761051678091,229.77,10124,2,128,472.04,0,1
1761051680541,240.21,10124,1,1024,446.86,0,1
1761051682963,229.77,10124,2,64,420.77,0,1
1761051685509,240.21,10124,1,256,544.64,0,1
1761051687835,229.77,10124,2,1024,324.03,0,1
1761051690526,240.21,10124,1,512,689.04,0,1
1761051692776,240.21,10124,1,128,247.98,0,1
1761051695313,229.77,10124,2,64,536.79,0,1
1761051697795,240.21,10124,1,512,480.0,0,1
1761051700230,229.77,10124,2,64,433.27,0,1
1761051702581,240.21,10124,1,1024,349.08,0,1
1761051704700,229.77,10124,2,128,117.96,1,1
1761051706870,240.21,10124,1,128,168.81,1,1
1761051709061,229.77,10124,2,128,189.72,1,1
1761051711504,240.21,10124,1,512,441.1,0,1
1761051713933,229.77,10124,2,128,427.57,0,1
1761051716065,240.21,10124,1,128,130.87,1,1
1761051718249,229.77,10124,2,1024,182.32,1,1
1761051720629,240.21,10124,1,256,378.64,0,1
1761051722897,229.77,10124,2,128,265.87,0,1
1761051725480,240.17,10124,1,64,581.43,0,1
1761051727811,229.77,10124,2,64,329.63,0,1
1761051730254,229.07,10124,1,256,441.68,0,1
1761051732669,240.21,10124,1,64,411.1,0,1
1761051735019,229.77,10124,2,128,348.97,0,1
1761051737300,240.21,10124,1,256,279.37,0,1
1761051739534,229.77,10124,2,64,232.81,0,1
1761051741902,240.21,10124,1,256,365.33,0,1
1761051744542,229.77,10124,2,1024,638.77,0,1
1761051746805,240.21,10124,1,64,261.89,0,1
1761051749428,229.77,10124,2,128,620.94,0,1
1761051751794,240.21,10124,1,128,364.6,0,1
1761051754458,229.77,10124,2,512,662.55,0,1
1761051756618,240.21,10124,1,256,158.15,1,1
1761051758741,229.77,10124,2,512,120.08,1,1
1761051760914,240.21,10124,1,32,172.55,1,1
1761051763212,229.77,10124,2,128,297.49,0,1
1761051765568,240.21,10124,1,32,354.44,0,1
1761051768057,229.77,10124,2,1024,487.65,0,1
1761051770444,231.69,10124,1,512,384.69,0,1
1761051772572,240.21,10124,1,32,125.93,1,1
1761051774825,229.77,10124,2,128,252.38,0,1
1761051777203,240.21,10124,1,64,377.12,0,1
1761051779461,229.77,10124,2,512,256.96,0,1
1761051781833,240.21,10124,1,64,369.72,0,1
1761051784216,229.77,10124,2,128,381.85,0,1
1761051786516,240.21,10124,1,1024,297.08,0,1
1761051788848,229.77,10124,2,1024,329.38,0,1
1761051791000,240.21,10124,1,128,150.04,1,1
1761051793120,229.77,10124,2,32,118.87,1,1
1761051795306,240.21,10124,1,512,183.76,1,1
1761051797554,229.77,10124,2,128,246.69,0,1
1761051799900,240.21,10124,1,64,344.77,0,1
1761051802056,229.77,10124,2,128,155.16,1,1
1761051804262,240.17,10124,1,32,204.78,0,1
1761051806828,240.21,10124,1,256,564.8,0,1
1761051809093,229.77,10124,2,256,263.56,0,1
1761051811397,240.21,10124,1,512,302.28,0,1
1761051813703,229.77,10124,2,128,304.84,0,1
1761051815863,240.21,10124,1,1024,157.7,1,1
1761051818003,229.77,10124,2,64,139.07,1,1
1761051820154,240.21,10124,1,128,149.93,1,1
1761051822339,229.77,10124,2,32,183.24,1,1
1761051824481,240.21,10124,1,32,140.55,1,1
1761051826887,229.77,10124,2,1024,403.67,0,1
1761051829368,240.21,10124,1,64,479.93,0,1
1761051831509,240.21,10124,1,1024,138.64,1,1
1761051833804,229.77,10124,2,1024,291.47,0,1
1761051836125,240.21,10124,1,64,318.85,0,1
1761051838312,229.77,10124,2,32,186.12,1,1
1761051840708,240.17,10124,1,1024,393.49,0,1
1761051842868,229.77,10124,2,64,159.5,1,1
1761051845231,240.21,10124,1,256,361.02,0,1
1761051847639,229.77,10124,2,32,407.06,0,1
1761051850187,240.21,10124,1,256,546.3,0,1
1761051852431,229.77,10124,2,64,242.14,0,1
1761051854837,240.21,10124,1,32,405.54,0,1
1761051857005,229.77,10124,2,64,165.79,1,1
1761051859139,240.21,10124,1,256,132.37,1,1
1761051861288,229.77,10124,2,1024,147.46,1,1
1761051863750,240.21,10124,1,32,460.76,0,1
1761051865982,229.77,10124,2,1024,230.42,0,1
1761051868380,229.07,10124,1,256,395.33,0,1
1761051870772,240.21,10124,1,64,391.2,0,1
1761051872931,229.77,10124,2,64,158.38,1,1
1761051875156,240.21,10124,1,512,223.38,0,1
1761051877586,229.77,10124,2,512,427.89,0,1
1761051880005,240.21,10124,1,1024,417.45,0,1
1761051882142,229.77,10124,2,128,134.94,1,1
1761051884341,240.21,10124,1,32,197.89,1,1
1761051886839,229.77,10124,2,256,496.47,0,1
1761051889243,240.21,10124,1,64,402.88,0,1
1761051891421,229.77,10124,2,512,176.61,1,1
1761051893963,240.21,10124,1,1024,540.85,0,1
1761051896317,229.77,10124,2,256,352.02,0,1
1761051898727,240.21,10124,1,512,409.11,0,1
1761051900906,240.21,10124,1,512,176.46,1,1
1761051903114,229.77,10124,2,512,207.06,0,1
1761051905526,240.21,10124,1,64,410.03,0,1
1761051907712,229.77,10124,2,128,184.98,1,1
1761051910217,240.21,10124,1,32,502.78,0,1
1761051912604,229.77,10124,2,64,385.56,0,1
1761051915095,240.21,10124,1,32,489.85,0,1
1761051917478,229.77,10124,2,1024,381.21,0,1
1761051919695,240.21,10124,1,512,215.32,0,1
1761051922094,229.77,10124,2,512,397.02,0,1
1761051924398,240.17,10124,1,64,301.91,0,1
1761051926689,240.21,10124,1,256,289.52,0,1
1761051928929,229.77,10124,2,256,238.48,0,1
1761051931386,240.21,10124,1,1024,454.48,0,1
1761051933839,229.77,10124,2,512,451.45,0,1
1761051936179,240.21,10124,1,1024,337.35,0,1
1761051938339,229.77,10124,2,32,158.86,1,1
1761051940497,240.21,10124,1,32,157.45,1,1
1761051942730,229.77,10124,2,128,232.37,0,1
1761051945132,240.17,10124,1,128,399.78,0,1
1761051947562,229.77,10124,2,512,429.09,0,1
1761051949785,240.21,10124,1,128,221.44,0,1
1761051952273,229.77,10124,2,128,486.08,0,1
1761051954627,240.21,10124,1,32,353.77,0,1
1761051956839,229.77,10124,2,512,209.21,0,1
1761051959233,240.17,10124,1,128,392.39,0,1
1761051961387,240.21,10124,1,256,153.16,1,1
1761051963537,229.77,10124,2,128,149.14,1,1
1761051966080,240.21,10124,1,256,542.15,0,1
1761051968537,229.77,10124,2,512,454.49,0,1
1761051970951,240.21,10124,1,128,413.44,0,1
1761051973475,229.77,10124,2,128,523.57,0,1
1761051975847,240.21,10124,1,128,369.0,0,1
1761051978308,229.77,10124,2,256,459.65,0,1
1761051980941,240.17,10124,1,64,632.48,0,1
1761051983213,240.21,10124,1,512,270.53,0,1
1761051985650,229.77,10124,2,32,435.73,0,1
1761051988249,240.21,10124,1,64,597.14,0,1
1761051990534,229.77,10124,2,1024,281.63,0,1
1761051992796,240.21,10124,1,32,261.05,0,1
1761051995225,229.77,10124,2,256,428.31,0,1
1761051997656,240.21,10124,1,256,428.98,0,1
1761052000240,229.77,10124,2,256,582.21,0,1
1761052002702,240.21,10124,1,256,461.49,0,1
1761052005003,229.77,10124,2,1024,297.83,0,1
1761052007312,240.21,10124,1,256,307.73,0,1
1761052009601,229.77,10124,2,64,288.01,0,1
1761052011873,240.17,10124,1,1024,269.85,0,1
1761052014219,240.21,10124,1,1024,344.94,0,1
1761052016432,229.77,10124,2,128,211.35,0,1
1761052018919,240.21,10124,1,1024,484.29,0,1
1761052021237,229.77,10124,2,512,317.36,0,1
1761052023369,240.21,10124,1,1024,129.44,1,1
1761052025585,229.77,10124,2,64,213.38,0,1
1761052028121,240.21,10124,1,512,534.23,0,1
1761052030537,229.77,10124,2,64,414.93,0,1
1761052032954,240.21,10124,1,64,415.93,0,1
1761052035717,240.21,10124,1,1024,759.73,0,1
1761052038149,229.77,10124,2,64,430.26,0,1
1761052040663,240.21,10124,1,128,512.22,0,1
1761052043086,229.77,10124,2,32,421.54,0,1
1761052045501,240.21,10124,1,64,413.35,0,1
1761052047708,229.77,10124,2,512,205.96,0,1
1761052050182,240.21,10124,1,32,473.56,0,1
1761052052733,229.77,10124,2,1024,547.93,0,1
1761052055229,240.21,10124,1,32,494.45,0,1
1761052057569,229.77,10124,2,128,338.95,0,1
1761052059919,240.21,10124,1,256,348.71,0,1
1761052062066,240.21,10124,1,32,146.67,1,1
1761052064292,229.77,10124,2,64,224.58,0,1
1761052066725,240.21,10124,1,512,430.56,0,1
1761052069105,229.77,10124,2,1024,377.2,0,1
1761052071354,240.21,10124,1,256,248.81,0,1
1761052073525,229.77,10124,2,64,169.4,1,1
1761052076012,240.21,10124,1,128,486.71,0,1
1761052078359,229.77,10124,2,512,345.06,0,1
1761052080829,240.17,10124,1,32,469.0,0,1
1761052083305,229.77,10124,2,1024,473.93,0,1
1761052085735,240.21,10124,1,1024,428.33,0,1
1761052088253,229.77,10124,2,32,516.49,0,1
1761052090765,240.21,10124,1,1024,509.92,0,1
1761052093058,229.77,10124,2,64,291.52,0,1
1761052095260,240.21,10124,1,512,201.55,0,1
1761052097677,229.77,10124,2,32,415.95,0,1
1761052099827,240.17,10124,1,64,148.64,1,1
1761052102326,240.17,10124,1,1024,497.31,0,1
1761052104762,229.77,10124,2,128,435.21,0,1
1761052106896,240.21,10124,1,512,131.62,1,1
1761052109077,229.77,10124,2,128,179.73,1,1
1761052111495,240.21,10124,1,512,415.58,0,1
1761052113658,229.77,10124,2,128,161.52,1,1
1761052115791,240.21,10124,1,32,131.14,1,1
1761052117956,229.77,10124,2,512,162.9,1,1
1761052120397,240.21,10124,1,32,440.04,0,1
1761052122543,240.21,10124,1,256,143.81,1,1
1761052124735,229.77,10124,2,32,190.68,1,1
1761052127127,240.21,10124,1,128,389.73,0,1
1761052129282,229.77,10124,2,512,153.01,1,1
1761052131547,240.21,10124,1,512,263.74,0,1
1761052133917,229.77,10124,2,256,368.72,0,1
1761052136036,240.21,10124,1,1024,116.91,1,1
1761052138267,229.77,10124,2,1024,229.62,0,1
1761052140668,240.21,10124,1,64,400.44,0,1
1761052142793,229.77,10124,2,128,123.28,1,1
1761052145088,240.21,10124,1,64,294.07,0,1
1761052147442,229.77,10124,2,32,352.83,0,1
1761052149563,240.17,10124,1,512,119.05,1,1
1761052152017,240.21,10124,1,1024,453.21,0,1
1761052154300,229.77,10124,2,1024,282.29,0,1
1761052156646,240.21,10124,1,32,344.54,0,1
1761052158945,229.77,10124,2,128,298.81,0,1
1761052161341,240.21,10124,1,1024,394.07,0,1
1761052163960,229.77,10124,2,512,616.55,0,1
1761052166276,240.21,10124,1,64,315.51,0,1
1761052168687,229.77,10124,2,128,409.41,0,1
1761052171083,240.21,10124,1,128,394.31,0,1
1761052173515,229.77,10124,2,32,431.77,0,1
1761052175894,240.21,10124,1,128,376.86,0,1
1761052178094,229.77,10124,2,256,198.98,1,1
1761052180272,218.71,10124,1,256,176.41,1,1
1761052182396,240.21,10124,1,1024,123.05,1,1
1761052184806,229.77,10124,2,256,408.08,0,1
1761052187060,240.21,10124,1,32,252.16,0,1
1761052189608,229.77,10124,2,256,546.16,0,1
1761052191943,240.21,10124,1,512,332.98,0,1
1761052194214,229.77,10124,2,1024,270.0,0,1
1761052196778,240.21,10124,1,64,562.35,0,1
1761052198985,229.77,10124,2,64,205.24,0,1
1761052201247,240.21,10124,1,256,260.56,0,1
1761052203946,229.77,10124,2,128,698.03,0,1
1761052206570,240.21,10124,1,128,622.67,0,1
1761052208937,229.77,10124,2,512,364.55,0,1
1761052211394,230.38,10124,1,64,455.53,0,1
1761052213772,240.14,10124,1,1024,375.89,0,1
1761052216222,229.7,10124,2,32,449.72,0,1
1761052218661,240.14,10124,1,128,437.61,0,1
1761052221358,229.7,10124,2,256,694.58,0,1
1761052223641,240.14,10124,1,128,282.11,0,1
1761052226088,229.7,10124,2,32,445.95,0,1
1761052228463,240.14,10124,1,512,373.24,0,1
1761052230729,229.7,10124,2,1024,263.73,0,1
1761052233089,240.14,10124,1,512,358.59,0,1
1761052235294,229.7,10124,2,128,204.2,0,1
1761052237704,240.11,10124,1,256,408.41,0,1
1761052240117,240.14,10124,1,64,412.1,0,1
1761052242440,229.7,10124,2,512,321.81,0,1
1761052244783,240.14,10124,1,64,342.06,0,1
1761052247203,229.7,10124,2,1024,417.72,0,1
1761052249730,240.14,10124,1,512,524.55,0,1
1761052252215,229.7,10124,2,32,483.16,0,1
1761052254632,240.14,10124,1,128,416.19,0,1
1761052257067,229.7,10124,2,512,433.91,0,1
1761052259505,240.14,10124,1,256,436.18,0,1
1761052262085,229.7,10124,2,1024,577.14,0,1
1761052264402,240.14,10124,1,128,314.64,0,1
1761052266720,240.14,10124,1,256,317.04,0,1
1761052269022,229.7,10124,2,512,300.57,0,1
1761052271558,240.14,10124,1,1024,533.8,0,1
1761052274043,229.7,10124,2,64,483.8,0,1
1761052276368,240.14,10124,1,64,323.86,0,1
1761052278602,229.7,10124,2,512,231.63,0,1
1761052280983,240.14,10124,1,64,379.68,0,1
1761052283129,229.7,10124,2,512,143.59,1,1
1761052285260,240.14,10124,1,64,129.72,1,1
1761052287537,229.7,10124,2,128,275.94,0,1
1761052290064,240.14,10124,1,128,525.74,0,1
1761052292296,229.7,10124,2,128,230.99,0,1
1761052294493,240.11,10124,1,64,194.67,1,1
1761052296937,240.14,10124,1,1024,442.3,0,1
1761052299197,229.7,10124,2,1024,257.9,0,1
1761052301565,240.14,10124,1,512,366.32,0,1
1761052303963,229.7,10124,2,1024,394.38,0,1
1761052306194,240.14,10124,1,128,230.43,0,1
1761052308591,229.7,10124,2,256,395.69,0,1
1761052310798,240.14,10124,1,128,205.18,0,1
1761052313295,229.7,10124,2,128,495.72,0,1
1761052315635,240.14,10124,1,128,338.82,0,1
1761052317888,229.7,10124,2,256,252.56,0,1
1761052320352,240.14,10124,1,512,462.96,0,1
1761052322738,240.14,10124,1,32,385.68,0,1
1761052324898,229.7,10124,2,64,158.42,1,1
1761052327485,240.14,10124,1,512,585.12,0,1
1761052329816,229.7,10124,2,1024,328.87,0,1
1761052332282,240.14,10124,1,256,465.31,0,1
1761052334893,229.7,10124,2,1024,609.08,0,1
1761052337300,240.11,10124,1,256,405.46,0,1
1761052339591,229.7,10124,2,256,289.46,0,1
1761052341740,240.14,10124,1,64,149.05,1,1
1761052344223,229.7,10124,2,64,481.38,0,1
1761052346673,240.14,10124,1,64,448.64,0,1
1761052349321,240.14,10124,1,1024,646.23,0,1
1761052351755,229.7,10124,2,1024,433.11,0,1
1761052354082,240.14,10124,1,64,325.33,0,1
1761052356500,229.7,10124,2,128,416.27,0,1
1761052358651,240.14,10124,1,256,149.64,1,1
1761052360836,229.7,10124,2,256,184.42,1,1
1761052363319,240.14,10124,1,64,481.47,0,1
1761052365692,229.7,10124,2,64,372.1,0,1
1761052367824,240.14,10124,1,64,129.67,1,1
1761052370004,229.7,10124,2,64,178.97,1,1
1761052372315,240.14,10124,1,32,309.05,0,1
1761052374688,240.14,10124,1,64,372.42,0,1
1761052377065,229.7,10124,2,512,375.07,0,1
1761052379229,240.14,10124,1,256,161.91,1,1
1761052381405,229.7,10124,2,128,175.46,1,1
1761052383877,240.14,10124,1,128,470.37,0,1
1761052386293,229.7,10124,2,1024,414.63,0,1
1761052388525,240.14,10124,1,32,230.62,0,1
1761052390828,229.7,10124,2,1024,300.55,0,1
1761052393004,240.14,10124,1,128,174.77,1,1
1761052395253,229.7,10124,2,128,247.33,0,1
1761052397730,240.14,10124,1,256,476.44,0,1
1761052400148,229.7,10124,2,128,416.21,0,1
1761052402600,240.14,10124,1,32,451.21,0,1
1761052405014,229.7,10124,2,128,412.73,0,1
1761052407599,229.0,10124,1,256,583.84,0,1
1761052409943,240.14,10124,1,512,342.24,0,1
1761052412802,229.7,10124,2,512,856.67,0,1
1761052415144,240.14,10124,1,32,340.77,0,1
1761052417551,229.7,10124,2,128,405.8,0,1
1761052419749,240.14,10124,1,64,196.3,1,1
1761052422240,229.7,10124,2,64,490.65,0,1
1761052424662,240.14,10124,1,512,419.16,0,1
1761052427120,229.7,10124,2,256,457.79,0,1
1761052429685,240.14,10124,1,128,563.41,0,1
1761052432041,229.7,10124,2,1024,354.94,0,1
1761052434489,240.14,10124,1,256,446.76,0,1
1761052436596,229.7,10124,2,1024,104.78,1,1
1761052438823,220.1,10124,2,32,225.85,0,1
1761052441239,240.14,10124,1,32,414.53,0,1
1761052443591,229.7,10124,2,128,350.7,0,1
1761052445838,240.14,10124,1,128,245.9,0,1
1761052448063,229.7,10124,2,32,223.0,0,1
1761052450471,240.14,10124,1,128,406.53,0,1
1761052452927,229.7,10124,2,128,455.06,0,1
1761052455407,240.14,10124,1,128,478.53,0,1
1761052457916,229.7,10124,2,64,507.88,0,1
1761052460405,240.14,10124,1,1024,487.82,0,1
1761052462721,229.7,10124,2,512,315.07,0,1
1761052464908,240.14,10124,1,1024,185.58,1,1
1761052467377,229.7,10124,2,1024,467.26,0,1
1761052470212,230.6,10124,1,128,832.97,0,1
1761052472538,240.14,10124,1,512,325.07,0,1
1761052474686,229.7,10124,2,32,146.8,1,1
1761052476814,240.14,10124,1,1024,125.28,1,1
1761052478987,229.7,10124,2,64,172.39,1,1
1761052481129,240.14,10124,1,32,140.33,1,1
1761052483338,229.7,10124,2,32,208.96,0,1
1761052485995,240.14,10124,1,32,655.52,0,1
1761052488205,229.7,10124,2,128,208.92,0,1
1761052490477,240.14,10124,1,128,271.12,0,1
1761052492795,229.7,10124,2,128,315.7,0,1
1761052495142,240.14,10124,1,64,346.66,0,1
1761052497379,229.7,10124,2,1024,234.46,0,1
1761052499960,221.86,10124,2,128,580.03,0,1
1761052502301,240.14,10124,1,1024,338.39,0,1
1761052504427,229.7,10124,2,256,124.76,1,1
1761052506701,240.14,10124,1,32,273.11,0,1
1761052509167,229.7,10124,2,128,465.53,0,1
1761052511552,240.14,10124,1,128,382.67,0,1
1761052513971,229.7,10124,2,128,417.63,0,1
1761052516282,240.14,10124,1,256,309.66,0,1
1761052518603,229.7,10124,2,128,320.1,0,1
1761052521086,240.14,10124,1,32,480.99,0,1
1761052523494,229.7,10124,2,1024,405.43,0,1
1761052525718,240.14,10124,1,128,222.85,0,1
1761052528244,240.14,10124,1,1024,524.58,0,1
1761052530545,229.7,10124,2,256,300.01,0,1
1761052532697,240.14,10124,1,32,150.41,1,1
1761052534854,229.7,10124,2,512,155.33,1,1
1761052537040,240.14,10124,1,32,184.73,1,1
1761052539475,229.7,10124,2,32,434.34,0,1
1761052541640,240.14,10124,1,512,161.63,1,1
1761052543771,229.7,10124,2,64,129.71,1,1
1761052546176,240.14,10124,1,512,403.69,0,1
1761052548368,240.11,10124,1,64,190.83,1,1
1761052550932,229.7,10124,2,1024,562.11,0,1
1761052553274,240.14,10124,1,256,340.72,0,1
1761052555457,229.7,10124,2,512,180.75,1,1
1761052558004,240.14,10124,1,64,546.46,0,1
1761052560343,229.7,10124,2,1024,336.28,0,1
1761052562881,240.14,10124,1,512,535.12,0,1
1761052565318,229.7,10124,2,32,435.03,0,1
1761052567682,240.14,10124,1,128,362.87,0,1
1761052569904,229.7,10124,2,128,220.9,0,1
1761052572280,240.14,10124,1,256,374.62,0,1
1761052574651,229.7,10124,2,512,370.68,0,1
1761052576899,240.14,10124,1,64,246.39,0,1
1761052579073,229.7,10124,2,256,172.33,1,1
1761052581240,240.14,10124,1,32,165.05,1,1
1761052583729,229.7,10124,2,128,487.76,0,1
1761052586268,240.14,10124,1,64,537.49,0,1
1761052588612,240.14,10124,1,32,342.95,0,1
1761052591111,229.7,10124,2,64,497.57,0,1
1761052593630,240.14,10124,1,64,517.31,0,1
1761052595983,229.7,10124,2,64,351.34,0,1
1761052598391,240.14,10124,1,64,406.36,0,1
1761052600562,229.7,10124,2,32,170.87,1,1
1761052603005,240.14,10124,1,256,441.22,0,1
1761052605128,229.7,10124,2,32,122.24,1,1
1761052607441,240.14,10124,1,512,310.53,0,1
1761052609751,229.7,10124,2,256,308.08,0,1
1761052611992,240.14,10124,1,128,239.42,0,1
1761052614388,229.7,10124,2,1024,395.38,0,1
1761052616880,239.61,10124,1,256,490.05,0,1
1761052619357,240.14,10124,1,128,475.17,0,1
1761052621845,229.7,10124,2,1024,486.28,0,1
1761052624255,240.14,10124,1,128,408.82,0,1
1761052626673,229.7,10124,2,64,417.27,0,1
1761052629300,240.14,10124,1,32,625.67,0,1
1761052631564,229.7,10124,2,256,262.86,0,1
1761052633721,240.14,10124,1,512,154.63,1,1
1761052635875,229.7,10124,2,64,153.56,1,1
1761052638038,240.14,10124,1,32,162.23,1,1
1761052640429,229.7,10124,2,256,389.83,0,1
1761052642580,240.11,10124,1,32,149.41,1,1
1761052644913,240.14,10124,1,1024,330.32,0,1
1761052647194,229.7,10124,2,512,279.36,0,1
1761052649349,240.14,10124,1,512,152.74,1,1
1761052651570,229.7,10124,2,256,220.37,0,1
1761052653956,240.14,10124,1,1024,383.19,0,1
1761052656150,229.7,10124,2,512,192.08,1,1
1761052658637,240.14,10124,1,256,485.15,0,1
1761052661045,229.7,10124,2,512,406.4,0,1
1761052663194,240.14,10124,1,256,147.82,1,1
1761052665390,229.7,10124,2,128,194.82,1,1
1761052667791,240.14,10124,1,128,398.86,0,1
1761052669979,229.7,10124,2,512,187.06,1,1
1761052672427,240.14,10124,1,128,446.62,0,1
1761052674879,240.14,10124,1,128,450.63,0,1
1761052677307,229.7,10124,2,64,426.72,0,1
1761052679480,240.14,10124,1,32,171.92,1,1
1761052681949,229.7,10124,2,64,466.73,0,1
1761052684316,240.14,10124,1,128,365.64,0,1
1761052686522,229.7,10124,2,128,204.86,0,1
1761052688933,240.14,10124,1,64,409.62,0,1
1761052691266,229.7,10124,2,256,331.88,0,1
1761052693613,240.14,10124,1,128,345.75,0,1
1761052696108,229.7,10124,2,256,492.42,0,1
1761052698662,240.14,10124,1,128,553.57,0,1
1761052700903,229.7,10124,2,128,239.16,0,1
1761052703070,240.14,10124,1,512,165.78,1,1
1761052705224,229.7,10124,2,256,152.98,1,1
1761052707355,231.82,10124,1,512,128.91,1,1
1761052709584,240.14,10124,1,1024,226.82,0,1
1761052712182,229.7,10124,2,64,596.82,0,1
1761052714489,240.14,10124,1,512,305.22,0,1
1761052716892,229.7,10124,2,128,402.13,0,1
1761052719086,240.14,10124,1,512,192.49,1,1
1761052721645,229.7,10124,2,1024,556.69,0,1
1761052723942,240.14,10124,1,64,295.58,0,1
1761052726205,229.7,10124,2,32,261.96,0,1
1761052728611,240.14,10124,1,64,404.67,0,1
1761052731126,229.7,10124,2,64,513.72,0,1
1761052733611,240.14,10124,1,64,482.59,0,1
1761052736020,229.7,10124,2,256,407.29,0,1
1761052738381,230.31,10124,1,64,360.28,0,1
1761052740549,240.14,10124,1,512,166.06,1,1
1761052743066,229.7,10124,2,256,515.17,0,1
1761052745413,240.14,10124,1,32,346.33,0,1
1761052747618,229.7,10124,2,512,202.35,0,1
1761052750034,240.14,10124,1,1024,414.24,0,1
1761052752330,229.7,10124,2,512,294.19,0,1
1761052754817,240.14,10124,1,32,485.57,0,1
1761052757135,229.7,10124,2,32,317.32,0,1
1761052759848,240.14,10124,1,64,711.78,0,1
1761052762088,229.7,10124,2,1024,238.84,0,1
1761052764665,240.14,10124,1,1024,573.85,0,1
1761052767166,229.7,10124,2,256,499.94,0,1
1761052769430,240.14,10124,1,256,262.66,0,1
1761052771855,229.7,10124,2,128,423.31,0,1
1761052774112,240.14,10124,1,256,255.13,0,1
1761052776439,229.7,10124,2,128,326.72,0,1
1761052778595,240.11,10124,1,256,155.03,1,1
1761052780825,240.14,10124,1,64,229.15,0,1
1761052783198,229.7,10124,2,128,372.33,0,1
1761052785375,240.14,10124,1,64,175.93,1,1
1761052787562,229.7,10124,2,512,184.91,1,1
1761052790055,240.14,10124,1,64,491.59,0,1
1761052792389,229.7,10124,2,32,332.11,0,1
1761052794620,240.14,10124,1,512,229.72,0,1
1761052797095,229.7,10124,2,1024,472.23,0,1
1761052799500,240.14,10124,1,64,403.08,0,1
1761052801971,229.7,10124,2,128,470.49,0,1
1761052804412,240.14,10124,1,256,439.15,0,1
1761052806870,229.7,10124,2,64,457.31,0,1
1761052809299,240.14,10124,1,32,427.55,0,1
1761052811492,229.7,10124,2,512,191.23,1,1
1761052814014,240.11,10124,1,512,520.48,0,1
1761052816365,240.14,10124,1,512,349.83,0,1
1761052818515,229.7,10124,2,128,149.12,1,1
1761052820658,240.14,10124,1,128,141.18,1,1
1761052822837,229.7,10124,2,512,177.68,1,1
1761052825278,240.11,10124,1,128,440.3,0,1
1761052827399,229.7,10124,2,32,118.47,1,1
1761052829609,240.14,10124,1,128,209.35,0,1
1761052832132,229.7,10124,2,64,521.3,0,1
1761052834551,240.11,10124,1,256,417.43,0,1
1761052836924,229.7,10124,2,256,369.42,0,1
1761052839175,240.14,10124,1,256,248.72,0,1
1761052841549,229.7,10124,2,1024,371.39,0,1
1761052843724,240.14,10124,1,64,174.14,1,1
1761052846187,240.14,10124,1,512,461.35,0,1
1761052848621,229.7,10124,2,1024,431.49,0,1
1761052851038,240.14,10124,1,32,415.59,0,1
1761052853244,229.7,10124,2,512,205.44,0,1
1761052855800,240.14,10124,1,64,554.48,0,1
1761052858161,229.7,10124,2,1024,359.32,0,1
1761052860553,240.14,10124,1,1024,388.35,0,1
1761052862791,229.7,10124,2,1024,236.19,0,1
1761052865174,240.14,10124,1,1024,382.24,0,1
1761052867320,229.7,10124,2,256,144.01,1,1
1761052869473,240.14,10124,1,32,152.04,1,1
1761052871883,240.14,10124,1,32,408.96,0,1
1761052874088,229.7,10124,2,64,203.98,0,1
1761052876340,240.14,10124,1,256,250.26,0,1
1761052878723,229.7,10124,2,64,381.53,0,1
1761052881150,240.14,10124,1,128,425.88,0,1
1761052883330,229.7,10124,2,128,179.05,1,1
1761052885816,240.14,10124,1,64,485.43,0,1
1761052888297,229.7,10124,2,32,480.2,0,1
1761052890725,240.14,10124,1,32,426.27,0,1
1761052893133,229.7,10124,2,512,406.45,0,1
1761052895591,240.14,10124,1,256,457.14,0,1
1761052898013,229.7,10124,2,256,420.26,0,1
1761052900167,240.14,10124,1,1024,152.02,1,1
1761052902379,229.7,10124,2,512,210.11,0,1
1761052905057,240.14,10124,1,32,677.36,0,1
1761052907259,240.14,10124,1,256,200.24,0,1
1761052909725,229.7,10124,2,64,465.15,0,1
1761052912239,240.14,10124,1,512,511.9,0,1
1761052914661,229.7,10124,2,256,419.99,0,1
1761052917066,240.14,10124,1,32,404.38,0,1
1761052919191,229.7,10124,2,64,123.35,1,1
1761052921352,240.14,10124,1,128,159.5,1,1
1761052923493,229.7,10124,2,128,138.86,1,1
1761052925663,240.14,10124,1,128,168.83,1,1
1761052927817,229.7,10124,2,128,152.92,1,1
1761052930010,240.14,10124,1,512,190.68,1,1
1761052933444,229.7,10124,2,32,1433.36,0,1
1761052935981,240.14,10124,1,128,535.82,0,1
1761052938307,229.7,10124,2,256,324.67,0,1
1761052940677,240.11,10124,1,1024,367.41,0,1
1761052942802,240.14,10124,1,512,123.83,1,1
1761052944999,229.7,10124,2,1024,194.08,1,1
1761052947440,240.14,10124,1,1024,438.85,0,1
1761052949727,229.7,10124,2,64,285.77,0,1
1761052952024,240.14,10124,1,256,295.94,0,1
1761052954313,229.7,10124,2,32,288.89,0,1
1761052956630,240.14,10124,1,1024,313.63,0,1
1761052958791,229.7,10124,2,32,160.63,1,1
1761052960959,240.14,10124,1,32,166.66,1,1
1761052963259,229.7,10124,2,512,298.07,0,1
1761052965597,240.14,10124,1,64,336.6,0,1
1761052968034,240.14,10124,1,1024,434.77,0,1
1761052970162,229.7,10124,2,512,125.74,1,1
1761052972293,240.14,10124,1,512,129.69,1,1
1761052974557,229.7,10124,2,512,261.76,0,1
1761052976924,240.14,10124,1,512,365.73,0,1
1761052979105,229.7,10124,2,512,180.15,1,1
1761052981597,240.14,10124,1,128,490.74,0,1
1761052983966,229.7,10124,2,256,366.95,0,1
1761052986281,240.14,10124,1,512,313.26,0,1
1761052988650,229.7,10124,2,32,367.8,0,1
1761052991409,240.14,10124,1,256,756.22,0,1
1761052993810,229.7,10124,2,512,399.88,0,1
1761052995946,230.31,10124,1,128,134.69,1,1
1761052998252,240.14,10124,1,512,304.34,0,1
1761053000683,229.7,10124,2,32,429.18,0,1
1761053003018,240.14,10124,1,512,333.59,0,1
1761053005350,229.7,10124,2,32,331.51,0,1
1761053007614,240.14,10124,1,64,262.77,0,1
1761053009751,229.7,10124,2,32,135.23,1,1
1761053011908,240.14,10124,1,256,155.45,1,1
1761053014049,229.7,10124,2,64,140.42,1,1
1761053016375,240.14,10124,1,32,324.81,0,1
1761053018653,240.14,10124,1,256,276.09,0,1
1761053020844,229.7,10124,2,32,189.03,1,1
1761053023297,240.14,10124,1,32,451.48,0,1
1761053025448,229.7,10124,2,512,150.4,1,1
1761053027575,240.14,10124,1,512,125.39,1,1
1761053029740,229.7,10124,2,64,164.73,1,1
1761053031872,240.14,10124,1,512,130.23,1,1
1761053034116,229.7,10124,2,256,243.37,0,1
1761053036563,240.14,10124,1,256,446.75,0,1
1761053038949,229.7,10124,2,1024,383.15,0,1
1761053041123,240.14,10124,1,512,172.68,1,1
1761053043691,229.7,10124,2,1024,564.21,0,1
1761053046225,240.14,10124,1,64,533.83,0,1
1761053048576,229.7,10124,2,32,349.58,0,1
1761053050906,220.1,10124,2,1024,327.39,0,1
1761053053261,240.14,10124,1,256,353.34,0,1
1761053055731,229.7,10124,2,1024,467.87,0,1
1761053058064,240.14,10124,1,32,332.33,0,1
1761053060550,229.7,10124,2,512,484.41,0,1
1761053062848,240.14,10124,1,128,296.38,0,1
1761053065128,229.7,10124,2,512,277.61,0,1
1761053067690,240.14,10124,1,256,560.59,0,1
1761053070003,229.7,10124,2,256,311.46,0,1
1761053072448,240.14,10124,1,1024,442.44,0,1
1761053074850,229.7,10124,2,64,400.05,0,1
1761053076995,240.14,10124,1,32,143.21,1,1
1761053079150,229.7,10124,2,32,154.3,1,1
1761053081329,240.14,10124,1,32,177.37,1,1
1761053083782,240.14,10124,1,256,452.02,0,1
1761053086193,229.7,10124,2,256,409.22,0,1
1761053088479,240.14,10124,1,32,284.92,0,1
1761053090889,229.7,10124,2,1024,408.13,0,1
1761053093389,240.14,10124,1,1024,498.08,0,1
1761053095802,229.7,10124,2,256,410.94,0,1
1761053098172,240.14,10124,1,32,369.15,0,1
1761053100598,229.7,10124,2,256,423.97,0,1
1761053102782,240.14,10124,1,128,181.83,1,1
1761053105014,229.7,10124,2,1024,230.1,0,1
1761053107692,240.11,10124,1,32,677.08,0,1
1761053109899,240.14,10124,1,1024,204.51,0,1
1761053112357,229.7,10124,2,64,457.36,0,1
1761053114887,240.14,10124,1,1024,527.46,0,1
1761053117247,229.7,10124,2,32,358.55,0,1
1761053119667,240.14,10124,1,64,417.62,0,1
1761053121815,229.7,10124,2,32,147.69,1,1
1761053123983,240.14,10124,1,1024,165.91,1,1
1761053126422,229.7,10124,2,32,437.52,0,1
1761053128565,240.14,10124,1,512,141.05,1,1
1761053130704,229.7,10124,2,32,137.78,1,1
1761053132923,240.14,10124,1,256,216.53,0,1
1761053135340,240.14,10124,1,128,416.05,0,1
1761053137672,229.7,10124,2,128,330.94,0,1
1761053139936,240.14,10124,1,256,262.15,0,1
1761053142071,229.7,10124,2,32,133.67,1,1
1761053144239,240.14,10124,1,64,167.17,1,1
1761053146359,229.7,10124,2,256,119.65,1,1
1761053148788,240.14,10124,1,32,428.44,0,1
1761053151110,229.7,10124,2,32,320.62,0,1
1761053153631,240.14,10124,1,1024,519.66,0,1
1761053155942,229.7,10124,2,1024,308.33,0,1
1761053158433,240.14,10124,1,256,490.07,0,1
1761053161016,229.7,10124,2,1024,580.34,0,1
1761053163287,240.14,10124,1,512,270.61,0,1
1761053165515,229.7,10124,2,1024,225.13,0,1
1761053167880,240.11,10124,1,32,364.02,0,1
1761053170013,240.14,10124,1,32,132.74,1,1
1761053172286,229.7,10124,2,256,272.24,0,1
1761053174667,240.14,10124,1,128,379.54,0,1
1761053176906,229.7,10124,2,32,237.19,0,1
1761053179201,240.14,10124,1,32,294.63,0,1
1761053181525,229.7,10124,2,64,322.98,0,1
1761053183812,240.14,10124,1,256,286.14,0,1
1761053185969,229.7,10124,2,64,155.14,1,1
1761053188238,240.14,10124,1,256,267.89,0,1
1761053190668,229.7,10124,2,256,428.16,0,1
1761053193052,240.14,10124,1,32,383.47,0,1
1761053195217,229.7,10124,2,512,162.14,1,1
1761053197448,240.11,10124,1,64,228.97,0,1
1761053199788,240.14,10124,1,32,339.88,0,1
1761053201939,229.7,10124,2,64,149.49,1,1
1761053204337,240.14,10124,1,32,396.66,0,1
1761053206553,229.7,10124,2,256,214.83,0,1
1761053208706,240.11,10124,1,32,151.93,1,1
1761053210872,229.7,10124,2,512,164.76,1,1
1761053213004,240.14,10124,1,512,130.29,1,1
1761053215307,229.7,10124,2,512,301.92,0,1
1761053217960,240.14,10124,1,64,651.55,0,1
1761053220534,229.7,10124,2,128,573.81,0,1
1761053222924,240.14,10124,1,512,387.97,0,1
1761053225447,229.7,10124,2,512,521.73,0,1
1761053227832,240.14,10124,1,128,383.59,0,1
1761053230201,229.7,10124,2,256,367.8,0,1
1761053232437,240.14,10124,1,32,235.64,0,1
1761053234824,229.7,10124,2,1024,384.93,0,1
1761053237445,239.61,10124,1,256,619.15,0,1
1761053239835,240.14,10124,1,512,388.96,0,1
1761053242157,229.7,10124,2,64,320.77,0,1
1761053244420,240.14,10124,1,1024,260.62,0,1
1761053246823,229.7,10124,2,512,401.96,0,1
1761053249434,240.14,10124,1,32,609.4,0,1
1761053251902,229.7,10124,2,1024,465.6,0,1
1761053254315,240.14,10124,1,1024,410.84,0,1
1761053256587,229.7,10124,2,256,270.37,0,1
1761053258775,240.11,10124,1,512,186.2,1,1
1761053261226,229.7,10124,2,1024,448.6,0,1
1761053263634,240.14,10124,1,1024,405.08,0,1
1761053265815,229.7,10124,2,256,178.29,1,1
1761053268018,240.14,10124,1,32,201.43,0,1
1761053270442,229.7,10124,2,512,423.22,0,1
1761053272884,229.0,10124,1,256,440.57,0,1
1761053274999,240.14,10124,1,256,114.39,1,1
1761053277217,229.7,10124,2,256,216.7,0,1
1761053279645,240.14,10124,1,64,426.49,0,1
1761053281773,229.7,10124,2,128,126.91,1,1
1761053283988,240.14,10124,1,1024,212.94,0,1
1761053286376,229.7,10124,2,256,386.6,0,1
1761053288634,240.14,10124,1,1024,255.13,0,1
1761053291108,229.7,10124,2,1024,473.43,0,1
1761053293476,240.14,10124,1,128,366.21,0,1
1761053295951,229.7,10124,2,128,473.48,0,1
1761053298354,240.14,10124,1,512,400.65,0,1
1761053300550,229.7,10124,2,128,195.08,1,1
1761053302960,240.14,10124,1,256,409.23,0,1
1761053305292,229.7,10124,2,64,330.59,0,1
1761053307580,240.11,10124,1,128,286.13,0,1
1761053309878,229.7,10124,2,128,297.21,0,1
1761053312194,240.11,10124,1,64,315.49,0,1
1761053314624,239.98,10124,1,64,427.53,0,1
1761053316805,229.7,10124,2,256,179.51,1,1
1761053319245,240.14,10124,1,128,438.66,0,1
1761053321385,229.7,10124,2,512,138.51,1,1
1761053323614,240.14,10124,1,32,227.66,0,1
1761053326056,229.7,10124,2,512,440.08,0,1
1761053328193,240.14,10124,1,1024,135.68,1,1
1761053330713,229.7,10124,2,256,518.66,0,1
1761053333082,240.14,10124,1,256,367.36,0,1
1761053335557,229.7,10124,2,512,473.99,0,1
1761053337917,240.14,10124,1,32,358.57,0,1
1761053340277,229.7,10124,2,128,359.06,0,1
1761053342595,240.14,10124,1,1024,316.18,0,1
1761053345034,229.7,10124,2,64,437.67,0,1
1761053347588,240.14,10124,1,1024,551.59,0,1
1761053349958,229.7,10124,2,64,369.37,0,1
1761053352460,229.0,10124,1,128,500.34,0,1
1761053355030,240.14,10124,1,64,568.92,0,1
1761053357541,229.7,10124,2,256,509.57,0,1
1761053359754,240.14,10124,1,256,211.44,0,1
1761053361904,229.7,10124,2,512,148.52,1,1
1761053364057,240.14,10124,1,32,151.37,1,1
1761053366236,229.7,10124,2,256,178.45,1,1
1761053368680,240.14,10124,1,128,441.92,0,1
1761053370801,229.7,10124,2,256,119.68,1,1
1761053373045,240.14,10124,1,256,242.77,0,1
1761053375606,229.7,10124,2,256,558.74,0,1
1761053377874,240.14,10124,1,512,266.93,0,1
1761053380084,229.7,10124,2,256,208.17,0,1
1761053382527,240.14,10124,1,128,442.18,0,1
1761053385042,229.7,10124,2,64,514.23,0,1
1761053387622,229.0,10124,1,64,577.58,0,1
1761053389884,240.14,10124,1,128,261.78,0,1
1761053392395,229.7,10124,2,512,509.72,0,1
1761053394783,240.14,10124,1,32,386.88,0,1
1761053397256,229.7,10124,2,512,470.84,0,1
1761053399663,240.14,10124,1,1024,404.07,0,1
1761053401818,229.7,10124,2,512,153.41,1,1
1761053403970,240.14,10124,1,1024,149.67,1,1
1761053406311,229.7,10124,2,64,339.33,0,1
1761053408594,240.11,10124,1,512,282.17,0,1
1761053411037,229.7,10124,2,64,441.48,0,1
1761053413153,240.14,10124,1,32,114.82,1,1
1761053415363,229.7,10124,2,512,208.23,0,1
1761053417814,240.14,10124,1,512,449.63,0,1
1761053420595,240.14,10124,1,64,779.01,0,1
1761053423290,229.7,10124,2,128,693.94,0,1
1761053425601,240.14,10124,1,128,309.31,0,1
1761053428022,229.7,10124,2,32,419.56,0,1
1761053430583,240.14,10124,1,64,560.14,0,1
1761053432914,229.7,10124,2,32,330.56,0,1
1761053435281,240.14,10124,1,32,365.4,0,1
1761053437773,229.7,10124,2,512,490.84,0,1
1761053440236,240.14,10124,1,32,461.07,0,1
1761053442629,229.7,10124,2,1024,392.67,0,1
1761053444807,240.14,10124,1,1024,176.5,1,1
1761053447404,229.7,10124,2,512,595.01,0,1
1761053449687,240.14,10124,1,128,281.61,0,1
1761053451850,229.7,10124,2,256,161.16,1,1
1761053454116,220.11,10124,2,128,263.82,0,1
1761053456437,240.14,10124,1,1024,319.27,0,1
1761053458880,229.7,10124,2,32,442.59,0,1
1761053461111,240.14,10124,1,32,229.81,0,1
1761053463619,229.7,10124,2,512,506.2,0,1
1761053465988,240.14,10124,1,32,367.19,0,1
1761053468237,229.7,10124,2,64,248.35,0,1
1761053470564,240.14,10124,1,256,324.69,0,1
1761053472795,229.7,10124,2,512,228.82,0,1
1761053475215,240.14,10124,1,64,418.61,0,1
1761053477322,229.7,10124,2,64,105.5,1,1
1761053479479,240.14,10124,1,128,156.07,1,1
1761053481666,229.7,10124,2,128,185.19,1,1
1761053484084,240.14,10124,1,512,416.65,0,1
1761053486197,240.14,10124,1,32,111.4,1,1
1761053488368,229.7,10124,2,32,168.86,1,1
1761053491196,240.14,10124,1,32,827.7,0,1
1761053493774,229.7,10124,2,256,576.78,0,1
1761053496177,240.14,10124,1,32,402.22,0,1
1761053498545,229.7,10124,2,32,366.55,0,1
1761053501247,240.14,10124,1,256,699.63,0,1
1761053503449,229.7,10124,2,512,199.97,1,1
1761053506108,240.14,10124,1,512,657.58,0,1
1761053508334,229.7,10124,2,32,225.38,0,1
1761053510568,240.14,10124,1,256,232.79,0,1
1761053513039,240.14,10124,1,1024,468.7,0,1
1761053515594,229.7,10124,2,32,554.11,0,1
1761053517911,240.14,10124,1,256,316.06,0,1
1761053520365,229.7,10124,2,1024,451.59,0,1
1761053522820,240.14,10124,1,64,453.64,0,1
1761053525352,229.7,10124,2,64,530.59,0,1
1761053527788,240.14,10124,1,256,434.4,0,1
1761053530341,229.7,10124,2,32,552.18,0,1
1761053532587,240.14,10124,1,64,244.13,0,1
1761053534769,229.7,10124,2,32,181.31,1,1
1761053536964,240.14,10124,1,512,193.55,1,1
1761053539736,229.7,10124,2,32,770.89,0,1
1761053542160,240.14,10124,1,64,422.49,0,1
1761053544582,240.14,10124,1,32,421.25,0,1
1761053546734,229.7,10124,2,256,150.45,1,1
1761053548951,240.14,10124,1,128,215.74,0,1
1761053551658,229.7,10124,2,1024,705.54,0,1
1761053554120,240.14,10124,1,256,461.1,0,1
1761053556974,229.7,10124,2,64,851.8,0,1
1761053559349,240.14,10124,1,128,373.85,0,1
1761053562001,229.7,10124,2,64,650.74,0,1
1761053564209,240.14,10124,1,1024,205.27,0,1
1761053566416,229.7,10124,2,32,206.85,0,1
1761053569060,240.14,10124,1,32,642.97,0,1
1761053571364,229.7,10124,2,64,301.56,0,1
1761053573708,240.14,10124,1,256,340.81,0,1
1761053575899,229.7,10124,2,128,190.74,1,1
1761053578055,240.14,10124,1,128,153.81,1,1
1761053580477,240.14,10124,1,64,420.74,0,1
1761053582698,229.7,10124,2,128,219.53,0,1
1761053585189,240.14,10124,1,512,489.57,0,1
1761053587650,229.7,10124,2,1024,460.27,0,1
1761053589999,240.14,10124,1,32,347.87,0,1
1761053592236,229.7,10124,2,128,236.33,0,1
1761053594568,240.14,10124,1,512,329.75,0,1
1761053596812,229.7,10124,2,512,241.72,0,1
1761053599227,240.14,10124,1,1024,410.94,0,1
1761053601779,229.7,10124,2,1024,549.55,0,1
1761053604081,240.14,10124,1,512,301.09,0,1
1761053606270,229.7,10124,2,64,188.27,1,1
1761053608451,240.14,10124,1,64,178.85,1,1
1761053611045,229.7,10124,2,64,592.77,0,1
1761053613521,240.11,10124,1,512,474.96,0,1
1761053615771,240.14,10124,1,128,248.43,0,1
1761053618235,229.7,10124,2,1024,461.79,0,1
1761053620401,240.14,10124,1,512,164.46,1,1
1761053622645,229.7,10124,2,128,242.68,0,1
1761053624971,240.14,10124,1,1024,323.81,0,1
1761053627223,229.7,10124,2,32,249.83,0,1
1761053629652,240.14,10124,1,32,428.72,0,1
1761053632057,229.7,10124,2,256,400.86,0,1
1761053634239,240.14,10124,1,32,181.28,1,1
1761053636644,240.14,10124,1,64,403.4,0,1
1761053639228,229.7,10124,2,512,582.14,0,1
1761053641559,240.14,10124,1,64,328.96,0,1
1761053643714,229.7,10124,2,256,154.54,1,1
1761053645868,240.14,10124,1,32,153.36,1,1
1761053648031,229.7,10124,2,1024,159.22,1,1
1761053650166,240.14,10124,1,256,133.7,1,1
1761053652329,229.7,10124,2,64,162.07,1,1
1761053654728,240.14,10124,1,64,397.46,0,1
1761053657045,229.7,10124,2,32,316.69,0,1
1761053659423,220.1,10124,2,512,375.49,0,1
1761053661824,240.14,10124,1,256,400.05,0,1
1761053664155,229.7,10124,2,256,330.32,0,1
1761053666805,240.14,10124,1,128,649.07,0,1
1761053669361,229.7,10124,2,32,554.1,0,1
1761053671639,240.14,10124,1,128,277.2,0,1
1761053673784,229.7,10124,2,512,143.99,1,1
1761053676201,240.14,10124,1,128,416.01,0,1
1761053678428,229.7,10124,2,64,226.16,0,1
1761053680633,240.14,10124,1,32,203.37,0,1
1761053683124,229.7,10124,2,512,490.0,0,1
1761053685540,240.11,10124,1,32,413.76,0,1
1761053687953,240.14,10124,1,512,410.8,0,1
1761053690134,229.7,10124,2,128,180.08,1,1
1761053692579,240.14,10124,1,64,443.53,0,1
1761053695102,229.7,10124,2,512,521.1,0,1
1761053697473,240.14,10124,1,32,370.42,0,1
1761053699696,229.7,10124,2,512,221.19,0,1
1761053702071,240.14,10124,1,64,374.05,0,1
1761053704574,229.7,10124,2,64,501.04,0,1
1761053706994,240.14,10124,1,512,418.8,0,1
1761053709573,229.7,10124,2,1024,575.68,0,1
1761053711915,240.14,10124,1,64,340.65,0,1
1761053714357,229.7,10124,2,512,440.93,0,1
1761053717094,240.11,10124,1,32,735.87,0,1
1761053719298,229.7,10124,2,1024,202.34,0,1
1761053721738,231.63,10124,1,32,439.75,0,1
1761053724131,240.14,10124,1,1024,391.64,0,1
1761053726297,229.7,10124,2,1024,163.8,1,1
1761053728516,240.14,10124,1,256,217.66,0,1
1761053731148,229.7,10124,2,256,629.93,0,1
1761053733350,240.14,10124,1,64,200.91,0,1
1761053735524,229.7,10124,2,512,173.01,1,1
1761053737741,240.14,10124,1,128,215.15,0,1
1761053740175,229.7,10124,2,512,432.78,0,1
1761053742568,240.14,10124,1,32,390.3,0,1
1761053744707,229.7,10124,2,32,138.6,1,1
1761053746911,240.14,10124,1,64,202.45,0,1
1761053749827,229.7,10124,2,1024,913.69,0,1
1761053752283,217.37,10124,1,64,454.85,0,1
1761053754673,240.14,10124,1,512,388.23,0,1
1761053757042,229.7,10124,2,512,368.04,0,1
1761053759619,240.14,10124,1,128,575.61,0,1
1761053761905,229.7,10124,2,128,284.91,0,1
1761053764186,240.14,10124,1,32,279.57,0,1
1761053766594,229.7,10124,2,32,407.13,0,1
1761053769055,240.14,10124,1,256,459.37,0,1
1761053771443,229.7,10124,2,32,386.33,0,1
1761053773569,239.61,10124,1,1024,124.51,1,1
1761053775749,240.14,10124,1,256,178.57,1,1
1761053778112,229.7,10124,2,128,361.88,0,1
1761053780329,240.14,10124,1,64,215.55,0,1
1761053782495,229.7,10124,2,512,164.21,1,1
1761053784874,240.14,10124,1,64,378.0,0,1
1761053787258,229.7,10124,2,128,383.0,0,1
1761053789750,240.14,10124,1,64,490.06,0,1
1761053792135,229.7,10124,2,512,382.77,0,1
1761053794550,240.14,10124,1,64,413.87,0,1
1761053796935,229.7,10124,2,32,383.39,0,1
1761053799105,229.0,10124,1,32,169.25,1,1
1761053801306,240.14,10124,1,256,200.37,0,1
1761053803717,229.7,10124,2,512,410.23,0,1
1761053806118,240.14,10124,1,128,400.03,0,1
1761053808259,229.7,10124,2,32,139.95,1,1
1761053810480,240.14,10124,1,256,218.86,0,1
1761053812902,229.7,10124,2,256,420.15,0,1
1761053815314,240.14,10124,1,1024,408.46,0,1
1761053817511,229.7,10124,2,512,195.86,1,1
1761053819970,240.14,10124,1,128,457.47,0,1
1761053822395,229.7,10124,2,128,423.4,0,1
1761053824629,240.11,10124,1,64,233.16,0,1
1761053827020,229.7,10124,2,1024,389.25,0,1
1761053829155,240.11,10124,1,1024,132.52,1,1
1761053831279,240.14,10124,1,128,122.96,1,1
1761053833526,229.7,10124,2,64,246.12,0,1
1761053835952,240.14,10124,1,512,424.37,0,1
1761053838560,229.7,10124,2,64,606.78,0,1
1761053840816,240.14,10124,1,128,254.57,0,1
1761053843229,229.7,10124,2,64,412.69,0,1
1761053845519,240.14,10124,1,64,288.01,0,1
1761053848054,229.7,10124,2,512,533.23,0,1
1761053850542,240.14,10124,1,256,486.3,0,1
1761053852755,229.7,10124,2,256,212.36,0,1
1761053854967,240.14,10124,1,1024,210.27,0,1
1761053857436,229.7,10124,2,1024,466.08,0,1
1761053859846,233.8,10124,1,1024,407.41,0,1
1761053862195,240.14,10124,1,128,348.05,0,1
1761053864530,229.7,10124,2,1024,332.93,0,1
1761053866960,240.14,10124,1,512,428.28,0,1
1761053869435,229.7,10124,2,64,474.21,0,1
1761053871941,240.14,10124,1,32,505.03,0,1
1761053874265,229.7,10124,2,512,321.12,0,1
1761053876426,240.14,10124,1,32,159.44,1,1
1761053878639,229.7,10124,2,1024,210.48,0,1
1761053881012,240.11,10124,1,1024,371.29,0,1
1761053883323,240.14,10124,1,256,310.26,0,1
1761053885619,229.7,10124,2,128,295.23,0,1
1761053887847,240.14,10124,1,32,226.97,0,1
1761053890417,229.7,10124,2,32,568.47,0,1
1761053892829,240.14,10124,1,64,411.22,0,1
1761053895142,229.7,10124,2,64,311.69,0,1
1761053897400,240.14,10124,1,1024,255.55,0,1
1761053899750,229.7,10124,2,128,348.02,0,1
1761053901960,240.14,10124,1,256,208.6,0,1
1761053904547,229.7,10124,2,128,585.57,0,1
1761053906789,240.14,10124,1,512,240.52,0,1
1761053908961,229.7,10124,2,32,171.62,1,1
1761053911446,240.14,10124,1,1024,482.56,0,1
1761053913869,229.7,10124,2,512,421.89,0,1
1761053916112,229.0,10124,1,512,240.91,0,1
1761053918604,240.14,10124,1,1024,490.78,0,1
1761053920939,229.7,10124,2,256,333.59,0,1
1761053923071,240.14,10124,1,32,130.59,1,1
1761053925323,229.7,10124,2,512,250.39,0,1
1761053927705,240.14,10124,1,64,381.34,0,1
1761053929992,229.7,10124,2,256,286.27,0,1
1761053932469,240.14,10124,1,512,475.03,0,1
1761053934804,229.7,10124,2,32,333.4,0,1
1761053937354,240.14,10124,1,512,548.02,0,1
1761053939678,229.7,10124,2,512,323.3,0,1
1761053942156,240.14,10124,1,1024,475.28,0,1
1761053944613,229.7,10124,2,512,454.52,0,1
1761053947001,240.14,10124,1,256,386.24,0,1
1761053949203,229.7,10124,2,256,200.0,1,1
1761053951921,240.14,10124,1,128,716.44,0,1
1761053954075,229.7,10124,2,64,152.7,1,1
1761053956652,240.11,10124,1,128,575.77,0,1
1761053959111,240.14,10124,1,32,458.17,0,1
1761053961546,229.7,10124,2,256,432.95,0,1
1761053963966,240.14,10124,1,128,418.54,0,1
1761053966383,229.7,10124,2,256,415.66,0,1
1761053968578,240.14,10124,1,256,192.17,1,1
1761053971019,229.7,10124,2,1024,438.74,0,1
1761053973497,240.14,10124,1,64,477.48,0,1
1761053975878,229.7,10124,2,32,380.02,0,1
1761053978106,240.14,10124,1,128,227.72,0,1
1761053980481,229.7,10124,2,32,373.27,0,1
1761053982689,240.14,10124,1,128,206.6,0,1
1761053985169,229.7,10124,2,512,479.1,0,1
1761053987578,240.14,10124,1,1024,405.63,0,1
1761053989822,229.7,10124,2,64,242.59,0,1
1761053992210,240.14,10124,1,128,386.53,0,1
1761053994653,229.7,10124,2,1024,441.62,0,1
1761053997076,240.14,10124,1,32,421.04,0,1
1761053999246,229.7,10124,2,1024,166.8,1,1
1761054001824,229.0,10124,1,512,576.4,0,1
1761054004140,240.14,10124,1,1024,313.28,0,1
1761054006327,229.7,10124,2,512,184.92,1,1
1761054008748,240.14,10124,1,32,420.1,0,1
1761054011042,229.7,10124,2,64,293.15,0,1
1761054013548,240.14,10124,1,32,504.76,0,1
1761054015814,229.7,10124,2,64,265.1,0,1
1761054017945,240.14,10124,1,256,128.7,1,1
1761054020172,229.7,10124,2,512,225.03,0,1
1761054022812,240.14,10124,1,512,637.27,0,1
1761054025000,229.7,10124,2,64,186.01,1,1
1761054027292,240.14,10124,1,512,289.98,0,1
1761054030231,229.7,10124,2,512,937.75,0,1
1761054032431,240.14,10124,1,256,199.53,1,1
1761054034902,244.94,10124,1,128,468.82,0,1
1761054037491,234.47,10124,2,128,588.19,0,1
1761054039750,244.94,10124,1,256,257.7,0,1
1761054041942,234.47,10124,2,32,191.37,1,1
1761054044580,244.94,10124,1,32,636.02,0,1
1761054046852,234.47,10124,2,1024,270.67,0,1
1761054049504,244.94,10124,1,256,651.04,0,1
1761054051963,234.47,10124,2,512,457.2,0,1
1761054054164,244.9,10124,1,512,199.29,1,1
1761054056419,234.47,10124,2,32,253.24,0,1
1761054058772,236.98,10124,1,32,352.45,0,1
1761054061026,244.9,10124,1,256,252.0,0,1
1761054063633,234.47,10124,2,128,605.86,0,1
1761054065863,244.94,10124,1,32,228.87,0,1
1761054068184,234.47,10124,2,1024,318.64,0,1
1761054070436,244.94,10124,1,64,250.93,0,1
1761054072582,234.47,10124,2,64,145.45,1,1
1761054074766,244.94,10124,1,64,182.52,1,1
1761054077187,234.47,10124,2,1024,418.64,0,1
1761054079354,244.94,10124,1,512,166.38,1,1
1761054081771,234.47,10124,2,128,416.12,0,1
1761054084200,244.94,10124,1,64,427.46,0,1
1761054086728,234.47,10124,2,64,527.32,0,1
1761054089027,244.94,10124,1,512,296.57,0,1
1761054091339,234.47,10124,2,256,311.28,0,1
1761054093616,244.89,10124,1,32,275.23,0,1
1761054096151,244.94,10124,1,512,531.98,0,1
1761054098650,234.47,10124,2,128,497.27,0,1
1761054100914,244.94,10124,1,64,263.21,0,1
1761054103379,234.47,10124,2,64,464.36,0,1
1761054105734,244.94,10124,1,64,352.76,0,1
1761054107955,234.47,10124,2,1024,220.35,0,1
1761054110408,244.94,10124,1,128,451.8,0,1
1761054112841,234.47,10124,2,64,432.45,0,1
1761054115010,244.94,10124,1,32,168.53,1,1
1761054117465,234.47,10124,2,64,455.0,0,1
1761054119867,244.92,10124,1,1024,399.4,0,1
1761054122026,234.47,10124,2,64,157.49,1,1
1761054124162,244.89,10124,1,64,134.63,1,1
1761054126410,244.94,10124,1,1024,247.04,0,1
1761054128816,234.47,10124,2,1024,404.04,0,1
1761054131518,244.94,10124,1,256,699.98,0,1
1761054133944,234.47,10124,2,512,424.42,0,1
1761054136184,244.94,10124,1,64,239.19,0,1
1761054138619,234.47,10124,2,64,433.57,0,1
1761054141243,244.94,10124,1,256,621.48,0,1
1761054143627,234.47,10124,2,256,382.85,0,1
1761054146031,233.77,10124,1,128,402.6,0,1
1761054148474,244.94,10124,1,1024,442.48,0,1
1761054150896,234.47,10124,2,512,419.52,0,1
1761054153082,244.94,10124,1,64,183.93,1,1
1761054155525,234.47,10124,2,256,441.73,0,1
1761054158304,244.94,10124,1,1024,777.62,0,1
1761054160707,234.47,10124,2,512,401.7,0,1
1761054162911,244.94,10124,1,128,202.16,0,1
1761054165442,234.47,10124,2,64,530.5,0,1
1761054167816,244.89,10124,1,256,371.86,0,1
1761054170117,244.94,10124,1,512,299.28,0,1
1761054172836,234.47,10124,2,512,717.36,0,1
1761054175270,244.94,10124,1,512,432.34,0,1
1761054177742,234.47,10124,2,128,470.77,0,1
1761054180319,244.94,10124,1,64,576.29,0,1
1761054182505,234.47,10124,2,32,185.21,1,1
1761054184738,244.94,10124,1,512,230.8,0,1
1761054187274,234.47,10124,2,128,535.6,0,1
1761054189554,244.94,10124,1,1024,277.6,0,1
1761054191719,234.47,10124,2,1024,162.0,1,1
1761054193933,244.94,10124,1,32,213.14,0,1
1761054196436,234.47,10124,2,1024,500.39,0,1
1761054198869,244.94,10124,1,128,432.44,0,1
1761054201262,244.94,10124,1,32,391.46,0,1
1761054203692,234.47,10124,2,256,428.42,0,1
1761054205846,244.94,10124,1,64,152.36,1,1
1761054208043,234.47,10124,2,512,195.88,1,1
1761054210567,244.94,10124,1,32,522.34,0,1
1761054212858,234.47,10124,2,32,290.12,0,1
1761054215171,244.9,10124,1,256,311.7,0,1
1761054217763,234.47,10124,2,128,590.89,0,1
1761054220135,244.94,10124,1,1024,370.14,0,1
1761054222441,234.47,10124,2,32,304.52,0,1
1761054224840,244.94,10124,1,256,397.48,0,1
1761054227002,234.47,10124,2,512,158.38,1,1
1761054229166,226.41,10124,1,128,163.5,1,1
1761054231308,244.94,10124,1,256,140.53,1,1
1761054233468,234.47,10124,2,512,158.63,1,1
1761054235832,244.94,10124,1,512,361.1,0,1
1761054238282,234.47,10124,2,1024,447.83,0,1
1761054240590,244.94,10124,1,256,307.18,0,1
1761054242995,234.47,10124,2,512,402.66,0,1
1761054245153,244.94,10124,1,128,156.77,1,1
1761054247283,234.47,10124,2,1024,128.19,1,1
1761054249640,244.94,10124,1,128,356.73,0,1
1761054252241,234.47,10124,2,64,599.72,0,1
1761054255023,223.45,10124,1,32,780.35,0,1
1761054257720,244.94,10124,1,64,694.9,0,1
1761054259880,234.47,10124,2,256,158.48,1,1
1761054262284,244.94,10124,1,128,403.23,0,1
1761054264494,234.47,10124,2,1024,208.54,0,1
1761054267032,244.94,10124,1,64,537.26,0,1
1761054269608,234.47,10124,2,32,574.4,0,1
1761054271911,244.94,10124,1,1024,301.5,0,1
1761054274290,234.47,10124,2,256,377.02,0,1
1761054276489,244.94,10124,1,1024,198.07,1,1
1761054278892,234.47,10124,2,64,401.48,0,1
1761054281033,244.88,10124,1,256,139.85,1,1
1761054283205,244.94,10124,1,1024,169.6,1,1
1761054285343,234.47,10124,2,512,136.53,1,1
1761054287593,244.94,10124,1,256,247.84,0,1
1761054289982,234.47,10124,2,32,388.53,0,1
1761054292621,244.94,10124,1,256,637.54,0,1
1761054294947,234.47,10124,2,512,324.24,0,1
1761054297459,244.9,10124,1,256,510.64,0,1
1761054299826,234.47,10124,2,32,365.42,0,1
1761054302380,244.94,10124,1,1024,552.62,0,1
1761054304707,234.47,10124,2,256,325.41,0,1
1761054307003,244.94,10124,1,128,294.41,0,1
1761054309282,234.47,10124,2,64,278.61,0,1
1761054311441,244.94,10124,1,128,156.94,1,1
1761054313586,234.47,10124,2,512,143.93,1,1
1761054315848,244.91,10124,1,128,260.43,0,1
1761054318294,244.94,10124,1,1024,444.06,0,1
1761054320686,234.47,10124,2,512,390.3,0,1
1761054323102,244.94,10124,1,32,413.86,0,1
1761054325350,234.47,10124,2,512,246.62,0,1
1761054327840,244.94,10124,1,1024,487.28,0,1
1761054330257,234.47,10124,2,1024,416.24,0,1
1761054332756,244.94,10124,1,64,497.85,0,1
1761054335119,234.47,10124,2,64,361.67,0,1
1761054337571,244.94,10124,1,128,451.69,0,1
1761054340059,234.48,10124,2,1024,485.87,0,1
1761054342448,244.94,10124,1,128,387.59,0,1
1761054344693,234.47,10124,2,256,243.46,0,1
1761054347398,244.92,10124,1,1024,702.08,0,1
1761054349786,234.47,10124,2,32,387.04,0,1
1761054351959,235.23,10124,1,256,171.79,1,1
1761054354217,244.94,10124,1,128,256.9,0,1
1761054356559,234.47,10124,2,64,340.97,0,1
1761054358941,244.94,10124,1,128,380.44,0,1
1761054361152,234.47,10124,2,512,209.36,0,1
1761054363313,244.94,10124,1,128,159.19,1,1
1761054365497,234.47,10124,2,64,182.32,1,1
1761054367813,244.94,10124,1,32,314.49,0,1
1761054370173,234.47,10124,2,64,358.66,0,1
1761054372619,244.94,10124,1,512,444.86,0,1
1761054375030,234.47,10124,2,32,410.41,0,1
1761054377567,244.94,10124,1,32,536.98,0,1
1761054380047,234.47,10124,2,512,479.14,0,1
1761054382353,233.78,10124,1,512,303.48,0,1
1761054384546,244.94,10124,1,512,192.2,1,1
1761054386918,234.47,10124,2,512,369.45,0,1
1761054389116,244.94,10124,1,128,196.62,1,1
1761054391526,234.47,10124,2,32,408.61,0,1
1761054393671,244.94,10124,1,256,143.76,1,1
1761054395848,234.47,10124,2,128,175.88,1,1
1761054398049,244.94,10124,1,64,199.2,1,1
1761054400432,234.47,10124,2,256,382.27,0,1
1761054402737,244.94,10124,1,64,303.29,0,1
1761054405455,234.47,10124,2,64,717.32,0,1
1761054407945,244.92,10124,1,32,488.66,0,1
1761054410315,244.94,10124,1,64,369.04,0,1
1761054412732,234.47,10124,2,512,414.62,0,1
1761054414872,244.94,10124,1,32,139.18,1,1
1761054417018,234.47,10124,2,1024,143.86,1,1
1761054419185,244.94,10124,1,512,165.73,1,1
1761054421516,234.47,10124,2,512,329.29,0,1
1761054423838,244.94,10124,1,128,320.35,0,1
1761054426270,234.47,10124,2,512,430.48,0,1
1761054428726,244.94,10124,1,128,453.66,0,1
1761054430877,234.47,10124,2,128,150.68,1,1
1761054433054,244.94,10124,1,64,175.39,1,1
1761054436152,244.94,10124,1,32,1096.93,0,1
1761054438706,234.47,10124,2,32,551.93,0,1
1761054440996,244.94,10124,1,512,289.47,0,1
1761054443151,234.47,10124,2,1024,152.79,1,1
1761054445341,244.94,10124,1,512,187.84,1,1
1761054447852,234.47,10124,2,32,509.15,0,1
1761054450210,244.94,10124,1,1024,355.84,0,1
1761054452677,234.47,10124,2,512,464.68,0,1
1761054455107,244.94,10124,1,128,429.5,0,1
1761054457246,244.94,10124,1,128,137.42,1,1
1761054459463,234.47,10124,2,128,215.88,0,1
1761054461913,244.94,10124,1,64,448.63,0,1
1761054464298,234.47,10124,2,32,381.91,0,1
1761054466458,244.9,10124,1,64,158.74,1,1
1761054468636,234.47,10124,2,32,176.63,1,1
1761054471180,244.94,10124,1,256,541.19,0,1
1761054473655,234.47,10124,2,512,474.09,0,1
1761054476099,244.9,10124,1,256,442.0,0,1
1761054478517,234.47,10124,2,512,417.06,0,1
1761054480917,244.94,10124,1,32,399.32,0,1
1761054483069,234.47,10124,2,256,149.46,1,1
1761054485357,240.14,10124,1,512,286.72,0,1
1761054487640,229.7,10124,2,1024,280.75,0,1
1761054489801,240.14,10124,1,32,159.22,1,1
1761054491953,229.7,10124,2,512,151.04,1,1
1761054494129,240.11,10124,1,128,175.25,1,1
1761054496236,240.14,10124,1,32,105.91,1,1
1761054498452,229.7,10124,2,256,214.86,0,1
1761054500918,240.14,10124,1,1024,463.37,0,1
1761054503408,229.7,10124,2,64,488.81,0,1
1761054505759,240.14,10124,1,64,349.59,0,1
1761054507951,229.7,10124,2,32,192.08,1,1
1761054510324,240.14,10124,1,32,371.99,0,1
1761054512538,229.7,10124,2,64,212.75,0,1
1761054515206,240.14,10124,1,1024,665.71,0,1
1761054517599,229.7,10124,2,512,391.01,0,1
1761054519912,240.14,10124,1,128,312.53,0,1
1761054522585,229.7,10124,2,256,671.47,0,1
1761054524830,240.11,10124,1,32,243.08,0,1
1761054527538,240.11,10124,1,256,707.36,0,1
1761054529773,229.7,10124,2,1024,233.04,0,1
1761054532172,240.14,10124,1,1024,397.97,0,1
1761054534414,229.7,10124,2,32,240.6,0,1
1761054536776,240.14,10124,1,512,361.2,0,1
1761054539017,229.7,10124,2,1024,238.47,0,1
1761054541535,240.14,10124,1,32,517.51,0,1
1761054543855,229.7,10124,2,32,318.27,0,1
1761054546163,240.14,10124,1,64,307.05,0,1
1761054548613,229.7,10124,2,512,448.31,0,1
1761054550987,240.14,10124,1,256,373.09,0,1
1761054553487,229.7,10124,2,256,499.15,0,1
1761054555933,240.14,10124,1,128,444.64,0,1
1761054558225,240.14,10124,1,32,291.24,0,1
1761054560529,229.7,10124,2,1024,301.81,0,1
1761054563002,240.14,10124,1,32,471.95,0,1
1761054565290,229.7,10124,2,32,286.35,0,1
1761054567574,240.14,10124,1,128,283.1,0,1
1761054570051,229.7,10124,2,512,474.62,0,1
1761054572397,240.14,10124,1,256,344.22,0,1
1761054574541,229.7,10124,2,128,143.19,1,1
1761054576676,240.14,10124,1,256,134.15,1,1
1761054578862,229.7,10124,2,128,185.33,1,1
1761054581452,240.11,10124,1,64,588.55,0,1
1761054583743,240.14,10124,1,512,288.82,0,1
1761054585978,229.7,10124,2,128,234.26,0,1
1761054588359,240.14,10124,1,256,379.2,0,1
1761054590509,229.7,10124,2,128,149.09,1,1
1761054592658,240.14,10124,1,256,148.28,1,1
1761054594808,229.7,10124,2,128,149.43,1,1
1761054596930,240.14,10124,1,512,120.2,1,1
1761054599111,229.7,10124,2,512,179.75,1,1
1761054601230,240.14,10124,1,64,118.08,1,1
1761054603381,229.7,10124,2,256,149.35,1,1
1761054605554,240.14,10124,1,512,171.03,1,1
1761054607702,240.14,10124,1,1024,145.64,1,1
1761054609831,229.7,10124,2,128,128.19,1,1
1761054612200,240.14,10124,1,256,366.53,0,1
1761054614545,229.7,10124,2,128,343.52,0,1
1761054616978,240.14,10124,1,1024,430.55,0,1
1761054619455,229.7,10124,2,32,476.46,0,1
1761054621812,240.14,10124,1,512,355.87,0,1
1761054623959,229.7,10124,2,64,145.36,1,1
1761054626205,240.14,10124,1,32,243.27,0,1
1761054628575,229.7,10124,2,32,368.89,0,1
1761054630912,240.11,10124,1,128,335.17,0,1
1761054633372,229.7,10124,2,512,458.97,0,1
1761054635686,229.0,10124,1,256,312.83,0,1
1761054638512,240.14,10124,1,32,824.25,0,1
1761054640858,229.7,10124,2,256,344.33,0,1
1761054643484,240.14,10124,1,512,624.93,0,1
1761054645839,229.7,10124,2,512,353.1,0,1
1761054648227,240.14,10124,1,256,387.41,0,1
1761054650407,229.7,10124,2,1024,178.02,1,1
1761054652840,240.14,10124,1,512,431.65,0,1
1761054655276,229.7,10124,2,512,433.69,0,1
1761054657689,240.14,10124,1,256,412.91,0,1
1761054659896,229.7,10124,2,512,205.0,0,1
1761054662161,240.14,10124,1,32,262.37,0,1
1761054664491,229.7,10124,2,32,329.16,0,1
1761054666647,221.62,10124,1,64,155.31,1,1
1761054668837,240.14,10124,1,512,188.03,1,1
1761054671332,229.7,10124,2,64,493.8,0,1
1761054673707,240.14,10124,1,256,373.8,0,1
1761054676003,229.7,10124,2,256,293.94,0,1
1761054678379,240.14,10124,1,128,375.04,0,1
1761054680860,229.7,10124,2,64,479.54,0,1
1761054683447,240.14,10124,1,32,585.41,0,1
1761054685813,229.7,10124,2,32,363.85,0,1
1761054688268,240.14,10124,1,64,454.93,0,1
1761054690544,229.7,10124,2,32,274.89,0,1
1761054692808,240.11,10124,1,128,262.38,0,1
1761054695201,240.14,10124,1,128,391.75,0,1
1761054697633,229.7,10124,2,64,431.6,0,1
1761054699810,240.14,10124,1,64,175.6,1,1
1761054702242,229.7,10124,2,64,430.61,0,1
1761054704481,240.14,10124,1,512,237.3,0,1
1761054707025,229.7,10124,2,512,541.36,0,1
1761054709301,240.14,10124,1,512,274.02,0,1
1761054711434,229.7,10124,2,256,131.41,1,1
1761054713582,240.14,10124,1,32,147.57,1,1
1761054715845,229.7,10124,2,128,260.61,0,1
1761054718195,240.14,10124,1,256,348.56,0,1
1761054720378,229.7,10124,2,128,182.03,1,1
1761054722537,218.66,10124,2,1024,156.06,1,1
1761054725001,240.14,10124,1,512,462.19,0,1
1761054727450,229.7,10124,2,64,446.86,0,1
1761054729699,240.14,10124,1,32,248.07,0,1
1761054732059,229.7,10124,2,128,358.26,0,1
1761054734182,240.14,10124,1,32,120.88,1,1
1761054736341,229.7,10124,2,32,158.16,1,1
1761054738851,240.14,10124,1,256,508.34,0,1
1761054741250,229.7,10124,2,1024,397.35,0,1
1761054743724,240.14,10124,1,64,472.1,0,1
1761054746136,229.7,10124,2,64,410.29,0,1
1761054748285,240.14,10124,1,64,147.87,1,1
1761054750446,229.7,10124,2,64,159.96,1,1
1761054752604,240.14,10124,1,1024,155.27,1,1
1761054754797,229.7,10124,2,64,191.17,1,1
1761054757322,240.11,10124,1,32,523.9,0,1
1761054759952,240.14,10124,1,32,629.84,0,1
1761054762194,229.7,10124,2,256,240.7,0,1
1761054764722,240.14,10124,1,128,527.54,0,1
1761054767220,229.7,10124,2,1024,496.05,0,1
1761054769508,240.14,10124,1,1024,286.57,0,1
1761054772079,229.7,10124,2,32,569.49,0,1
1761054774378,240.14,10124,1,32,298.02,0,1
1761054776582,229.7,10124,2,512,203.09,0,1
1761054779078,240.14,10124,1,1024,493.21,0,1
1761054781529,229.7,10124,2,256,448.86,0,1
1761054784023,240.14,10124,1,512,492.36,0,1
1761054786445,229.7,10124,2,512,421.49,0,1
1761054788885,232.2,10124,1,32,439.46,0,1
1761054791279,240.14,10124,1,512,390.96,0,1
1761054793435,229.7,10124,2,1024,153.4,1,1
1761054795574,240.14,10124,1,128,137.75,1,1
1761054797957,229.7,10124,2,32,381.4,0,1
1761054800417,240.14,10124,1,1024,457.23,0,1
1761054802698,229.7,10124,2,128,278.98,0,1
1761054805099,240.14,10124,1,1024,398.59,0,1
1761054807279,229.7,10124,2,64,178.52,1,1
1761054809782,240.14,10124,1,32,502.13,0,1
1761054812081,229.7,10124,2,512,297.6,0,1
1761054814333,240.14,10124,1,256,250.39,0,1
1761054816447,240.14,10124,1,64,112.67,1,1
1761054818703,229.7,10124,2,128,254.45,0,1
1761054821262,240.14,10124,1,64,558.01,0,1
1761054823553,229.7,10124,2,32,289.88,0,1
1761054825941,240.14,10124,1,64,385.31,0,1
1761054828146,229.7,10124,2,128,204.71,0,1
1761054830608,240.14,10124,1,32,460.2,0,1
1761054833078,229.7,10124,2,1024,467.07,0,1
1761054835537,240.14,10124,1,32,458.09,0,1
1761054838003,229.7,10124,2,64,464.59,0,1
1761054840578,240.14,10124,1,512,572.86,0,1
1761054842983,229.7,10124,2,512,403.87,0,1
1761054845323,240.14,10124,1,256,338.4,0,1
1761054847655,229.7,10124,2,32,331.15,0,1
1761054850112,240.14,10124,1,256,454.15,0,1
1761054852548,240.14,10124,1,64,434.98,0,1
1761054854864,229.7,10124,2,256,314.59,0,1
1761054857296,240.14,10124,1,256,431.06,0,1
1761054859748,229.7,10124,2,128,450.88,0,1
1761054862282,240.14,10124,1,64,533.65,0,1
1761054864783,229.7,10124,2,1024,499.75,0,1
1761054867084,240.14,10124,1,256,299.42,0,1
1761054869243,229.7,10124,2,1024,155.38,1,1
1761054871540,240.14,10124,1,256,295.09,0,1
1761054873896,229.7,10124,2,128,354.96,0,1
1761054876417,240.14,10124,1,64,519.3,0,1
1761054878781,229.7,10124,2,256,362.2,0,1
1761054880934,240.14,10124,1,512,152.94,1,1
1761054883573,229.7,10124,2,256,635.88,0,1
1761054885910,220.11,10124,2,32,335.75,0,1
1761054888281,240.14,10124,1,256,370.6,0,1
1761054890684,229.7,10124,2,256,401.69,0,1
1761054893115,240.14,10124,1,64,429.62,0,1
1761054895703,229.7,10124,2,512,586.07,0,1
1761054898199,240.14,10124,1,1024,494.67,0,1
1761054900722,229.7,10124,2,1024,520.11,0,1
1761054903039,240.14,10124,1,256,316.11,0,1
1761054905175,229.7,10124,2,512,134.47,1,1
1761054907404,240.11,10124,1,512,227.41,0,1
1761054909786,229.7,10124,2,32,381.24,0,1
1761054912023,230.6,10124,1,64,236.83,0,1
1761054914535,240.14,10124,1,64,510.89,0,1
1761054916836,229.7,10124,2,1024,297.55,0,1
1761054919044,240.14,10124,1,64,207.1,0,1
1761054921426,229.7,10124,2,64,380.98,0,1
1761054923660,240.14,10124,1,32,232.8,0,1
1761054926019,229.7,10124,2,256,356.8,0,1
1761054928173,240.14,10124,1,1024,153.62,1,1
1761054930396,229.7,10124,2,256,221.34,0,1
1761054932775,240.14,10124,1,32,378.09,0,1
1761054935054,229.7,10124,2,1024,277.36,0,1
1761054937414,240.14,10124,1,1024,358.01,0,1
1761054939614,229.7,10124,2,512,197.88,1,1
1761054942022,240.14,10124,1,128,407.06,0,1
1761054944152,229.7,10124,2,256,128.02,1,1
1761054946308,240.14,10124,1,64,154.34,1,1
1761054948493,240.14,10124,1,256,183.51,1,1
1761054951174,229.7,10124,2,128,679.19,0,1
1761054953388,240.14,10124,1,512,211.79,0,1
1761054955603,229.7,10124,2,32,213.66,0,1
1761054958077,240.14,10124,1,1024,473.51,0,1
1761054960688,229.7,10124,2,128,609.28,0,1
1761054962861,240.14,10124,1,64,171.2,1,1
1761054965010,229.7,10124,2,32,147.95,1,1
1761054967259,240.14,10124,1,1024,247.06,0,1
1761054969633,240.14,10124,1,1024,370.34,0,1
1761054971783,229.7,10124,2,256,149.52,1,1
1761054973974,240.14,10124,1,32,189.84,1,1
1761054976550,229.7,10124,2,32,575.5,0,1
1761054978834,240.14,10124,1,128,282.45,0,1
1761054981059,229.7,10124,2,32,224.13,0,1
1761054983549,240.14,10124,1,64,488.76,0,1
1761054985946,229.7,10124,2,512,395.93,0,1
1761054988425,240.14,10124,1,256,478.09,0,1
1761054990815,229.7,10124,2,64,388.61,0,1
1761054992979,240.14,10124,1,32,163.4,1,1
1761054995471,229.7,10124,2,64,490.26,0,1
1761054997849,240.14,10124,1,1024,375.78,0,1
1761055000145,229.7,10124,2,512,294.68,0,1
1761055002528,220.1,10124,2,1024,380.9,0,1
1761055004910,240.14,10124,1,256,379.72,0,1
1761055007079,229.7,10124,2,128,167.37,1,1
1761055009365,240.14,10124,1,128,284.52,0,1
1761055011779,229.7,10124,2,1024,411.77,0,1
1761055014163,240.14,10124,1,256,382.0,0,1
1761055016351,229.7,10124,2,64,187.28,1,1
1761055018875,240.14,10124,1,64,522.39,0,1
1761055021222,229.7,10124,2,64,345.68,0,1
1761055023341,240.14,10124,1,64,118.08,1,1
1761055025494,229.7,10124,2,32,151.84,1,1
1761055027683,240.14,10124,1,32,187.33,1,1
1761055029862,240.14,10124,1,1024,176.75,1,1
1761055032300,229.7,10124,2,1024,434.89,0,1
1761055034822,240.14,10124,1,64,521.32,0,1
1761055037185,229.7,10124,2,256,362.44,0,1
1761055039368,240.14,10124,1,512,181.36,1,1
1761055041789,229.7,10124,2,32,420.02,0,1
1761055043979,240.14,10124,1,512,189.01,1,1
1761055046446,229.7,10124,2,256,465.42,0,1
1761055048742,240.14,10124,1,512,295.82,0,1
1761055050969,240.14,10124,1,32,224.93,0,1
1761055053185,229.7,10124,2,512,214.6,0,1
1761055055723,240.14,10124,1,128,536.74,0,1
1761055058055,229.7,10124,2,1024,329.11,0,1
1761055060304,240.11,10124,1,32,247.08,0,1
1761055062819,229.7,10124,2,256,513.96,0,1
1761055065169,240.14,10124,1,256,348.6,0,1
1761055067650,229.7,10124,2,64,479.32,0,1
1761055070019,240.14,10124,1,128,367.53,0,1
1761055072198,229.7,10124,2,256,177.11,1,1
1761055074669,240.14,10124,1,64,470.16,0,1
1761055077186,229.7,10124,2,128,515.43,0,1
1761055079576,240.14,10124,1,32,388.92,0,1
1761055081981,229.7,10124,2,64,404.34,0,1
1761055084422,240.14,10124,1,32,440.08,0,1
1761055086656,229.7,10124,2,256,232.82,0,1
1761055089151,240.14,10124,1,512,493.0,0,1
1761055091535,229.7,10124,2,128,382.23,0,1
1761055093710,240.14,10124,1,256,173.51,1,1
1761055096301,229.7,10124,2,512,588.75,0,1
1761055098628,229.0,10124,1,64,325.92,0,1
1761055101135,240.14,10124,1,32,506.12,0,1
1761055103511,229.7,10124,2,64,375.74,0,1
1761055105918,240.14,10124,1,64,405.0,0,1
1761055108170,229.7,10124,2,512,250.84,0,1
1761055110618,240.14,10124,1,512,445.76,0,1
1761055113061,229.7,10124,2,1024,440.18,0,1
1761055115444,240.14,10124,1,64,381.04,0,1
1761055117592,229.7,10124,2,64,146.77,1,1
1761055119905,240.14,10124,1,32,311.97,0,1
1761055122276,229.7,10124,2,32,369.74,0,1
1761055124672,240.14,10124,1,512,394.57,0,1
1761055126845,229.7,10124,2,512,171.83,1,1
1761055129188,240.14,10124,1,32,341.73,0,1
1761055131436,240.14,10124,1,512,247.06,0,1
1761055133664,229.7,10124,2,32,226.33,0,1
1761055136349,240.14,10124,1,256,682.78,0,1
1761055138555,229.7,10124,2,32,206.0,0,1
1761055141018,240.14,10124,1,128,462.32,0,1
1761055143517,229.7,10124,2,32,497.5,0,1
1761055145977,240.14,10124,1,64,459.05,0,1
1761055148349,229.7,10124,2,512,369.89,0,1
1761055150813,240.14,10124,1,1024,462.94,0,1
1761055153251,229.7,10124,2,64,437.26,0,1
1761055155845,240.14,10124,1,512,592.5,0,1
1761055158418,229.7,10124,2,128,571.75,0,1
1761055160690,240.14,10124,1,512,270.47,0,1
1761055163067,240.14,10124,1,256,375.48,0,1
1761055165636,229.7,10124,2,32,568.22,0,1
1761055167936,240.14,10124,1,128,297.76,0,1
1761055170231,229.7,10124,2,1024,293.39,0,1
1761055172665,240.14,10124,1,64,433.12,0,1
1761055175053,229.7,10124,2,128,387.24,0,1
1761055177677,240.14,10124,1,256,620.78,0,1
1761055179966,229.7,10124,2,64,287.77,0,1
1761055182528,240.14,10124,1,128,561.35,0,1
1761055184900,229.7,10124,2,256,369.46,0,1
1761055187454,240.14,10124,1,256,552.47,0,1
1761055189769,229.7,10124,2,1024,313.85,0,1
1761055191949,230.3,10124,1,1024,177.95,1,1
1761055194418,240.14,10124,1,1024,465.64,0,1
1761055196753,229.7,10124,2,512,333.03,0,1
1761055199095,240.14,10124,1,1024,339.47,0,1
1761055201439,229.7,10124,2,128,343.19,0,1
1761055204206,240.14,10124,1,64,766.36,0,1
1761055206656,229.7,10124,2,32,448.92,0,1
1761055209081,240.14,10124,1,128,424.16,0,1
1761055211214,229.7,10124,2,1024,130.91,1,1
1761055213636,240.14,10124,1,128,421.59,0,1
1761055215870,229.7,10124,2,1024,231.13,0,1
1761055218584,240.14,10124,1,256,713.08,0,1
1761055220790,229.7,10124,2,64,205.32,0,1
1761055223243,240.14,10124,1,32,451.92,0,1
1761055225662,229.7,10124,2,32,417.34,0,1
1761055227895,240.11,10124,1,32,232.18,0,1
1761055230318,240.14,10124,1,32,421.71,0,1
1761055232766,229.7,10124,2,512,446.66,0,1
1761055235355,240.14,10124,1,256,587.55,0,1
1761055237778,229.7,10124,2,128,420.94,0,1
1761055240084,240.14,10124,1,512,305.25,0,1
1761055242277,229.7,10124,2,256,191.66,1,1
1761055244595,240.14,10124,1,128,317.28,0,1
1761055247237,229.7,10124,2,1024,639.07,0,1
1761055249700,240.14,10124,1,64,462.11,0,1
1761055252142,229.7,10124,2,128,440.35,0,1
1761055254571,240.11,10124,1,32,428.47,0,1
1761055257104,240.14,10124,1,64,531.51,0,1
1761055259485,229.7,10124,2,256,378.91,0,1
1761055262077,240.14,10124,1,64,589.87,0,1
1761055264375,229.7,10124,2,256,296.7,0,1
1761055266786,240.14,10124,1,32,409.23,0,1
1761055269192,229.7,10124,2,512,404.92,0,1
1761055271394,240.14,10124,1,512,200.33,0,1
1761055273573,229.7,10124,2,256,177.76,1,1
1761055275750,240.14,10124,1,256,176.12,1,1
1761055278208,229.7,10124,2,512,456.04,0,1
1761055280718,240.11,10124,1,32,508.66,0,1
1761055283067,240.14,10124,1,128,347.41,0,1
1761055285219,229.7,10124,2,1024,150.24,1,1
1761055287452,240.14,10124,1,128,231.6,0,1
1761055289866,229.7,10124,2,1024,411.44,0,1
1761055291988,240.14,10124,1,512,120.28,1,1
1761055294143,229.7,10124,2,64,154.49,1,1
1761055296336,240.14,10124,1,1024,191.59,1,1
1761055298854,229.7,10124,2,64,517.61,0,1
1761055301179,240.14,10124,1,64,323.76,0,1
1761055303469,229.7,10124,2,1024,288.48,0,1
1761055305770,240.14,10124,1,128,299.88,0,1
1761055308057,229.7,10124,2,1024,284.78,0,1
1761055310431,240.11,10124,1,512,372.86,0,1
1761055312980,240.14,10124,1,256,548.77,0,1
1761055315745,229.7,10124,2,64,763.31,0,1
1761055318249,240.14,10124,1,512,503.35,0,1
1761055320534,229.7,10124,2,256,283.69,0,1
1761055322667,240.14,10124,1,256,131.09,1,1
1761055324871,229.7,10124,2,1024,201.79,0,1
1761055327283,240.14,10124,1,512,411.14,0,1
1761055329425,229.7,10124,2,256,140.59,1,1
1761055331584,240.14,10124,1,1024,157.05,1,1
1761055333796,229.7,10124,2,256,211.29,0,1
1761055336634,240.11,10124,1,512,835.68,0,1
1761055339079,240.14,10124,1,128,442.93,0,1
1761055341871,229.7,10124,2,256,791.06,0,1
1761055344255,240.14,10124,1,32,382.71,0,1
1761055346674,229.7,10124,2,64,417.64,0,1
1761055349168,240.14,10124,1,64,493.2,0,1
1761055351597,229.7,10124,2,64,428.53,0,1
1761055353983,240.14,10124,1,512,384.5,0,1
1761055356329,229.7,10124,2,256,344.37,0,1
1761055358624,240.14,10124,1,32,293.25,0,1
1761055360762,229.7,10124,2,512,137.54,1,1
1761055362928,229.0,10124,1,512,164.79,1,1
1761055365077,240.14,10124,1,512,147.36,1,1
1761055367194,229.7,10124,2,256,115.29,1,1
1761055369403,240.14,10124,1,1024,207.84,0,1
1761055371918,229.7,10124,2,1024,512.93,0,1
1761055374416,240.14,10124,1,128,496.34,0,1
1761055376769,229.7,10124,2,1024,351.43,0,1
1761055379166,240.14,10124,1,256,395.26,0,1
1761055381351,229.7,10124,2,512,183.79,1,1
1761055384137,240.14,10124,1,1024,783.03,0,1
1761055386562,229.7,10124,2,512,423.01,0,1
1761055388762,240.14,10124,1,256,198.13,1,1
1761055391198,229.7,10124,2,256,434.87,0,1
1761055393674,240.14,10124,1,512,474.55,0,1
1761055396047,229.7,10124,2,64,371.72,0,1
1761055398202,240.14,10124,1,1024,153.15,1,1
1761055400353,240.11,10124,1,512,148.28,1,1
1761055402624,229.7,10124,2,32,269.66,0,1
1761055404957,240.14,10124,1,32,332.78,0,1
1761055407095,229.7,10124,2,1024,136.09,1,1
1761055409379,240.14,10124,1,32,283.19,0,1
1761055411691,229.7,10124,2,128,310.34,0,1
1761055413869,240.14,10124,1,1024,176.74,1,1
1761055416240,229.7,10124,2,128,369.68,0,1
1761055418475,240.14,10124,1,128,232.81,0,1
1761055420745,229.7,10124,2,512,269.58,0,1
1761055423068,240.14,10124,1,1024,320.19,0,1
1761055425328,229.7,10124,2,128,259.49,0,1
1761055427761,229.0,10124,1,1024,430.83,0,1
1761055430217,240.14,10124,1,1024,454.85,0,1
1761055432574,229.7,10124,2,1024,353.14,0,1
1761055434748,240.14,10124,1,128,173.24,1,1
1761055436927,229.7,10124,2,1024,177.14,1,1
1761055439489,240.14,10124,1,64,560.83,0,1
1761055441870,229.7,10124,2,128,380.09,0,1
1761055444269,240.14,10124,1,1024,397.23,0,1
1761055446427,229.7,10124,2,64,157.25,1,1
1761055448568,240.14,10124,1,256,138.92,1,1
1761055450760,229.7,10124,2,1024,189.38,1,1
1761055453154,231.81,10124,1,128,391.99,0,1
1761055455320,240.14,10124,1,32,165.17,1,1
1761055457526,229.7,10124,2,32,204.78,0,1
1761055460032,240.14,10124,1,1024,504.93,0,1
1761055462671,229.7,10124,2,256,637.9,0,1
1761055464888,240.14,10124,1,512,215.6,0,1
1761055467382,229.7,10124,2,32,492.4,0,1
1761055470068,240.14,10124,1,256,684.04,0,1
1761055472202,229.7,10124,2,32,132.63,1,1
1761055474489,240.14,10124,1,256,285.3,0,1
1761055476810,229.7,10124,2,512,320.59,0,1
1761055479143,240.14,10124,1,64,332.13,0,1
1761055481589,229.7,10124,2,128,443.58,0,1
1761055483849,240.14,10124,1,64,258.49,0,1
1761055486111,229.7,10124,2,256,261.36,0,1
1761055488534,240.14,10124,1,32,422.04,0,1
1761055490685,229.7,10124,2,256,149.25,1,1
1761055493081,229.0,10124,1,512,395.35,0,1
1761055495247,240.14,10124,1,128,164.32,1,1
1761055497684,229.7,10124,2,32,435.11,0,1
1761055499798,240.14,10124,1,512,112.63,1,1
1761055502055,229.7,10124,2,1024,254.79,0,1
1761055504437,240.14,10124,1,1024,379.39,0,1
1761055506586,229.7,10124,2,1024,146.71,1,1
1761055508815,240.14,10124,1,256,227.49,0,1
1761055511169,229.7,10124,2,128,352.26,0,1
1761055513378,240.14,10124,1,128,207.91,0,1
1761055516011,229.7,10124,2,1024,630.87,0,1
1761055518234,240.14,10124,1,128,222.85,0,1
1761055520410,229.7,10124,2,256,175.29,1,1
1761055522693,229.0,10124,1,64,282.23,0,1
1761055525010,240.14,10124,1,32,315.87,0,1
1761055527138,229.7,10124,2,32,127.62,1,1
1761055529293,240.14,10124,1,1024,153.78,1,1
1761055531516,229.7,10124,2,512,220.97,0,1
1761055533947,240.14,10124,1,1024,430.04,0,1
1761055536512,229.7,10124,2,64,563.77,0,1
1761055538839,240.14,10124,1,64,326.33,0,1
1761055541367,229.7,10124,2,1024,526.04,0,1
1761055543715,240.14,10124,1,256,346.67,0,1
1761055545915,229.7,10124,2,256,198.97,1,1
1761055548437,240.11,10124,1,64,520.65,0,1
1761055550807,240.14,10124,1,256,368.35,0,1
1761055553417,229.7,10124,2,512,607.87,0,1
1761055555792,240.14,10124,1,128,374.18,0,1
1761055558358,229.7,10124,2,512,564.17,0,1
1761055560708,240.14,10124,1,1024,347.94,0,1
1761055563123,229.7,10124,2,1024,412.55,0,1
1761055565527,240.14,10124,1,32,403.27,0,1
1761055567678,229.7,10124,2,128,149.45,1,1
1761055569827,240.14,10124,1,1024,147.44,1,1
1761055571983,229.7,10124,2,512,154.53,1,1
1761055574129,240.14,10124,1,32,144.84,1,1
1761055576352,229.7,10124,2,512,221.16,0,1
1761055578712,240.14,10124,1,128,359.29,0,1
1761055580903,229.7,10124,2,512,188.23,1,1
1761055583323,240.14,10124,1,64,418.57,0,1
1761055585471,229.7,10124,2,128,147.01,1,1
1761055588090,229.0,10124,1,512,616.84,0,1
1761055590379,240.14,10124,1,64,287.68,0,1
1761055592611,229.7,10124,2,32,230.88,0,1
1761055595010,240.14,10124,1,64,397.8,0,1
1761055597160,229.7,10124,2,64,149.6,1,1
1761055599310,240.14,10124,1,64,148.76,1,1
1761055601467,229.7,10124,2,128,154.73,1,1
1761055603937,240.14,10124,1,512,468.85,0,1
1761055606815,229.7,10124,2,1024,875.44,0,1
1761055609190,240.14,10124,1,512,373.64,0,1
1761055611687,229.7,10124,2,512,494.43,0,1
1761055614178,240.11,10124,1,64,490.5,0,1
1761055616623,240.14,10124,1,256,443.5,0,1
1761055618955,229.7,10124,2,128,330.33,0,1
1761055621276,240.14,10124,1,128,320.06,0,1
1761055623550,229.7,10124,2,64,272.34,0,1
1761055626081,240.14,10124,1,128,530.07,0,1
1761055628819,229.7,10124,2,64,736.64,0,1
1761055631358,240.14,10124,1,512,538.13,0,1
1761055633667,229.7,10124,2,64,306.87,0,1
1761055635958,240.14,10124,1,32,290.16,0,1
1761055638294,229.7,10124,2,128,335.38,0,1
1761055640731,240.14,10124,1,64,435.1,0,1
1761055642959,229.7,10124,2,256,224.8,0,1
1761055645381,231.82,10124,1,32,420.87,0,1
1761055647972,240.14,10124,1,1024,589.39,0,1
1761055650449,229.7,10124,2,32,475.6,0,1
1761055652800,240.14,10124,1,64,350.38,0,1
1761055655329,229.7,10124,2,128,527.53,0,1
1761055657646,240.14,10124,1,32,315.31,0,1
1761055659785,229.7,10124,2,512,137.12,1,1
1761055661971,240.14,10124,1,1024,182.74,1,1
1761055664459,229.7,10124,2,512,486.95,0,1
1761055666921,240.14,10124,1,32,460.56,0,1
1761055669528,240.14,10124,1,512,605.72,0,1
1761055671931,229.7,10124,2,64,401.71,0,1
1761055674282,240.14,10124,1,256,350.45,0,1
1761055676630,229.7,10124,2,512,345.24,0,1
1761055678821,240.14,10124,1,512,189.34,1,1
1761055680941,229.7,10124,2,128,119.41,1,1
1761055683114,240.14,10124,1,32,171.77,1,1
1761055685493,229.7,10124,2,32,377.15,0,1
1761055687827,240.14,10124,1,256,333.23,0,1
1761055690172,229.7,10124,2,512,342.89,0,1
1761055692326,240.14,10124,1,128,152.99,1,1
1761055694458,229.7,10124,2,128,130.95,1,1
1761055696599,240.14,10124,1,1024,138.69,1,1
1761055698764,229.7,10124,2,32,163.8,1,1
1761055701007,240.14,10124,1,1024,241.03,0,1
1761055703523,229.7,10124,2,512,513.94,0,1
1761055705959,240.14,10124,1,32,434.81,0,1
1761055708319,239.98,10124,1,128,359.7,0,1
1761055710751,229.7,10124,2,256,429.72,0,1
1761055713300,240.23,10124,1,64,547.55,0,1
1761055715760,229.78,10124,2,64,458.89,0,1
1761055718169,240.23,10124,1,256,407.84,0,1
1761055720570,229.78,10124,2,32,399.26,0,1
1761055723083,240.23,10124,1,128,512.13,0,1
1761055725510,240.23,10124,1,512,425.51,0,1
1761055727887,229.78,10124,2,512,375.64,0,1
1761055730095,240.23,10124,1,32,207.75,0,1
1761055732568,229.78,10124,2,1024,471.27,0,1
1761055735121,240.23,10124,1,32,551.12,0,1
1761055737491,229.78,10124,2,512,367.62,0,1
1761055739888,240.23,10124,1,128,396.0,0,1
1761055742239,229.78,10124,2,512,349.17,0,1
1761055744689,240.23,10124,1,32,448.8,0,1
1761055746989,229.78,10124,2,64,298.4,0,1
1761055749390,240.19,10124,1,1024,399.44,0,1
1761055751627,229.78,10124,2,32,236.1,0,1
1761055754132,240.23,10124,1,512,503.56,0,1
1761055756511,229.78,10124,2,64,377.92,0,1
1761055759035,240.19,10124,1,32,522.75,0,1
1761055761384,240.23,10124,1,512,347.21,0,1
1761055763658,229.78,10124,2,32,271.69,0,1
1761055766082,240.16,10124,1,256,422.34,0,1
1761055768487,229.71,10124,2,1024,403.17,0,1
1761055770950,240.16,10124,1,256,461.17,0,1
1761055773124,229.71,10124,2,64,172.42,1,1
1761055775498,240.16,10124,1,64,373.83,0,1
1761055777703,229.71,10124,2,512,204.14,0,1
1761055780097,240.16,10124,1,256,392.15,0,1
1761055782272,229.71,10124,2,128,173.71,1,1
1761055784397,240.16,10124,1,128,123.92,1,1
1761055786540,229.71,10124,2,32,141.37,1,1
1761055788906,240.16,10124,1,1024,363.59,0,1
1761055791393,229.71,10124,2,256,485.49,0,1
1761055793825,240.16,10124,1,64,431.18,0,1
1761055796082,229.71,10124,2,64,256.86,0,1
1761055798287,240.16,10124,1,512,203.35,0,1
1761055800760,229.71,10124,2,256,470.74,0,1
1761055803180,218.66,10124,2,32,417.95,0,1
1761055805585,240.16,10124,1,64,403.25,0,1
1761055808003,229.71,10124,2,512,416.99,0,1
1761055810473,240.16,10124,1,64,468.48,0,1
1761055812641,229.71,10124,2,128,166.33,1,1
1761055814924,240.16,10124,1,512,280.61,0,1
1761055817947,229.71,10124,2,32,1022.28,0,1
1761055820318,240.16,10124,1,512,369.56,0,1
1761055822608,229.71,10124,2,64,288.37,0,1
1761055825000,240.16,10124,1,64,389.93,0,1
1761055827396,229.71,10124,2,32,395.31,0,1
1761055829621,240.16,10124,1,512,223.75,0,1
1761055831991,229.71,10124,2,1024,366.7,0,1
1761055834132,229.01,10124,1,64,140.17,1,1
1761055836397,240.16,10124,1,512,264.0,0,1
1761055838867,229.71,10124,2,512,468.67,0,1
1761055841277,240.16,10124,1,512,408.08,0,1
1761055844007,229.71,10124,2,256,729.34,0,1
1761055846588,240.16,10124,1,128,578.68,0,1
1761055849046,229.71,10124,2,32,457.27,0,1
1761055851304,240.16,10124,1,128,257.11,0,1
1761055853452,229.71,10124,2,1024,145.67,1,1
1761055856140,240.16,10124,1,1024,685.44,0,1
1761055858557,229.71,10124,2,64,416.78,0,1
1761055860907,220.11,10124,2,512,348.41,0,1
1761055863468,240.16,10124,1,512,559.76,0,1
1761055865891,229.71,10124,2,128,421.91,0,1
1761055868361,240.16,10124,1,1024,468.38,0,1
1761055870694,229.71,10124,2,1024,330.45,0,1
1761055873128,240.16,10124,1,128,432.18,0,1
1761055875260,229.71,10124,2,1024,129.13,1,1
1761055877545,240.16,10124,1,256,283.59,0,1
1761055879896,229.71,10124,2,512,349.91,0,1
1761055882048,240.16,10124,1,1024,150.04,1,1
1761055884473,229.71,10124,2,1024,422.6,0,1
1761055886671,240.16,10124,1,1024,196.35,1,1
1761055889083,229.71,10124,2,1024,411.17,0,1
1761055891233,240.16,10124,1,512,149.25,1,1
1761055893402,229.71,10124,2,32,167.37,1,1
1761055895577,240.16,10124,1,32,174.06,1,1
1761055898009,229.71,10124,2,32,431.52,0,1
1761055900430,240.12,10124,1,1024,419.46,0,1
1761055902782,240.16,10124,1,32,351.01,0,1
1761055905099,229.71,10124,2,128,315.46,0,1
1761055907502,240.16,10124,1,1024,400.84,0,1
1761055909690,229.71,10124,2,32,187.01,1,1
1761055912302,240.12,10124,1,1024,608.96,0,1
1761055914588,229.71,10124,2,32,284.73,0,1
1761055916801,240.16,10124,1,128,212.18,0,1
1761055919299,229.71,10124,2,128,496.55,0,1
1761055921636,240.16,10124,1,32,335.44,0,1
1761055923781,229.71,10124,2,32,143.82,1,1
1761055925990,240.16,10124,1,512,207.3,0,1
1761055928451,229.71,10124,2,32,458.98,0,1
1761055930863,240.16,10124,1,1024,410.31,0,1
1761055933030,229.71,10124,2,512,165.77,1,1
1761055935705,240.16,10124,1,32,673.22,0,1
1761055937954,229.71,10124,2,1024,246.76,0,1
1761055940799,240.16,10124,1,1024,841.55,0,1
1761055943236,240.16,10124,1,256,436.11,0,1
1761055945701,229.71,10124,2,1024,463.45,0,1
1761055948079,240.16,10124,1,512,377.06,0,1
1761055950506,229.71,10124,2,128,425.33,0,1
1761055953002,240.16,10124,1,32,494.63,0,1
1761055955391,229.71,10124,2,128,387.48,0,1
1761055957683,240.16,10124,1,256,289.95,0,1
1761055960060,229.71,10124,2,1024,374.63,0,1
1761055962586,240.16,10124,1,128,524.5,0,1
1761055964920,229.71,10124,2,1024,331.4,0,1
1761055967154,240.16,10124,1,128,233.24,0,1
1761055969793,240.16,10124,1,32,638.03,0,1
1761055971978,229.71,10124,2,64,183.8,1,1
1761055974376,240.16,10124,1,512,396.48,0,1
1761055976591,229.71,10124,2,64,213.54,0,1
1761055978807,240.16,10124,1,32,214.2,0,1
1761055981382,229.71,10124,2,1024,572.89,0,1
1761055983713,240.16,10124,1,1024,328.84,0,1
1761055986175,229.71,10124,2,1024,459.41,0,1
1761055988551,240.16,10124,1,32,374.63,0,1
1761055990758,229.71,10124,2,512,206.13,0,1
1761055993156,240.16,10124,1,32,396.85,0,1
1761055995307,240.16,10124,1,256,150.26,1,1
1761055997517,229.71,10124,2,512,208.18,0,1
1761056000080,240.16,10124,1,256,562.24,0,1
1761056002347,229.71,10124,2,64,263.98,0,1
1761056004543,240.16,10124,1,256,194.29,1,1
1761056007070,229.71,10124,2,1024,525.13,0,1
1761056009470,240.16,10124,1,1024,396.9,0,1
1761056012029,229.71,10124,2,512,558.06,0,1
1761056014687,240.16,10124,1,128,655.87,0,1
1761056017098,229.71,10124,2,1024,409.58,0,1
1761056019289,240.16,10124,1,512,188.87,1,1
1761056021771,240.16,10124,1,128,479.15,0,1
1761056024186,229.71,10124,2,512,413.95,0,1
1761056026477,240.16,10124,1,128,289.29,0,1
1761056028820,229.71,10124,2,1024,340.63,0,1
1761056031255,240.16,10124,1,1024,434.29,0,1
1761056033456,229.71,10124,2,64,200.48,0,1
1761056035936,240.16,10124,1,512,478.53,0,1
1761056038416,229.71,10124,2,1024,477.96,0,1
1761056040792,240.16,10124,1,32,374.92,0,1
1761056043275,229.71,10124,2,512,481.4,0,1
1761056045670,240.16,10124,1,512,393.55,0,1
1761056048100,229.71,10124,2,512,428.16,0,1
1761056050416,240.16,10124,1,1024,313.17,0,1
1761056052789,229.71,10124,2,128,371.61,0,1
1761056055146,240.16,10124,1,1024,355.86,0,1
1761056057337,240.16,10124,1,512,189.24,1,1
1761056059576,229.71,10124,2,64,237.67,0,1
1761056062032,240.16,10124,1,32,455.01,0,1
1761056064422,229.71,10124,2,256,388.36,0,1
1761056066839,240.16,10124,1,32,416.38,0,1
1761056069081,229.71,10124,2,1024,239.69,0,1
1761056071615,240.16,10124,1,512,531.84,0,1
1761056073941,229.71,10124,2,512,324.01,0,1
1761056076341,240.16,10124,1,32,399.46,0,1
1761056078515,229.71,10124,2,32,172.78,1,1
1761056080726,240.16,10124,1,512,209.38,0,1
1761056083123,240.12,10124,1,32,396.8,0,1
1761056085361,229.71,10124,2,512,235.86,0,1
1761056087877,240.16,10124,1,1024,514.22,0,1
1761056090166,229.71,10124,2,32,287.34,0,1
1761056092685,240.16,10124,1,128,518.31,0,1
1761056095082,229.71,10124,2,1024,395.36,0,1
1761056097250,240.16,10124,1,64,166.62,1,1
1761056099479,229.71,10124,2,32,228.02,0,1
1761056101805,240.16,10124,1,512,325.49,0,1
1761056103975,229.71,10124,2,1024,167.98,1,1
1761056106209,240.16,10124,1,32,232.57,0,1
1761056108632,229.71,10124,2,128,421.11,0,1
1761056111091,229.01,10124,1,32,457.91,0,1
1761056113489,240.16,10124,1,32,396.44,0,1
1761056115642,229.71,10124,2,64,151.54,1,1
1761056118146,240.16,10124,1,512,502.52,0,1
1761056120833,229.71,10124,2,32,685.68,0,1
1761056123120,240.16,10124,1,512,285.08,0,1
1761056125606,229.71,10124,2,64,485.21,0,1
1761056128176,240.16,10124,1,128,568.27,0,1
1761056130458,229.71,10124,2,32,280.28,0,1
1761056132738,240.16,10124,1,32,279.19,0,1
1761056135122,229.71,10124,2,256,382.78,0,1
1761056137545,240.16,10124,1,512,421.6,0,1
1761056139992,229.71,10124,2,128,445.68,0,1
1761056142402,240.16,10124,1,32,409.24,0,1
1761056144830,229.71,10124,2,256,426.82,0,1
1761056147234,240.16,10124,1,64,403.1,0,1
1761056149455,229.71,10124,2,512,219.4,0,1
1761056151690,220.11,10124,2,128,233.07,0,1
1761056154088,240.16,10124,1,512,396.27,0,1
1761056156480,229.71,10124,2,128,391.65,0,1
1761056158743,240.16,10124,1,512,260.96,0,1
1761056161228,229.71,10124,2,1024,482.17,0,1
1761056163586,240.16,10124,1,256,356.52,0,1
1761056166035,229.71,10124,2,1024,446.53,0,1
1761056168497,240.16,10124,1,1024,459.66,0,1
1761056170978,229.71,10124,2,32,479.34,0,1
1761056173417,240.16,10124,1,32,437.76,0,1
1761056175838,229.71,10124,2,128,419.52,0,1
1761056177990,240.16,10124,1,256,150.44,1,1
1761056180229,229.71,10124,2,128,236.98,0,1
1761056182623,240.16,10124,1,256,392.46,0,1
1761056185130,229.71,10124,2,1024,505.23,0,1
1761056187529,240.16,10124,1,32,397.16,0,1
1761056189698,229.71,10124,2,64,167.92,1,1
1761056192077,229.01,10124,1,512,375.88,0,1
1761056194216,240.16,10124,1,512,138.41,1,1
1761056196367,229.71,10124,2,256,149.05,1,1
1761056198619,240.16,10124,1,512,251.29,0,1
1761056201155,229.71,10124,2,1024,532.18,0,1
1761056203452,240.16,10124,1,32,296.96,0,1
1761056205672,229.71,10124,2,1024,217.83,0,1
1761056208051,240.16,10124,1,256,377.03,0,1
1761056210305,229.71,10124,2,256,252.46,0,1
1761056212661,240.16,10124,1,512,354.6,0,1
1761056214970,240.16,10124,1,1024,305.87,0,1
1761056217264,229.71,10124,2,256,292.13,0,1
1761056219417,240.16,10124,1,32,152.12,1,1
1761056221665,229.71,10124,2,512,245.95,0,1
1761056224032,240.16,10124,1,512,366.25,0,1
1761056226229,229.71,10124,2,512,195.99,1,1
1761056228610,240.16,10124,1,256,379.46,0,1
1761056230764,229.71,10124,2,32,152.88,1,1
1761056233022,240.16,10124,1,64,256.32,0,1
1761056235440,229.71,10124,2,32,417.13,0,1
1761056237901,240.16,10124,1,32,460.07,0,1
1761056240418,229.71,10124,2,1024,514.18,0,1
1761056242850,240.16,10124,1,256,431.22,0,1
1761056245292,229.71,10124,2,1024,438.83,0,1
1761056247686,240.16,10124,1,256,393.25,0,1
1761056249896,240.12,10124,1,128,208.85,0,1
1761056252283,229.71,10124,2,1024,384.33,0,1
1761056254490,240.16,10124,1,128,205.57,0,1
1761056256939,229.71,10124,2,64,448.56,0,1
1761056259416,240.16,10124,1,128,475.46,0,1
1761056261810,229.71,10124,2,128,393.27,0,1
1761056264270,240.16,10124,1,256,457.79,0,1
1761056266734,229.71,10124,2,64,462.84,0,1
1761056269137,240.16,10124,1,128,402.43,0,1
1761056271427,229.71,10124,2,128,288.61,0,1
1761056273805,240.16,10124,1,1024,374.83,0,1
1761056276234,229.71,10124,2,256,427.71,0,1
1761056278462,240.16,10124,1,128,227.04,0,1
1761056280975,229.71,10124,2,128,511.58,0,1
1761056283306,240.12,10124,1,256,330.61,0,1
1761056285467,229.71,10124,2,128,160.22,1,1
1761056288153,221.61,10124,2,1024,682.87,0,1
1761056290436,240.16,10124,1,128,282.44,0,1
1761056292823,229.71,10124,2,32,385.04,0,1
1761056294982,240.16,10124,1,64,158.16,1,1
1761056297410,229.71,10124,2,1024,426.17,0,1
1761056299902,240.12,10124,1,64,490.27,0,1
1761056302338,229.71,10124,2,256,435.08,0,1
1761056304778,240.16,10044,1,256,438.21,0,1
1761056306887,229.71,10044,2,32,108.15,1,1
1761056309092,240.16,10044,1,1024,202.09,0,1
1761056311510,229.71,10044,2,32,416.61,0,1
1761056313649,240.16,10044,1,128,138.42,1,1
1761056315829,229.71,10044,2,256,178.5,1,1
1761056317971,240.16,10044,1,64,140.22,1,1
1761056320378,229.71,10044,2,128,406.21,0,1
1761056322565,240.16,10044,1,64,185.74,1,1
1761056324733,229.71,10044,2,1024,165.38,1,1
1761056326977,240.16,10044,1,512,241.72,0,1
1761056329467,229.71,10044,2,512,487.87,0,1
1761056331847,220.11,10044,2,1024,379.58,0,1
1761056334256,240.16,10044,1,128,408.24,0,1
1761056336535,229.71,10044,2,512,276.59,0,1
1761056338952,240.16,10044,1,128,415.59,0,1
1761056341326,229.71,10044,2,128,372.95,0,1
1761056343488,240.16,10044,1,256,160.13,1,1
1761056345964,229.71,10044,2,1024,473.69,0,1
1761056348348,240.16,10044,1,128,383.39,0,1
1761056350955,229.71,10044,2,256,605.44,0,1
1761056353306,240.12,10044,1,128,349.94,0,1
1761056355757,240.16,10044,1,32,450.64,0,1
1761056358182,229.71,10044,2,512,422.69,0,1
1761056360530,240.16,10044,1,1024,345.42,0,1
1761056362886,229.71,10044,2,32,354.87,0,1
1761056365283,240.16,10044,1,32,395.76,0,1
1761056367770,229.71,10044,2,64,485.19,0,1
1761056370150,240.16,10044,1,1024,377.25,0,1
1761056372345,229.71,10044,2,256,194.3,1,1
1761056374802,240.16,10044,1,256,455.06,0,1
1761056377266,229.71,10044,2,1024,461.93,0,1
1761056379743,231.64,10044,1,1024,474.86,0,1
1761056381960,240.16,10044,1,1024,214.72,0,1
1761056384247,229.71,10044,2,128,285.69,0,1
1761056386539,240.16,10044,1,256,290.72,0,1
1761056388850,229.71,10044,2,512,309.21,0,1
1761056391035,240.16,10044,1,1024,182.69,1,1
1761056393290,229.71,10044,2,128,254.31,0,1
1761056395622,240.16,10044,1,128,330.47,0,1
1761056397776,229.71,10044,2,256,152.18,1,1
1761056399962,240.16,10044,1,256,185.81,1,1
1761056402366,229.71,10044,2,1024,401.83,0,1
1761056404586,240.12,10044,1,32,219.13,0,1
1761056406993,240.16,10044,1,512,405.96,0,1
1761056409124,229.71,10044,2,1024,128.02,1,1
1761056411378,240.16,10044,1,512,253.06,0,1
1761056413891,229.71,10044,2,64,511.52,0,1
1761056416592,240.16,10044,1,512,699.92,0,1
1761056419133,229.71,10044,2,512,538.67,0,1
1761056421479,240.16,10044,1,32,344.5,0,1
1761056423891,229.71,10044,2,256,411.6,0,1
1761056426209,240.16,10044,1,32,315.98,0,1
1761056428527,229.71,10044,2,128,317.15,0,1
1761056431072,240.16,10044,1,64,543.66,0,1
1761056433402,240.16,10044,1,128,328.86,0,1
1761056435667,229.71,10044,2,128,264.86,0,1
1761056438054,240.16,10044,1,128,385.64,0,1
1761056440455,229.71,10044,2,1024,399.66,0,1
1761056442749,240.16,10044,1,512,292.14,0,1
1761056445062,229.71,10044,2,128,310.9,0,1
1761056447181,240.16,10044,1,1024,117.24,1,1
1761056449393,229.71,10044,2,32,210.38,0,1
1761056451901,240.16,10044,1,256,507.43,0,1
1761056454434,229.71,10044,2,1024,532.49,0,1
1761056456758,240.16,10044,1,512,322.28,0,1
1761056459191,229.71,10044,2,64,431.78,0,1
1761056461420,240.16,10044,1,32,227.66,0,1
1761056463809,229.71,10044,2,128,388.26,0,1
1761056465976,240.16,10044,1,1024,164.07,1,1
1761056468531,240.16,10044,1,64,554.05,0,1
1761056470965,229.71,10044,2,512,431.3,0,1
1761056473460,240.16,10044,1,64,495.05,0,1
1761056475877,229.71,10044,2,32,416.33,0,1
1761056478460,240.16,10044,1,1024,581.31,0,1
1761056480966,229.71,10044,2,128,504.74,0,1
1761056483349,240.16,10044,1,64,381.6,0,1
1761056485600,229.71,10044,2,32,249.72,0,1
1761056487889,240.16,10044,1,128,287.37,0,1
1761056490288,229.71,10044,2,1024,396.28,0,1
1761056492694,240.16,10044,1,64,404.78,0,1
1761056495532,229.71,10044,2,128,836.23,0,1
1761056497855,240.16,10044,1,512,321.14,0,1
1761056500064,229.71,10044,2,64,207.03,0,1
1761056502458,240.12,10044,1,512,392.0,0,1
1761056504847,240.16,10044,1,32,388.99,0,1
1761056507366,229.71,10044,2,256,516.4,0,1
1761056509574,240.16,10044,1,256,206.13,0,1
1761056512107,229.71,10044,2,32,530.93,0,1
1761056514546,240.16,10044,1,128,437.59,0,1
1761056516919,229.71,10044,2,256,371.96,0,1
1761056519551,240.16,10044,1,1024,629.02,0,1
1761056521836,229.71,10044,2,32,283.66,0,1
1761056524351,240.16,10044,1,512,512.85,0,1
1761056526772,229.71,10044,2,64,419.69,0,1
1761056529361,240.16,10044,1,32,589.05,0,1
1761056531768,229.71,10044,2,128,405.85,0,1
1761056534353,229.01,10044,1,32,584.41,0,1
1761056536591,240.16,10044,1,512,235.47,0,1
1761056539050,229.71,10044,2,64,456.49,0,1
1761056541484,240.16,10044,1,64,433.35,0,1
1761056543899,229.71,10044,2,512,412.81,0,1
1761056546098,240.16,10044,1,1024,196.76,1,1
1761056548585,229.71,10044,2,128,485.46,0,1
1761056551107,240.16,10044,1,512,520.74,0,1
1761056553445,229.71,10044,2,64,337.25,0,1
1761056555658,240.16,10044,1,128,212.67,0,1
1761056558058,229.71,10044,2,256,398.63,0,1
1761056560246,240.16,10044,1,256,185.69,1,1
1761056562766,229.71,10044,2,256,519.07,0,1
1761056565110,240.16,10044,1,256,341.89,0,1
1761056567746,229.71,10044,2,256,633.81,0,1
1761056570163,240.12,10044,1,64,415.54,0,1
1761056572490,240.16,10044,1,64,326.36,0,1
1761056574952,229.71,10044,2,128,460.6,0,1
1761056577367,240.16,10044,1,32,413.82,0,1
1761056579760,229.71,10044,2,32,392.44,0,1
1761056581986,240.16,10044,1,1024,222.66,0,1
1761056584219,229.71,10044,2,512,231.65,0,1
1761056586592,240.16,10044,1,32,371.65,0,1
1761056588719,229.71,10044,2,128,125.22,1,1
1761056590939,240.16,10044,1,1024,217.18,0,1
1761056593594,229.71,10044,2,64,653.44,0,1
1761056595831,240.12,10044,1,512,235.55,0,1
1761056598266,240.16,10044,1,32,433.84,0,1
1761056600431,229.71,10044,2,128,163.23,1,1
1761056602568,240.16,10044,1,512,135.86,1,1
1761056604896,229.71,10044,2,256,326.69,0,1
1761056607195,240.16,10044,1,512,296.77,0,1
1761056609349,229.71,10044,2,256,153.5,1,1
1761056611787,240.16,10044,1,64,435.41,0,1
1761056614239,229.71,10044,2,1024,450.54,0,1
1761056616698,240.16,10044,1,64,456.7,0,1
1761056619150,229.71,10044,2,1024,450.36,0,1
1761056621324,240.12,10044,1,128,172.77,1,1
1761056623796,240.16,10044,1,128,470.23,0,1
1761056626263,229.71,10044,2,32,465.72,0,1
1761056628743,240.16,10044,1,1024,477.48,0,1
1761056631193,229.71,10044,2,128,449.2,0,1
1761056633347,240.16,10044,1,32,152.64,1,1
1761056635699,229.71,10044,2,1024,349.76,0,1
1761056637974,240.16,10044,1,256,273.53,0,1
1761056640534,229.71,10044,2,256,559.7,0,1
1761056642834,240.16,10044,1,512,297.95,0,1
1761056645217,240.16,10044,1,128,382.08,0,1
1761056647401,229.71,10044,2,32,182.12,1,1
1761056649957,240.16,10044,1,1024,553.2,0,1
1761056652463,229.71,10044,2,128,504.33,0,1
1761056654772,240.16,10044,1,64,307.44,0,1
1761056657164,229.71,10044,2,128,391.29,0,1
1761056659347,240.16,10044,1,64,182.01,1,1
1761056661720,229.71,10044,2,512,370.88,0,1
1761056663942,240.12,10044,1,256,220.56,0,1
1761056666128,229.71,10044,2,1024,184.62,1,1
1761056668745,240.16,10044,1,32,615.75,0,1
1761056671067,229.71,10044,2,256,320.63,0,1
1761056673450,240.16,10044,1,512,382.3,0,1
1761056675595,229.71,10044,2,128,144.08,1,1
1761056677830,240.16,10044,1,64,234.09,0,1
1761056680310,229.71,10044,2,32,478.4,0,1
1761056682702,240.12,10044,1,32,391.17,0,1
1761056684872,240.16,10044,1,128,168.28,1,1
1761056687319,229.71,10044,2,256,445.88,0,1
1761056689790,240.16,10044,1,1024,469.56,0,1
1761056692184,229.71,10044,2,128,392.47,0,1
1761056694347,240.16,10044,1,256,161.86,1,1
1761056696686,229.71,10044,2,1024,336.2,0,1
1761056699106,240.16,10044,1,64,418.32,0,1
1761056701459,229.71,10044,2,64,351.13,0,1
1761056703940,240.16,10044,1,32,480.45,0,1
1761056706313,229.71,10044,2,256,371.66,0,1
1761056708487,221.63,10044,1,512,171.87,1,1
1761056710975,240.16,10044,1,128,486.14,0,1
1761056713427,229.71,10044,2,64,451.72,0,1
1761056715830,240.16,10044,1,512,400.67,0,1
1761056717960,229.71,10044,2,64,129.93,1,1
1761056720108,240.16,10044,1,64,147.44,1,1
1761056722276,229.71,10044,2,1024,164.57,1,1
1761056724508,240.16,10044,1,32,230.59,0,1
1761056726997,229.71,10044,2,64,488.17,0,1
1761056729357,240.16,10044,1,64,358.22,0,1
1761056731846,229.71,10044,2,512,487.47,0,1
1761056734316,229.01,10044,1,512,468.84,0,1
1761056736738,240.16,10044,1,64,420.78,0,1
1761056739191,229.71,10044,2,1024,449.82,0,1
1761056741359,240.16,10044,1,512,166.0,1,1
1761056743905,229.71,10044,2,1024,543.92,0,1
1761056746237,240.16,10044,1,128,330.96,0,1
1761056748367,229.71,10044,2,512,128.45,1,1
1761056750517,240.16,10044,1,1024,147.74,1,1
1761056752720,229.71,10044,2,64,201.83,0,1
1761056755196,240.16,10044,1,64,475.64,0,1
1761056757753,229.71,10044,2,128,554.69,0,1
1761056760087,240.16,10044,1,256,333.8,0,1
1761056762531,229.71,10044,2,64,442.12,0,1
1761056764952,240.16,10044,1,512,419.26,0,1
1761056767135,229.71,10044,2,128,182.63,1,1
1761056769709,240.16,10044,1,64,572.53,0,1
1761056772020,240.12,10044,1,32,309.49,0,1
1761056774259,229.71,10044,2,128,238.47,0,1
1761056776687,240.16,10044,1,1024,424.77,0,1
1761056779145,229.71,10044,2,32,456.79,0,1
1761056781513,240.16,10044,1,64,366.93,0,1
1761056783686,229.71,10044,2,512,171.52,1,1
1761056786240,240.16,10044,1,256,553.3,0,1
1761056788609,229.71,10044,2,128,366.71,0,1
1761056790813,230.61,10044,1,512,202.75,0,1
1761056793258,240.16,10044,1,32,443.74,0,1
1761056795766,229.71,10044,2,256,506.76,0,1
1761056798125,240.16,10044,1,64,358.1,0,1
1761056800336,229.71,10044,2,128,209.44,0,1
1761056802708,240.16,10044,1,128,371.27,0,1
1761056804938,229.71,10044,2,64,228.31,0,1
1761056807196,240.16,10044,1,512,256.31,0,1
1761056809609,229.71,10044,2,128,411.75,0,1
1761056811923,240.16,10044,1,32,313.08,0,1
1761056814195,229.71,10044,2,64,269.78,0,1
1761056816521,240.12,10044,1,128,324.37,0,1
1761056819037,240.16,10044,1,256,514.91,0,1
1761056821416,229.71,10044,2,256,378.03,0,1
1761056823650,240.16,10044,1,1024,230.54,0,1
1761056826092,229.71,10044,2,64,441.59,0,1
1761056828550,240.16,10044,1,128,456.88,0,1
1761056831227,229.71,10044,2,1024,674.35,0,1
1761056833426,240.16,10044,1,128,197.51,1,1
1761056835747,229.71,10044,2,1024,318.53,0,1
1761056838115,240.16,10044,1,32,366.98,0,1
1761056840489,229.71,10044,2,32,372.88,0,1
1761056842643,240.16,10044,1,64,152.68,1,1
1761056844786,229.71,10044,2,64,141.42,1,1
1761056846924,240.12,10044,1,128,136.69,1,1
1761056849291,240.16,10044,1,128,365.8,0,1
1761056851540,229.71,10044,2,256,245.56,0,1
1761056853673,240.16,10044,1,128,131.51,1,1
1761056855848,229.71,10044,2,1024,171.74,1,1
1761056858285,240.16,10044,1,1024,435.17,0,1
1761056860472,229.71,10044,2,512,185.9,1,1
1761056862888,240.16,10044,1,32,414.68,0,1
1761056865144,229.71,10044,2,1024,253.79,0,1
1761056867522,240.16,10044,1,1024,375.62,0,1
1761056870100,229.71,10044,2,32,576.0,0,1
1761056872481,240.16,10044,1,32,380.34,0,1
1761056874872,240.16,10044,1,512,388.52,0,1
1761056877035,229.71,10044,2,128,162.12,1,1
1761056879246,240.16,10044,1,512,209.54,0,1
1761056881621,229.71,10044,2,256,373.16,0,1
1761056883891,240.12,10044,1,256,269.32,0,1
1761056886232,229.71,10044,2,1024,337.0,0,1
1761056888408,240.16,10044,1,256,174.56,1,1
1761056890817,229.71,10044,2,32,407.78,0,1
1761056893011,240.16,10044,1,1024,192.26,1,1
1761056895221,229.71,10044,2,1024,208.37,0,1
1761056897561,240.16,10044,1,256,338.67,0,1
1761056899719,229.71,10044,2,256,157.07,1,1
1761056901922,240.16,10044,1,64,201.22,0,1
1761056904366,229.71,10044,2,512,441.92,0,1
1761056906839,240.16,10044,1,128,472.36,0,1
1761056909229,229.71,10044,2,32,388.36,0,1
1761056911402,240.16,10044,1,256,172.2,1,1
1761056913634,240.16,10044,1,128,230.89,0,1
1761056916069,229.71,10044,2,1024,433.04,0,1
1761056918957,240.16,10044,1,32,887.22,0,1
1761056921404,229.71,10044,2,32,446.45,0,1
1761056923787,240.16,10044,1,32,381.54,0,1
1761056926159,229.71,10044,2,32,370.9,0,1
1761056928674,240.16,10044,1,128,513.46,0,1
1761056931177,229.71,10044,2,128,500.9,0,1
1761056933367,240.16,10044,1,64,189.17,1,1
1761056935962,229.71,10044,2,512,593.23,0,1
1761056938084,240.16,10044,1,512,120.24,1,1
1761056940354,240.16,10044,1,1024,267.83,0,1
1761056942712,229.71,10044,2,256,356.36,0,1
1761056944924,240.16,10044,1,32,210.59,0,1
1761056947671,229.71,10044,2,1024,744.1,0,1
1761056950079,240.16,10044,1,64,406.44,0,1
1761056952282,229.71,10044,2,128,201.46,0,1
1761056954801,240.16,10044,1,512,517.8,0,1
1761056957147,229.71,10044,2,32,344.92,0,1
1761056959476,240.16,10044,1,32,328.1,0,1
1761056961758,229.71,10044,2,256,279.81,0,1
1761056963886,238.03,10044,1,1024,125.23,1,1
1761056966109,240.16,10044,1,512,221.69,0,1
1761056968484,229.71,10044,2,256,373.11,0,1
1761056970770,240.16,10044,1,64,284.63,0,1
1761056973073,229.71,10044,2,64,301.94,0,1
1761056975419,240.16,10044,1,32,344.49,0,1
1761056977716,229.71,10044,2,128,295.7,0,1
1761056979891,240.16,10044,1,32,174.23,1,1
1761056982342,229.71,10044,2,128,450.25,0,1
1761056984869,240.16,10044,1,32,525.22,0,1
1761056987285,229.71,10044,2,64,414.72,0,1
1761056989730,240.16,10044,1,128,443.6,0,1
1761056992304,244.95,10044,1,64,572.79,0,1
1761056994683,234.48,10044,2,128,376.76,0,1
1761056997086,244.95,10044,1,64,401.59,0,1
1761056999690,234.48,10044,2,32,602.97,0,1
1761057002011,244.95,10044,1,64,319.57,0,1
1761057004463,234.48,10044,2,1024,451.1,0,1
1761057006671,244.95,10044,1,64,207.47,0,1
1761057009007,234.48,10044,2,1024,333.05,0,1
1761057011161,244.95,10044,1,128,152.27,1,1
1761057013509,234.48,10044,2,64,346.13,0,1
1761057015762,244.89,10044,1,256,250.91,0,1
1761057017961,244.95,10044,1,128,198.29,1,1
1761057020407,234.48,10044,2,256,444.45,0,1
1761057022825,244.95,10044,1,32,416.59,0,1
1761057024966,234.48,10044,2,32,139.45,1,1
1761057027310,244.95,10044,1,256,343.07,0,1
1761057029717,234.48,10044,2,128,406.31,0,1
1761057032245,244.95,10044,1,32,526.09,0,1
1761057034529,234.48,10044,2,64,282.37,0,1
1761057036965,244.95,10044,1,32,434.26,0,1
1761057039274,234.48,10044,2,512,307.74,0,1
1761057041605,244.95,10044,1,256,329.71,0,1
1761057044080,244.95,10044,1,32,473.18,0,1
1761057046490,234.48,10044,2,512,408.91,0,1
1761057048850,244.95,10044,1,256,357.08,0,1
1761057051485,234.48,10044,2,32,634.0,0,1
1761057054031,244.95,10044,1,1024,543.2,0,1
1761057056312,234.48,10044,2,32,280.38,0,1
1761057058659,244.95,10044,1,32,344.87,0,1
1761057060874,234.48,10044,2,64,213.87,0,1
1761057063142,244.95,10044,1,32,266.79,0,1
1761057065583,234.48,10044,2,32,439.99,0,1
1761057067983,244.95,10044,1,512,398.41,0,1
1761057070521,244.95,10044,1,32,536.61,0,1
1761057072857,234.48,10044,2,256,334.72,0,1
1761057075020,244.95,10044,1,256,161.2,1,1
1761057077375,234.48,10044,2,32,353.28,0,1
1761057079740,244.95,10044,1,512,363.88,0,1
1761057082066,234.48,10044,2,1024,324.55,0,1
1761057084243,244.95,10044,1,512,175.94,1,1
1761057086392,234.48,10044,2,32,147.69,1,1
1761057088516,244.93,10044,1,1024,121.13,1,1
1761057090793,234.48,10044,2,32,275.99,0,1
1761057093213,223.45,10044,2,64,418.58,0,1
1761057095592,244.95,10044,1,64,377.28,0,1
1761057097737,234.48,10044,2,256,144.23,1,1
1761057100020,244.95,10044,1,128,281.72,0,1
1761057102347,234.48,10044,2,128,325.57,0,1
1761057104593,244.95,10044,1,64,243.17,0,1
1761057106982,234.48,10044,2,256,388.2,0,1
1761057109158,244.95,10044,1,128,174.22,1,1
1761057111750,234.48,10044,2,1024,589.37,0,1
1761057113997,244.95,10044,1,128,245.23,0,1
1761057116330,234.48,10044,2,1024,331.61,0,1
1761057118740,244.95,10044,1,1024,407.13,0,1
1761057121045,234.48,10044,2,32,303.88,0,1
1761057123320,244.89,10044,1,32,274.65,0,1
1761057125900,244.95,10044,1,256,577.55,0,1
1761057128112,234.48,10044,2,512,210.02,0,1
1761057130479,244.95,10044,1,256,365.74,0,1
1761057132831,234.48,10044,2,64,350.21,0,1
1761057135541,244.95,10044,1,64,708.82,0,1
1761057137927,234.48,10044,2,128,384.63,0,1
1761057140079,244.95,10044,1,64,150.12,1,1
1761057142330,234.48,10044,2,128,251.11,0,1
1761057144699,244.95,10044,1,32,367.22,0,1
1761057146951,234.48,10044,2,128,250.62,0,1
1761057149311,244.95,10044,1,64,358.49,0,1
1761057151466,234.48,10044,2,128,154.66,1,1
1761057153691,244.89,10044,1,32,223.76,0,1
1761057156095,244.95,10044,1,64,402.82,0,1
1761057158351,234.48,10044,2,128,254.59,0,1
1761057160824,244.95,10044,1,256,472.14,0,1
1761057163164,234.48,10044,2,512,338.24,0,1
1761057165738,244.95,10044,1,128,572.65,0,1
1761057168146,234.48,10044,2,32,407.69,0,1
1761057170532,244.95,10044,1,64,384.33,0,1
1761057172838,234.48,10044,2,128,303.94,0,1
1761057175133,244.95,10044,1,1024,292.37,0,1
1761057177768,234.48,10044,2,256,633.69,0,1
1761057180033,244.95,10044,1,512,264.05,0,1
1761057182549,234.48,10044,2,64,515.43,0,1
1761057185161,244.95,10044,1,128,611.45,0,1
1761057187408,244.95,10044,1,256,245.29,0,1
1761057189839,234.48,10044,2,64,429.33,0,1
1761057191989,244.95,10044,1,128,149.14,1,1
1761057194132,234.48,10044,2,32,141.52,1,1
1761057196261,244.95,10044,1,512,126.94,1,1
1761057198465,234.48,10044,2,1024,201.74,0,1
1761057200987,244.95,10044,1,128,521.29,0,1
1761057203325,234.48,10044,2,32,336.95,0,1
1761057205522,244.95,10044,1,64,195.76,1,1
1761057208032,234.48,10044,2,64,508.58,0,1
1761057210558,244.91,10044,1,256,524.23,0,1
1761057212981,234.48,10044,2,512,421.45,0,1
1761057215359,233.8,10044,1,128,376.96,0,1
1761057217969,244.95,10044,1,64,608.81,0,1
1761057220231,234.48,10044,2,256,260.85,0,1
1761057222497,244.95,10044,1,32,264.04,0,1
1761057224855,234.48,10044,2,512,356.64,0,1
1761057227008,244.95,10044,1,1024,149.17,1,1
1761057229507,234.48,10044,2,512,498.14,0,1
1761057231915,244.95,10044,1,64,406.36,0,1
1761057234403,234.48,10044,2,1024,486.4,0,1
1761057236809,244.95,10044,1,32,404.67,0,1
1761057239091,234.48,10044,2,1024,278.97,0,1
1761057241402,244.95,10044,1,32,310.52,0,1
1761057243546,234.48,10044,2,256,142.51,1,1
1761057245754,235.39,10044,1,128,207.07,0,1
1761057248157,244.95,10044,1,256,401.81,0,1
1761057250438,234.48,10044,2,32,280.47,0,1
1761057252785,244.95,10044,1,512,344.99,0,1
1761057255170,234.48,10044,2,128,383.38,0,1
1761057257399,244.95,10044,1,32,228.42,0,1
1761057259885,234.48,10044,2,64,484.31,0,1
1761057262398,244.95,10044,1,1024,510.13,0,1
1761057264739,234.48,10044,2,256,339.36,0,1
1761057267007,244.95,10044,1,512,265.75,0,1
1761057269471,234.48,10044,2,1024,461.14,0,1
1761057271818,244.95,10044,1,1024,345.24,0,1
1761057274262,234.48,10044,2,256,441.9,0,1
1761057276379,244.95,10044,1,256,116.0,1,1
1761057278894,234.48,10044,2,128,514.22,0,1
1761057281295,244.95,10044,1,32,399.9,0,1
1761057283482,234.48,10044,2,64,186.05,1,1
1761057285616,223.45,10044,2,512,132.12,1,1
1761057287788,244.95,10044,1,512,170.28,1,1
1761057290226,234.48,10044,2,512,436.57,0,1
1761057292346,244.95,10044,1,32,119.16,1,1
1761057294597,234.48,10044,2,32,248.9,0,1
1761057296977,244.95,10044,1,512,379.3,0,1
1761057299241,234.48,10044,2,32,262.76,0,1
1761057301664,244.95,10044,1,64,421.51,0,1
1761057304150,234.48,10044,2,512,483.92,0,1
1761057306580,244.95,10044,1,64,429.45,0,1
1761057308975,234.48,10044,2,128,393.72,0,1
1761057311288,233.8,10044,1,512,310.81,0,1
1761057313560,244.95,10044,1,256,270.76,0,1
1761057315972,234.48,10044,2,512,409.88,0,1
1761057318224,244.95,10044,1,1024,250.41,0,1
1761057320772,234.48,10044,2,256,546.78,0,1
1761057323067,244.95,10044,1,128,294.01,0,1
1761057325272,234.48,10044,2,1024,202.4,0,1
1761057327802,244.95,10044,1,32,529.46,0,1
1761057330270,234.48,10044,2,256,466.33,0,1
1761057332709,244.95,10044,1,256,437.1,0,1
1761057335062,234.48,10044,2,256,351.67,0,1
1761057337340,244.95,10044,1,128,276.14,0,1
1761057339665,234.48,10044,2,32,323.33,0,1
1761057341811,244.95,10044,1,1024,144.12,1,1
1761057344010,244.95,10044,1,1024,196.71,1,1
1761057346528,234.48,10044,2,512,516.27,0,1
1761057348863,244.95,10044,1,128,333.95,0,1
1761057351026,234.48,10044,2,512,161.74,1,1
1761057353151,244.95,10044,1,512,123.29,1,1
1761057355318,234.48,10044,2,128,166.18,1,1
1761057357521,244.95,10044,1,128,201.68,0,1
1761057360031,234.48,10044,2,64,508.4,0,1
1761057362439,244.95,10044,1,256,406.47,0,1
1761057364875,234.48,10044,2,256,435.18,0,1
1761057367387,244.95,10044,1,256,509.28,0,1
1761057369768,244.95,10044,1,32,379.73,0,1
1761057372378,234.48,10044,2,256,608.83,0,1
1761057374727,244.95,10044,1,32,347.73,0,1
1761057377074,234.48,10044,2,1024,345.38,0,1
1761057379250,244.95,10044,1,1024,173.99,1,1
1761057381485,234.48,10044,2,512,233.57,0,1
1761057383957,244.95,10044,1,256,470.37,0,1
1761057386300,234.48,10044,2,512,341.81,0,1
1761057388473,244.95,10044,1,32,171.95,1,1
1761057390612,234.48,10044,2,1024,136.23,1,1
1761057392948,244.95,10044,1,256,334.36,0,1
1761057395402,244.95,10044,1,128,453.23,0,1
1761057397710,234.48,10044,2,64,306.6,0,1
1761057400413,244.95,10044,1,512,700.65,0,1
1761057402566,234.48,10044,2,1024,150.81,1,1
1761057404729,244.95,10044,1,64,161.75,1,1
1761057406919,234.48,10044,2,128,188.62,1,1
1761057409348,244.95,10044,1,128,427.85,0,1
1761057411515,234.48,10044,2,256,166.46,1,1
1761057413631,244.95,10044,1,64,113.88,1,1
1761057415775,234.48,10044,2,1024,142.52,1,1
1761057418033,233.8,10044,1,1024,255.67,0,1
1761057420494,244.95,10044,1,256,460.23,0,1
1761057422898,234.48,10044,2,32,402.39,0,1
1761057425606,244.95,10044,1,512,705.19,0,1
1761057427774,234.48,10044,2,512,166.44,1,1
1761057430211,244.95,10044,1,256,435.35,0,1
1761057432438,234.48,10044,2,64,225.4,0,1
1761057434794,244.95,10044,1,32,354.78,0,1
1761057437032,234.48,10044,2,512,236.76,0,1
1761057439489,244.95,10044,1,256,455.5,0,1
1761057441874,234.48,10044,2,256,382.93,0,1
1761057444026,244.95,10044,1,128,150.95,1,1
1761057446293,234.48,10044,2,64,265.6,0,1
1761057448950,233.8,10044,1,512,654.44,0,1
1761057451076,244.95,10044,1,128,124.6,1,1
1761057453413,234.48,10044,2,32,335.56,0,1
1761057455781,244.95,10044,1,256,365.58,0,1
1761057458163,234.48,10044,2,64,380.59,0,1
1761057460420,244.95,10044,1,64,255.67,0,1
1761057462749,234.48,10044,2,32,328.47,0,1
1761057464983,244.95,10044,1,1024,232.82,0,1
1761057467456,234.48,10044,2,64,471.06,0,1
1761057469892,244.95,10044,1,64,434.79,0,1
1761057472305,234.48,10044,2,512,411.67,0,1
1761057474819,244.95,10044,1,32,511.95,0,1
1761057477160,234.48,10044,2,64,340.16,0,1
1761057479456,244.95,10044,1,256,294.56,0,1
1761057481920,234.48,10044,2,128,462.14,0,1
1761057484251,244.95,10044,1,512,330.2,0,1
1761057486552,244.95,10044,1,1024,297.13,0,1
1761057488834,234.48,10044,2,256,280.57,0,1
1761057490984,244.95,10044,1,128,148.65,1,1
1761057493173,234.48,10044,2,64,187.35,1,1
1761057495316,244.95,10044,1,32,141.17,1,1
1761057497509,234.48,10044,2,512,191.86,1,1
1761057499962,244.95,10044,1,128,451.0,0,1
1761057502507,234.48,10044,2,512,544.55,0,1
1761057505025,244.95,10044,1,64,516.65,0,1
1761057507316,244.95,10044,1,1024,287.81,0,1
1761057509797,234.48,10044,2,256,479.56,0,1
1761057512175,244.95,10044,1,256,377.13,0,1
1761057514327,234.48,10044,2,64,150.36,1,1
1761057516488,244.95,10044,1,32,159.9,1,1
1761057518741,234.48,10044,2,32,251.54,0,1
1761057521067,244.95,10044,1,512,323.38,0,1
1761057523238,234.48,10044,2,32,170.27,1,1
1761057525440,244.95,10044,1,128,201.1,0,1
1761057527998,234.48,10044,2,256,556.56,0,1
1761057530302,244.95,10044,1,1024,302.19,0,1
1761057532492,244.95,10044,1,32,187.95,1,1
1761057535094,234.48,10044,2,32,601.44,0,1
1761057537426,244.95,10044,1,64,329.63,0,1
1761057540101,234.48,10044,2,512,673.48,0,1
1761057542398,244.95,10044,1,64,296.1,0,1
1761057544767,234.48,10044,2,128,368.57,0,1
1761057547245,244.91,10044,1,256,476.21,0,1
1761057549798,234.48,10044,2,128,551.75,0,1
1761057552144,244.95,10044,1,256,344.84,0,1
1761057554531,234.48,10044,2,512,385.49,0,1
1761057556738,244.95,10044,1,64,205.15,0,1
1761057559173,234.48,10044,2,32,433.99,0,1
1761057561367,244.95,10044,1,256,192.16,1,1
1761057563763,234.48,10044,2,256,394.48,0,1
1761057566045,244.95,10044,1,1024,280.26,0,1
1761057568473,234.48,10044,2,32,426.12,0,1
1761057570805,235.39,10044,1,512,330.48,0,1
1761057573004,244.95,10044,1,1024,198.02,1,1
1761057575611,234.48,10044,2,128,605.39,0,1
1761057577942,244.95,10044,1,256,329.59,0,1
1761057580581,234.48,10044,2,1024,636.83,0,1
1761057582807,244.95,10044,1,256,224.11,0,1
1761057585009,234.48,10044,2,64,200.24,0,1
1761057587412,244.95,10044,1,512,401.69,0,1
1761057589668,234.48,10044,2,512,254.11,0,1
1761057592211,244.95,10044,1,256,541.25,0,1
1761057594461,234.48,10044,2,64,248.29,0,1
1761057596631,244.91,10044,1,128,168.84,1,1
1761057599085,234.48,10044,2,32,452.08,0,1
1761057601546,224.9,10044,2,32,459.89,0,1
1761057604021,244.95,10044,1,256,473.37,0,1
1761057606707,234.48,10044,2,64,685.48,0,1
1761057608858,244.95,10044,1,256,148.99,1,1
1761057611017,234.48,10044,2,1024,156.93,1,1
1761057613160,244.95,10044,1,1024,141.23,1,1
1761057615600,234.48,10044,2,256,438.42,0,1
1761057617810,244.95,10044,1,1024,207.79,0,1
1761057620305,234.48,10044,2,512,491.8,0,1
1761057622853,244.95,10044,1,128,547.29,0,1
1761057625211,234.48,10044,2,256,355.77,0,1
1761057627830,244.91,10044,1,1024,615.23,0,1
1761057630242,234.48,10044,2,32,408.84,0,1
1761057632564,233.8,10044,1,64,319.32,0,1
1761057635141,244.95,10044,1,512,574.51,0,1
1761057637481,234.48,10044,2,64,338.46,0,1
1761057639908,244.95,10044,1,1024,425.96,0,1
1761057642194,234.48,10044,2,256,284.15,0,1
1761057644561,244.95,10044,1,32,365.59,0,1
1761057646961,234.48,10044,2,32,397.18,0,1
1761057649082,244.95,10044,1,256,120.03,1,1
1761057651296,234.48,10044,2,512,211.29,0,1
1761057653893,244.95,10044,1,1024,595.12,0,1
1761057656298,234.48,10044,2,128,403.62,0,1
1761057658725,244.95,10044,1,64,424.44,0,1
1761057661252,234.48,10044,2,32,526.23,0,1
1761057663634,244.95,10044,1,128,380.25,0,1
1761057666141,234.48,10044,2,512,505.21,0,1
1761057668788,244.89,10044,1,256,644.94,0,1
1761057671246,244.95,10044,1,128,456.29,0,1
1761057673794,234.48,10044,2,128,547.01,0,1
1761057676358,244.95,10044,1,32,562.82,0,1
1761057678563,234.48,10044,2,64,204.15,0,1
1761057680773,244.95,10044,1,1024,209.13,0,1
1761057683228,234.48,10044,2,256,452.96,0,1
1761057685670,244.95,10044,1,256,441.64,0,1
1761057688023,234.48,10044,2,256,350.52,0,1
1761057690288,244.95,10044,1,256,264.04,0,1
1761057692987,234.48,10044,2,1024,695.85,0,1
1761057695165,244.93,10044,1,128,177.36,1,1
1761057697298,244.91,10044,1,128,131.89,1,1
1761057699553,234.48,10044,2,64,253.84,0,1
1761057701892,244.95,10044,1,128,337.98,0,1
1761057704062,234.48,10044,2,1024,168.29,1,1
1761057706370,244.95,10044,1,64,306.85,0,1
1761057708657,234.48,10044,2,256,285.93,0,1
1761057710890,244.95,10044,1,32,233.02,0,1
1761057713266,234.48,10044,2,32,374.44,0,1
1761057715449,244.95,10044,1,128,181.89,1,1
1761057718001,234.48,10044,2,512,550.87,0,1
1761057720378,244.95,10044,1,256,375.63,0,1
1761057723131,234.48,10044,2,128,751.68,0,1
1761057725568,226.43,10044,2,256,434.37,0,1
1761057727742,244.95,10044,1,64,173.64,1,1
1761057730190,234.48,10044,2,64,446.39,0,1
1761057732631,244.95,10044,1,512,439.37,0,1
1761057734841,234.48,10044,2,1024,207.62,0,1
1761057737247,244.95,10044,1,256,404.34,0,1
1761057739522,234.48,10044,2,64,274.03,0,1
1761057741794,244.95,10044,1,256,270.61,0,1
1761057743991,234.48,10044,2,256,195.29,1,1
1761057746609,244.95,10044,1,64,616.66,0,1
1761057748870,234.48,10044,2,1024,258.69,0,1
1761057751375,235.11,10044,1,64,502.73,0,1
1761057753775,244.95,10044,1,64,399.26,0,1
1761057756035,234.48,10044,2,32,258.95,0,1
1761057758467,244.95,10044,1,32,430.34,0,1
1761057761118,234.48,10044,2,512,649.84,0,1
1761057763343,244.95,10044,1,256,225.03,0,1
1761057765747,234.48,10044,2,32,402.29,0,1
1761057767897,244.95,10044,1,1024,147.65,1,1
1761057770063,234.48,10044,2,512,165.09,1,1
1761057772505,244.95,10044,1,64,440.67,0,1
1761057774656,234.48,10044,2,512,149.24,1,1
1761057776873,244.95,10044,1,32,216.14,0,1
1761057779438,234.48,10044,2,256,563.15,0,1
1761057781885,244.93,10044,1,64,445.19,0,1
1761057784298,244.95,10044,1,256,411.74,0,1
1761057786658,234.48,10044,2,256,358.17,0,1
1761057789104,244.95,10044,1,64,445.0,0,1
1761057791578,234.48,10044,2,1024,472.1,0,1
1761057794006,244.95,10044,1,256,427.11,0,1
1761057796124,234.48,10044,2,512,116.26,1,1
1761057798305,244.95,10044,1,256,179.14,1,1
1761057800424,234.48,10044,2,256,117.97,1,1
1761057802606,244.95,10044,1,1024,179.82,1,1
1761057804777,234.48,10044,2,64,169.65,1,1
1761057807578,244.95,10044,1,128,799.87,0,1
1761057809948,234.48,10044,2,32,368.63,0,1
1761057812291,244.89,10044,1,64,341.52,0,1
1761057814647,244.95,10044,1,512,354.07,0,1
1761057817175,234.48,10044,2,1024,524.74,0,1
1761057819587,244.95,10044,1,32,411.48,0,1
1761057821929,234.48,10044,2,512,340.32,0,1
1761057824079,244.95,10044,1,256,148.88,1,1
1761057826267,234.48,10044,2,256,185.54,1,1
1761057828440,244.95,10044,1,256,171.8,1,1
1761057831208,234.48,10044,2,64,765.8,0,1
1761057833710,244.95,10044,1,32,500.83,0,1
1761057836085,234.48,10044,2,512,372.71,0,1
1761057838650,244.95,10044,1,64,565.09,0,1
1761057841280,234.48,10044,2,512,628.86,0,1
1761057843542,238.59,10044,1,256,261.11,0,1
1761057845920,244.91,10044,1,512,376.14,0,1
1761057848538,234.48,10044,2,512,615.06,0,1
1761057850882,244.95,10044,1,64,342.46,0,1
1761057853340,234.48,10044,2,256,456.89,0,1
1761057855711,244.95,10044,1,256,369.71,0,1
1761057857965,234.48,10044,2,32,253.04,0,1
1761057860312,244.95,10044,1,1024,344.05,0,1
1761057862469,234.48,10044,2,32,156.63,1,1
1761057864619,244.95,10044,1,128,148.76,1,1
1761057866926,234.48,10044,2,32,305.43,0,1
1761057869271,244.95,10044,1,1024,342.98,0,1
1761057871716,234.48,10044,2,256,443.56,0,1
1761057874104,244.95,10044,1,1024,386.12,0,1
1761057876323,244.95,10044,1,512,218.02,0,1
1761057878969,234.48,10044,2,128,644.63,0,1
1761057881157,244.95,10044,1,64,186.73,1,1
1761057883369,234.48,10044,2,512,210.15,0,1
1761057885864,244.95,10044,1,64,494.7,0,1
1761057888256,234.48,10044,2,64,390.57,0,1
1761057890371,244.95,10044,1,1024,112.85,1,1
1761057892546,234.48,10044,2,128,173.96,1,1
1761057894699,244.95,10044,1,512,150.18,1,1
1761057896871,234.48,10044,2,512,170.26,1,1
1761057899300,244.93,10044,1,128,427.7,0,1
1761057901457,244.95,10044,1,32,155.8,1,1
1761057903731,234.48,10044,2,32,273.01,0,1
1761057906071,244.95,10044,1,512,338.42,0,1
1761057908241,234.48,10044,2,256,168.26,1,1
1761057910773,244.95,10044,1,256,530.62,0,1
1761057913152,234.48,10044,2,1024,377.69,0,1
1761057915695,244.95,10044,1,32,541.98,0,1
1761057918054,234.48,10044,2,256,356.86,0,1
1761057920664,244.95,10044,1,256,609.17,0,1
1761057922964,234.48,10044,2,1024,299.17,0,1
1761057925090,244.95,10044,1,1024,122.92,1,1
1761057927463,244.95,10044,1,64,371.68,0,1
1761057929711,234.48,10044,2,512,246.93,0,1
1761057932009,244.95,10044,1,256,296.06,0,1
1761057934408,234.48,10044,2,1024,396.65,0,1
1761057936789,244.95,10044,1,64,380.26,0,1
1761057939208,234.48,10044,2,128,417.07,0,1
1761057941454,244.95,10044,1,512,244.96,0,1
1761057943851,234.48,10044,2,32,395.21,0,1
1761057946482,244.95,10044,1,64,629.34,0,1
1761057948841,234.48,10044,2,64,356.82,0,1
1761057951197,223.3,10044,2,512,355.35,0,1
1761057953440,244.95,10044,1,64,241.65,0,1
1761057956280,234.48,10044,2,512,837.0,0,1
1761057958610,244.95,10044,1,256,328.37,0,1
1761057961322,234.48,10044,2,128,709.6,0,1
1761057963546,244.95,10044,1,256,222.56,0,1
1761057965997,234.48,10044,2,256,449.98,0,1
1761057968387,244.95,10044,1,128,387.77,0,1
1761057970710,234.48,10044,2,32,321.89,0,1
1761057973052,244.95,10044,1,512,340.44,0,1
1761057975895,234.48,10044,2,32,841.37,0,1
1761057978211,244.89,10044,1,256,314.09,0,1
1761057980423,244.95,10044,1,1024,210.01,0,1
1761057982837,234.48,10044,2,32,412.53,0,1
1761057985237,244.95,10044,1,256,399.53,0,1
1761057987471,234.48,10044,2,512,231.86,0,1
1761057989915,244.95,10044,1,512,442.74,0,1
1761057992369,234.48,10044,2,64,453.28,0,1
1761057994883,244.95,10044,1,64,512.09,0,1
1761057997399,234.48,10044,2,32,514.47,0,1
1761057999847,244.95,10044,1,256,447.52,0,1
1761058002155,234.48,10044,2,128,306.19,0,1
1761058004361,244.95,10044,1,1024,204.09,0,1
1761058006810,234.48,10044,2,128,446.84,0,1
1761058009238,224.9,10044,2,64,427.19,0,1
1761058011772,244.95,10044,1,256,532.55,0,1
1761058014111,234.48,10044,2,256,338.23,0,1
1761058016345,244.95,10044,1,256,231.85,0,1
1761058018755,234.48,10044,2,256,408.57,0,1
1761058020925,244.95,10044,1,64,169.2,1,1
1761058023352,234.48,10044,2,256,424.77,0,1
1761058025606,244.95,10044,1,512,252.05,0,1
1761058027940,234.48,10044,2,512,332.79,0,1
1761058030106,244.95,10044,1,1024,163.94,1,1
1761058032337,234.48,10044,2,256,230.93,0,1
1761058034771,244.95,10044,1,256,432.1,0,1
1761058037279,242.82,10044,1,128,507.07,0,1
1761058039661,234.48,10044,2,256,379.81,0,1
1761058042378,244.95,10044,1,64,715.18,0,1
1761058044509,234.48,10044,2,256,129.41,1,1
1761058046730,244.95,10044,1,64,219.91,0,1
1761058049146,234.48,10044,2,256,414.91,0,1
1761058052075,244.95,10044,1,256,928.59,0,1
1761058054376,234.48,10044,2,512,298.05,0,1
1761058056795,244.95,10044,1,256,417.01,0,1
1761058058951,234.48,10044,2,32,154.78,1,1
1761058061179,244.95,10044,1,64,227.69,0,1
1761058063538,234.48,10044,2,1024,356.65,0,1
1761058065858,244.89,10044,1,64,318.31,0,1
1761058068235,244.95,10044,1,64,375.77,0,1
1761058070671,234.48,10044,2,1024,433.92,0,1
1761058073062,244.95,10044,1,512,388.83,0,1
1761058075330,234.48,10044,2,256,267.39,0,1
1761058077787,244.95,10044,1,64,455.8,0,1
1761058080351,234.48,10044,2,128,561.9,0,1
1761058082687,244.95,10044,1,32,334.5,0,1
1761058085049,234.48,10044,2,128,360.21,0,1
1761058087285,244.95,10044,1,256,235.38,0,1
1761058089921,234.48,10044,2,512,634.33,0,1
1761058092458,244.95,10044,1,512,534.34,0,1
1761058094928,234.48,10044,2,128,468.55,0,1
1761058097486,244.95,10044,1,128,556.3,0,1
1761058099932,244.79,10044,1,1024,444.26,0,1
1761058102425,234.49,10044,2,128,491.14,0,1
1761058104730,244.95,10044,1,64,303.77,0,1
1761058107287,234.48,10044,2,128,555.49,0,1
1761058109601,244.95,10044,1,128,313.03,0,1
1761058111737,234.48,10044,2,128,134.3,1,1
1761058114069,244.95,10044,1,128,331.05,0,1
1761058116372,234.48,10044,2,32,301.79,0,1
1761058118499,244.95,10044,1,64,125.63,1,1
1761058120663,244.95,10044,1,128,163.54,1,1
1761058122958,234.48,10044,2,1024,293.26,0,1
1761058125613,244.95,10044,1,32,653.01,0,1
1761058128020,234.48,10044,2,256,407.06,0,1
1761058130599,244.95,10044,1,32,578.32,0,1
1761058133005,234.48,10044,2,32,405.2,0,1
1761058135388,244.95,10044,1,512,381.74,0,1
1761058137511,234.48,10044,2,64,120.6,1,1
1761058139649,244.95,10044,1,1024,136.62,1,1
1761058141821,234.48,10044,2,256,170.14,1,1
1761058144184,244.93,10044,1,1024,360.9,0,1
1761058146567,244.95,10044,1,128,381.01,0,1
1761058149073,234.48,10044,2,512,505.07,0,1
1761058151401,244.95,10044,1,256,325.95,0,1
1761058153899,234.48,10044,2,64,496.4,0,1
1761058156241,244.95,10044,1,256,340.32,0,1
1761058158417,234.48,10044,2,1024,174.25,1,1
1761058160619,244.95,10044,1,64,200.36,0,1
1761058162997,234.48,10044,2,128,377.08,0,1
1761058165167,244.95,10044,1,128,169.39,1,1
1761058167746,234.48,10044,2,512,577.8,0,1
1761058170161,244.95,10044,1,32,413.98,0,1
1761058172552,234.48,10044,2,128,389.01,0,1
1761058174688,233.8,10044,1,128,134.67,1,1
1761058176882,244.95,10044,1,128,193.3,1,1
1761058179493,234.48,10044,2,512,608.31,0,1
1761058181787,244.95,10044,1,1024,291.66,0,1
1761058184192,234.48,10044,2,512,402.98,0,1
1761058186342,244.95,10044,1,128,148.45,1,1
1761058188516,234.48,10044,2,512,172.1,1,1
1761058190860,244.95,10044,1,64,343.08,0,1
1761058193910,234.48,10044,2,64,1048.05,0,1
1761058196331,244.95,10044,1,128,420.79,0,1
1761058198880,234.48,10044,2,32,547.7,0,1
1761058201114,244.95,10044,1,1024,232.16,0,1
1761058203573,234.48,10044,2,512,456.94,0,1
1761058206020,244.95,10044,1,32,446.56,0,1
1761058208531,234.48,10044,2,1024,508.57,0,1
1761058210941,244.95,10044,1,128,408.19,0,1
1761058213440,234.48,10044,2,1024,496.3,0,1
1761058215859,244.39,10044,1,128,417.62,0,1
1761058218347,244.95,10044,1,1024,486.3,0,1
1761058220732,234.48,10044,2,512,383.86,0,1
1761058222872,244.95,10044,1,256,138.66,1,1
1761058225120,234.48,10044,2,256,246.14,0,1
1761058227500,244.95,10044,1,128,378.9,0,1
1761058229626,234.48,10044,2,64,124.61,1,1
1761058231970,244.95,10044,1,128,343.07,0,1
1761058234418,234.48,10044,2,1024,444.51,0,1
1761058236937,244.95,10044,1,512,517.64,0,1
1761058239196,234.48,10044,2,256,258.51,0,1
1761058241771,244.93,10044,1,128,573.81,0,1
1761058244128,244.95,10044,1,256,356.06,0,1
1761058246607,234.48,10044,2,64,476.87,0,1
1761058248980,244.95,10044,1,256,371.26,0,1
1761058251168,234.48,10044,2,512,186.29,1,1
1761058253343,244.95,10044,1,32,174.02,1,1
1761058255929,234.48,10044,2,256,584.66,0,1
1761058258175,244.95,10044,1,256,245.31,0,1
1761058260408,234.48,10044,2,128,232.57,0,1
1761058262803,244.95,10044,1,32,394.21,0,1
1761058264937,234.48,10044,2,512,132.66,1,1
1761058267100,244.89,10044,1,128,161.57,1,1
1761058269249,244.95,10044,1,1024,147.44,1,1
1761058271530,234.48,10044,2,256,279.26,0,1
1761058274108,244.95,10044,1,256,576.64,0,1
1761058276379,234.48,10044,2,64,269.71,0,1
1761058278760,244.95,10044,1,32,378.61,0,1
1761058280930,234.48,10044,2,512,168.47,1,1
1761058283433,244.95,10044,1,256,502.08,0,1
1761058286021,234.48,10044,2,512,585.84,0,1
1761058288285,244.91,10044,1,128,263.27,0,1
1761058290756,234.48,10044,2,1024,469.77,0,1
1761058293317,244.95,10044,1,32,560.04,0,1
1761058295719,244.79,10044,1,128,400.65,0,1
1761058298114,234.48,10044,2,256,393.34,0,1
1761058300531,244.95,10044,1,128,415.93,0,1
1761058302760,234.48,10044,2,64,227.53,0,1
1761058305163,244.95,10044,1,256,402.05,0,1
1761058307361,234.48,10044,2,512,196.12,1,1
1761058309920,244.95,10044,1,1024,556.43,0,1
1761058312309,234.48,10044,2,64,386.41,0,1
1761058314670,244.95,10044,1,1024,358.7,0,1
1761058316952,234.48,10044,2,512,280.46,0,1
1761058319300,244.95,10044,1,256,347.33,0,1
1761058321550,234.48,10044,2,64,247.89,0,1
1761058323963,244.95,10044,1,256,412.44,0,1
1761058326735,234.48,10044,2,1024,769.12,0,1
1761058329165,223.45,10044,1,32,428.67,0,1
1761058331576,244.95,10044,1,64,409.66,0,1
1761058333810,234.48,10044,2,32,233.12,0,1
1761058336147,244.95,10044,1,128,335.1,0,1
1761058338322,234.48,10044,2,32,174.05,1,1
1761058340734,244.95,10044,1,64,411.46,0,1
1761058342881,234.48,10044,2,32,146.35,1,1
1761058345091,244.95,10044,1,128,208.67,0,1
1761058347502,234.48,10044,2,128,410.16,0,1
1761058349667,244.95,10044,1,64,163.94,1,1
1761058351817,234.48,10044,2,512,147.71,1,1
1761058353998,224.81,10044,2,32,179.47,1,1
1761058356536,244.95,10044,1,64,537.66,0,1
1761058358855,234.48,10044,2,64,316.97,0,1
1761058361020,244.95,10044,1,1024,164.14,1,1
1761058363167,234.48,10044,2,256,145.44,1,1
1761058365332,244.95,10044,1,128,164.01,1,1
1761058367459,234.48,10044,2,512,125.18,1,1
1761058369725,244.95,10044,1,1024,263.54,0,1
1761058372119,234.48,10044,2,32,392.58,0,1
1761058374553,244.95,10044,1,32,432.6,0,1
1761058376698,234.48,10044,2,1024,142.67,1,1
1761058378931,235.11,10044,1,128,232.14,0,1
1761058381598,244.95,10044,1,512,665.46,0,1
1761058383746,234.48,10044,2,1024,145.83,1,1
1761058385889,244.95,10044,1,128,141.91,1,1
1761058388046,234.48,10044,2,1024,156.09,1,1
1761058390325,244.95,10044,1,32,277.94,0,1
1761058392649,234.48,10044,2,64,323.45,0,1
1761058394814,244.95,10044,1,1024,162.98,1,1
1761058396980,234.48,10044,2,64,164.49,1,1
1761058399492,244.95,10044,1,128,511.43,0,1
1761058401918,234.48,10044,2,512,423.86,0,1
1761058404387,244.95,10044,1,256,466.8,0,1
1761058406841,234.48,10044,2,64,453.07,0,1
1761058409408,223.3,10044,2,256,565.24,0,1
1761058411983,244.95,10044,1,512,573.78,0,1
1761058414288,234.48,10044,2,512,302.48,0,1
1761058416639,244.95,10044,1,64,349.96,0,1
1761058419306,234.48,10044,2,512,665.69,0,1
1761058421528,244.95,10044,1,64,220.46,0,1
1761058423736,234.48,10044,2,64,206.63,0,1
1761058426095,244.91,10044,1,512,358.25,0,1
1761058428236,234.48,10044,2,32,139.88,1,1
1761058430437,244.95,10044,1,128,199.55,1,1
1761058433016,234.48,10044,2,128,577.12,0,1
1761058435518,244.95,10044,1,256,500.67,0,1
1761058437781,244.95,10044,1,128,261.79,0,1
1761058439962,234.48,10044,2,128,179.92,1,1
1761058442430,244.95,10044,1,256,465.98,0,1
1761058444817,234.48,10044,2,64,385.76,0,1
1761058447440,244.95,10044,1,64,621.89,0,1
1761058449839,234.48,10044,2,1024,396.11,0,1
1761058452217,244.95,10044,1,32,376.61,0,1
1761058454460,234.48,10044,2,1024,239.59,0,1
1761058457210,244.95,10044,1,256,748.43,0,1
1761058459621,234.48,10044,2,256,409.92,0,1
1761058462056,244.95,10044,1,64,434.05,0,1
1761058464285,234.48,10044,2,32,227.43,0,1
1761058466647,233.8,10044,1,512,360.22,0,1
1761058468851,244.95,10044,1,128,202.43,0,1
1761058471284,234.48,10044,2,512,431.42,0,1
1761058473881,244.95,10044,1,256,594.91,0,1
1761058476239,234.48,10044,2,1024,356.51,0,1
1761058478660,244.95,10044,1,512,419.29,0,1
1761058481129,234.48,10044,2,64,466.87,0,1
1761058483649,244.95,10044,1,64,518.82,0,1
1761058486064,234.48,10044,2,64,413.97,0,1
1761058488479,244.95,10044,1,64,414.04,0,1
1761058491077,234.48,10044,2,1024,594.4,0,1
1761058493274,244.95,10044,1,128,196.48,1,1
1761058495514,234.48,10044,2,32,239.36,0,1
1761058497848,238.37,10044,1,128,333.07,0,1
1761058500118,244.95,10044,1,512,266.91,0,1
1761058502562,234.48,10044,2,128,443.05,0,1
1761058504817,244.95,10044,1,64,254.87,0,1
1761058507387,234.48,10044,2,32,568.57,0,1
1761058509701,244.95,10044,1,1024,311.32,0,1
1761058512349,234.48,10044,2,256,646.32,0,1
1761058514539,244.95,10044,1,32,189.04,1,1
1761058516726,234.48,10044,2,32,185.9,1,1
1761058519615,244.95,10044,1,1024,885.85,0,1
1761058522020,234.48,10044,2,512,404.39,0,1
1761058524404,244.89,10044,1,64,382.16,0,1
1761058526868,244.95,10044,1,32,463.2,0,1
1761058529341,234.48,10044,2,512,470.64,0,1
1761058531924,244.95,10044,1,128,581.52,0,1
1761058534165,234.48,10044,2,1024,238.45,0,1
1761058536388,244.95,10044,1,128,221.76,0,1
1761058538817,234.48,10044,2,512,427.73,0,1
1761058540948,244.95,10044,1,128,129.54,1,1
1761058543092,234.48,10044,2,512,142.78,1,1
1761058545346,244.95,10044,1,32,253.15,0,1
1761058547838,234.48,10044,2,256,491.36,0,1
1761058550219,244.95,10044,1,32,379.16,0,1
1761058552580,234.48,10044,2,128,359.17,0,1
1761058554778,244.95,10044,1,256,196.96,1,1
1761058557252,234.48,10044,2,1024,471.84,0,1
1761058559635,244.95,10044,1,64,381.47,0,1
1761058561810,244.91,10044,1,128,173.97,1,1
1761058564077,234.48,10044,2,256,266.38,0,1
1761058566611,244.95,10044,1,512,532.03,0,1
1761058568851,234.48,10044,2,64,239.16,0,1
1761058571105,244.95,10044,1,32,251.89,0,1
1761058573458,234.48,10044,2,256,351.84,0,1
1761058575645,244.95,10044,1,32,185.77,1,1
1761058577857,234.48,10044,2,64,210.48,0,1
1761058580218,244.95,10044,1,32,360.0,0,1
1761058582367,234.48,10044,2,128,148.26,1,1
1761058584915,244.95,10044,1,128,546.92,0,1
1761058587213,234.48,10044,2,256,297.03,0,1
1761058589506,223.3,10044,2,64,291.55,0,1
1761058592080,244.95,10044,1,1024,571.62,0,1
1761058594459,234.48,10044,2,64,377.68,0,1
1761058596926,244.95,10044,1,512,465.49,0,1
1761058599332,234.48,10044,2,512,404.89,0,1
1761058601806,244.95,10044,1,256,473.27,0,1
1761058604203,234.48,10044,2,1024,395.97,0,1
1761058606607,244.95,10044,1,256,402.34,0,1
1761058608859,234.48,10044,2,128,251.24,0,1
1761058611238,244.95,10044,1,1024,375.57,0,1
1761058613522,234.48,10044,2,64,282.8,0,1
1761058616209,226.64,10044,1,256,684.9,0,1
1761058618587,244.95,10044,1,256,377.32,0,1
1761058620879,234.48,10044,2,1024,290.53,0,1
1761058623226,244.95,10044,1,64,346.29,0,1
1761058625472,234.48,10044,2,32,244.64,0,1
1761058627875,244.95,10044,1,128,402.07,0,1
1761058630338,234.48,10044,2,1024,461.56,0,1
1761058632860,244.95,10044,1,1024,519.81,0,1
1761058635173,234.48,10044,2,1024,310.94,0,1
1761058637352,244.95,10044,1,64,177.16,1,1
1761058639867,234.48,10044,2,32,514.26,0,1
1761058642243,244.95,10044,1,64,374.16,0,1
1761058644405,234.48,10044,2,512,160.79,1,1
1761058646563,223.3,10044,2,128,156.79,1,1
1761058648998,244.95,10044,1,32,434.63,0,1
1761058651268,234.48,10044,2,128,268.77,0,1
1761058653803,244.95,10044,1,1024,532.64,0,1
1761058656038,234.48,10044,2,256,234.01,0,1
1761058658275,244.95,10044,1,32,235.42,0,1
1761058661072,234.48,10044,2,64,794.9,0,1
1761058663465,244.95,10044,1,256,391.67,0,1
1761058665887,234.48,10044,2,256,421.29,0,1
1761058668179,244.95,10044,1,128,289.91,0,1
1761058670481,234.48,10044,2,64,301.09,0,1
1761058672843,244.95,10044,1,256,361.09,0,1
1761058675158,234.48,10044,2,256,313.82,0,1
1761058677636,244.95,10044,1,32,476.26,0,1
1761058680073,244.95,10044,1,64,435.79,0,1
1761058682532,234.48,10044,2,256,457.52,0,1
1761058684999,244.95,10044,1,64,465.86,0,1
1761058687566,234.48,10044,2,1024,564.92,0,1
1761058689831,244.95,10044,1,1024,262.77,0,1
1761058692006,234.48,10044,2,128,174.01,1,1
1761058694913,244.95,10044,1,64,905.54,0,1
1761058697175,234.48,10044,2,512,260.83,0,1
1761058699403,244.95,10044,1,256,226.56,0,1
1761058701802,234.48,10044,2,1024,397.03,0,1
1761058703932,244.89,10044,1,32,128.45,1,1
1761058706093,244.95,10044,1,512,159.42,1,1
1761058708314,234.48,10044,2,256,219.21,0,1
1761058710765,244.95,10044,1,32,449.75,0,1
1761058713206,234.48,10044,2,256,440.15,0,1
1761058715753,244.95,10044,1,32,544.58,0,1
1761058718380,234.48,10044,2,64,626.27,0,1
1761058720515,244.95,10044,1,256,134.17,1,1
1761058722720,234.48,10044,2,32,203.59,0,1
1761058725231,244.95,10044,1,1024,508.68,0,1
1761058727630,234.48,10044,2,256,397.33,0,1
1761058730241,244.95,10044,1,256,609.19,0,1
1761058732532,234.48,10044,2,128,290.07,0,1
1761058734976,244.95,10044,1,1024,442.48,0,1
1761058737166,234.48,10044,2,1024,188.45,1,1
1761058739729,244.89,10044,1,32,561.12,0,1
1761058742139,244.95,10044,1,64,409.31,0,1
1761058744551,234.48,10044,2,128,410.06,0,1
1761058746927,244.95,10044,1,512,373.96,0,1
1761058749070,234.48,10044,2,1024,141.22,1,1
1761058751351,244.95,10044,1,256,279.75,0,1
1761058753767,234.48,10044,2,512,414.1,0,1
1761058756203,244.95,10044,1,1024,433.57,0,1
1761058758626,234.48,10044,2,512,421.52,0,1
1761058761088,244.95,10044,1,32,460.9,0,1
1761058763510,234.48,10044,2,128,420.18,0,1
1761058765700,244.39,10044,1,256,189.22,1,1
1761058768157,244.95,10044,1,1024,455.22,0,1
1761058770604,234.48,10044,2,128,444.73,0,1
1761058773113,244.95,10044,1,32,507.59,0,1
1761058775519,234.48,10044,2,512,403.33,0,1
1761058777970,244.95,10044,1,1024,449.94,0,1
1761058780405,234.48,10044,2,64,434.58,0,1
1761058782880,244.95,10044,1,512,474.38,0,1
1761058785386,234.48,10044,2,512,504.97,0,1
1761058787724,244.95,10044,1,256,336.22,0,1
1761058789946,234.48,10044,2,32,221.47,0,1
1761058792527,223.3,10044,2,128,579.5,0,1
1761058794862,244.95,10044,1,64,333.1,0,1
1761058797399,234.48,10044,2,1024,534.5,0,1
1761058799763,244.95,10044,1,128,362.79,0,1
1761058802319,234.48,10044,2,256,554.35,0,1
1761058804649,244.95,10044,1,128,329.09,0,1
1761058806787,234.48,10044,2,256,136.91,1,1
1761058809091,244.95,10044,1,128,303.25,0,1
1761058811462,234.48,10044,2,128,369.58,0,1
1761058813840,244.95,10044,1,128,376.93,0,1
1761058816310,234.48,10044,2,32,467.12,0,1
1761058818736,244.95,10044,1,128,424.61,0,1
1761058820949,234.48,10044,2,128,211.19,0,1
1761058823413,244.95,10044,1,128,462.83,0,1
1761058826269,234.48,10044,2,512,854.17,0,1
1761058828796,244.93,10044,1,128,526.14,0,1
1761058831268,234.48,10044,2,64,469.77,0,1
1761058833532,233.8,10044,1,512,262.1,0,1
1761058836117,244.95,10044,1,64,584.3,0,1
1761058838398,234.48,10044,2,1024,278.51,0,1
1761058840649,244.95,10044,1,256,250.34,0,1
1761058843042,234.48,10044,2,128,390.9,0,1
1761058845496,244.95,10044,1,256,453.16,0,1
1761058847955,234.48,10044,2,32,457.53,0,1
1761058850420,244.95,10044,1,512,462.64,0,1
1761058853068,234.48,10044,2,128,646.49,0,1
1761058855478,244.91,10044,1,64,408.56,0,1
1761058857789,234.48,10044,2,512,310.02,0,1
1761058860223,223.45,10044,2,128,432.88,0,1
1761058862381,244.95,10044,1,64,156.96,1,1
1761058864604,234.48,10044,2,1024,221.74,0,1
1761058867036,244.95,10044,1,64,431.25,0,1
1761058869409,234.48,10044,2,1024,371.69,0,1
1761058871630,244.95,10044,1,1024,217.5,0,1
1761058874223,234.48,10044,2,512,590.98,0,1
1761058876674,244.95,10044,1,256,450.31,0,1
1761058878919,234.48,10044,2,128,242.93,0,1
1761058881516,244.95,10044,1,32,596.52,0,1
1761058883946,234.48,10044,2,128,429.82,0,1
1761058886514,244.95,10044,1,64,567.13,0,1
1761058888788,234.48,10044,2,512,272.57,0,1
1761058891402,244.89,10044,1,256,612.52,0,1
1761058893867,244.91,10044,1,64,463.69,0,1
1761058896156,234.48,10044,2,256,287.06,0,1
1761058898762,244.95,10044,1,512,604.22,0,1
1761058901201,234.48,10044,2,32,437.9,0,1
1761058903555,244.95,10044,1,64,353.21,0,1
1761058906009,234.48,10044,2,512,452.38,0,1
1761058908397,244.95,10044,1,64,387.5,0,1
1761058910617,234.48,10044,2,64,218.47,0,1
1761058913090,244.95,10044,1,512,472.1,0,1
1761058915653,234.48,10044,2,128,561.95,0,1
1761058917981,244.95,10044,1,256,326.36,0,1
1761058920424,234.48,10044,2,128,442.57,0,1
1761058922887,244.93,10044,1,32,461.91,0,1
1761058925376,244.95,10044,1,32,488.04,0,1
1761058927796,234.48,10044,2,1024,419.05,0,1
1761058930346,244.95,10044,1,128,547.59,0,1
1761058932659,234.48,10044,2,512,310.5,0,1
1761058934828,244.95,10044,1,256,166.73,1,1
1761058937497,234.48,10044,2,256,668.1,0,1
1761058939836,244.95,10044,1,32,335.88,0,1
1761058942765,234.48,10044,2,1024,926.98,0,1
1761058944983,244.95,10044,1,256,216.17,0,1
1761058947479,234.48,10044,2,256,494.58,0,1
1761058949840,244.95,10044,1,32,359.8,0,1
1761058952210,234.48,10044,2,64,368.71,0,1
1761058954520,244.95,10044,1,512,307.86,0,1
1761058957015,234.48,10044,2,32,493.75,0,1
1761058959366,244.9,10044,1,32,349.7,0,1
1761058961610,244.95,10044,1,128,241.55,0,1
1761058964052,234.48,10044,2,512,439.5,0,1
1761058966437,244.95,10044,1,512,383.39,0,1
1761058968579,234.48,10044,2,1024,140.38,1,1
1761058970908,244.95,10044,1,256,326.38,0,1
1761058973219,234.48,10044,2,32,309.64,0,1
1761058975695,244.95,10044,1,64,475.36,0,1
1761058978099,234.48,10044,2,512,402.27,0,1
1761058980351,244.95,10044,1,32,250.69,0,1
1761058982954,234.48,10044,2,512,600.3,0,1
1761058985311,244.95,10044,1,64,355.54,0,1
1761058987723,234.48,10044,2,1024,407.66,0,1
1761058989913,233.8,10044,1,512,188.34,1,1
1761058992249,244.95,10044,1,512,334.48,0,1
1761058994714,234.48,10044,2,128,462.68,0,1
1761058997246,244.95,10044,1,1024,528.23,0,1
1761058999744,234.48,10044,2,512,495.9,0,1
1761059002077,244.95,10044,1,512,332.15,0,1
1761059004674,234.48,10044,2,128,595.93,0,1
1761059006965,244.95,10044,1,32,289.65,0,1
1761059009162,234.48,10044,2,64,196.47,1,1
1761059011690,244.95,10044,1,512,525.43,0,1
1761059014165,244.95,10044,1,64,472.86,0,1
1761059016619,234.48,10044,2,32,452.01,0,1
1761059019055,244.95,10044,1,64,434.25,0,1
1761059021469,234.48,10044,2,64,412.33,0,1
1761059023865,244.95,10044,1,512,393.55,0,1
1761059026160,234.48,10044,2,256,291.02,0,1
1761059028470,244.95,10044,1,1024,307.05,0,1
1761059031002,234.48,10044,2,512,530.51,0,1
1761059033365,244.95,10044,1,512,361.4,0,1
1761059035530,234.48,10044,2,128,163.45,1,1
1761059038108,244.95,10044,1,256,575.57,0,1
1761059040468,234.48,10044,2,32,357.59,0,1
1761059043071,244.95,10044,1,128,602.06,0,1
1761059045440,244.95,10044,1,64,368.45,0,1
1761059047943,234.48,10044,2,128,501.51,0,1
1761059050245,244.95,10044,1,256,299.54,0,1
1761059052574,234.48,10044,2,1024,326.11,0,1
1761059054853,244.95,10044,1,1024,277.11,0,1
1761059057036,234.48,10044,2,1024,180.08,1,1
1761059059493,244.91,10044,1,1024,454.8,0,1
1761059061920,234.48,10044,2,256,425.77,0,1
1761059064592,244.95,10044,1,64,669.28,0,1
1761059066845,234.48,10044,2,32,251.34,0,1
1761059069285,244.95,10044,1,32,438.67,0,1
1761059071508,234.48,10044,2,1024,220.86,0,1
1761059073873,226.41,10044,2,1024,363.85,0,1
1761059076103,244.95,10044,1,512,228.52,0,1
1761059078668,234.48,10044,2,32,563.71,0,1
1761059080936,244.95,10044,1,64,266.09,0,1
1761059083144,234.48,10044,2,512,205.5,0,1
1761059085649,244.95,10044,1,32,504.22,0,1
1761059088081,234.48,10044,2,128,429.36,0,1
1761059090705,244.95,10044,1,32,620.89,0,1
1761059092990,234.48,10044,2,1024,284.14,0,1
1761059095503,244.95,10044,1,1024,509.92,0,1
1761059097942,234.48,10044,2,512,436.82,0,1
1761059100324,244.95,10044,1,512,380.03,0,1
1761059102880,234.48,10044,2,512,554.37,0,1
1761059105359,244.39,10044,1,256,477.0,0,1
1761059107763,244.95,10044,1,256,403.23,0,1
1761059110239,234.48,10044,2,32,474.4,0,1
1761059112629,244.95,10044,1,32,388.46,0,1
1761059115140,234.48,10044,2,64,508.96,0,1
1761059117603,244.95,10044,1,128,462.16,0,1
1761059119921,234.48,10044,2,256,316.22,0,1
1761059122207,244.95,10044,1,128,284.09,0,1
1761059124590,234.48,10044,2,512,381.25,0,1
1761059127128,244.95,10044,1,64,535.05,0,1
1761059129483,234.48,10044,2,32,353.53,0,1
1761059131942,244.95,10044,1,128,457.73,0,1
1761059134483,234.48,10044,2,32,540.18,0,1
1761059136950,244.95,10044,1,128,465.55,0,1
1761059139310,234.48,10044,2,128,359.19,0,1
1761059141831,244.95,10044,1,256,518.95,0,1
1761059144224,244.91,10044,1,128,390.98,0,1
1761059146693,234.48,10044,2,512,466.9,0,1
1761059149125,244.95,10044,1,1024,429.36,0,1
1761059151591,234.48,10044,2,512,464.7,0,1
1761059153996,244.95,10044,1,256,404.4,0,1
1761059156343,234.48,10044,2,32,344.8,0,1
1761059158618,244.95,10044,1,256,274.29,0,1
1761059160870,234.48,10044,2,64,250.38,0,1
1761059163302,244.95,10044,1,64,430.21,0,1
1761059165803,234.48,10044,2,512,498.68,0,1
1761059168115,244.95,10044,1,64,310.24,0,1
1761059170351,234.48,10044,2,64,234.54,0,1
1761059172970,244.76,10044,1,256,616.31,0,1
1761059175181,244.95,10044,1,32,209.05,0,1
1761059177503,234.48,10044,2,32,320.39,0,1
1761059180061,244.95,10044,1,32,557.02,0,1
1761059182581,234.48,10044,2,64,518.97,0,1
1761059184741,244.95,10044,1,32,159.58,1,1
1761059187175,234.48,10044,2,256,431.93,0,1
1761059189376,244.95,10044,1,256,200.11,0,1
1761059191924,234.48,10044,2,1024,545.06,0,1
1761059194282,244.95,10044,1,512,356.34,0,1
1761059196697,234.48,10044,2,64,413.41,0,1
1761059198959,224.89,10044,2,32,261.31,0,1
1761059201259,244.95,10044,1,128,298.88,0,1
1761059203898,234.48,10044,2,512,637.97,0,1
1761059206232,244.95,10044,1,128,332.94,0,1
1761059208640,234.48,10044,2,32,407.57,0,1
1761059210936,244.95,10044,1,128,295.13,0,1
1761059213217,234.48,10044,2,32,279.43,0,1
1761059215714,244.95,10044,1,256,495.13,0,1
1761059217890,234.48,10044,2,1024,175.42,1,1
1761059220275,244.95,10044,1,512,383.4,0,1
1761059222480,234.48,10044,2,128,203.96,0,1
1761059224737,244.95,10044,1,128,255.46,0,1
1761059227255,234.48,10044,2,128,517.08,0,1
1761059229522,233.8,10044,1,512,265.96,0,1
1761059231716,244.95,10044,1,128,193.18,1,1
1761059234353,234.48,10044,2,128,634.73,0,1
1761059236603,244.95,10044,1,256,247.54,0,1
1761059239219,234.48,10044,2,32,615.55,0,1
1761059241463,244.95,10044,1,32,242.16,0,1
1761059243636,234.48,10044,2,512,171.73,1,1
1761059245834,244.95,10044,1,32,195.88,1,1
1761059248262,234.48,10044,2,1024,425.87,0,1
1761059250420,244.95,10044,1,64,156.85,1,1
1761059252836,234.48,10044,2,512,414.32,0,1
1761059255271,243.29,10044,1,128,433.16,0,1
1761059257569,244.95,10044,1,64,295.93,0,1
1761059259920,234.48,10044,2,32,349.38,0,1
1761059262164,244.95,10044,1,512,241.63,0,1
1761059264554,234.48,10044,2,64,388.4,0,1
1761059267057,244.95,10044,1,128,500.67,0,1
1761059269418,234.48,10044,2,128,358.45,0,1
1761059271588,244.95,10044,1,32,169.04,1,1
1761059273954,234.48,10044,2,1024,363.33,0,1
1761059276212,244.95,10044,1,1024,255.06,0,1
1761059278442,234.48,10044,2,32,228.41,0,1
1761059280902,244.95,10044,1,1024,457.43,0,1
1761059283242,234.48,10044,2,1024,337.39,0,1
1761059285441,244.89,10044,1,1024,196.29,1,1
1761059287898,244.95,10044,1,256,455.42,0,1
1761059290298,234.48,10044,2,1024,397.14,0,1
1761059292602,244.95,10044,1,128,302.53,0,1
1761059294887,234.48,10044,2,128,282.35,0,1
1761059297080,244.95,10044,1,512,191.84,1,1
1761059299532,234.48,10044,2,256,449.78,0,1
1761059301674,244.95,10044,1,256,140.69,1,1
1761059304148,234.48,10044,2,32,472.09,0,1
1761059306598,244.95,10044,1,64,448.91,0,1
1761059308815,234.48,10044,2,64,215.85,0,1
1761059311194,244.95,10044,1,64,377.19,0,1
1761059313314,234.48,10044,2,32,118.82,1,1
1761059315494,244.95,10044,1,128,176.7,1,1
1761059318112,234.48,10044,2,32,616.37,0,1
1761059320542,244.95,10044,1,256,429.17,0,1
1761059322872,244.95,10044,1,128,328.41,0,1
1761059325172,234.48,10044,2,512,298.26,0,1
1761059327476,244.95,10044,1,128,303.35,0,1
1761059329913,234.48,10044,2,128,436.09,0,1
1761059332265,244.95,10044,1,256,350.13,0,1
1761059334700,234.48,10044,2,32,434.03,0,1
1761059337049,244.95,10044,1,128,347.91,0,1
1761059339453,234.48,10044,2,64,403.32,0,1
1761059341863,244.95,10044,1,512,407.57,0,1
1761059344031,234.48,10044,2,256,166.09,1,1
1761059346236,244.95,10044,1,512,204.04,0,1
1761059348731,234.48,10044,2,128,494.22,0,1
1761059351132,244.95,10044,1,512,398.56,0,1
1761059353614,234.48,10044,2,256,479.96,0,1
1761059356032,244.91,10044,1,512,416.42,0,1
1761059358245,234.48,10044,2,128,211.73,0,1
1761059360655,244.95,10044,1,512,407.8,0,1
1761059363282,234.48,10044,2,1024,625.4,0,1
1761059365565,244.95,10044,1,64,281.48,0,1
1761059368017,234.48,10044,2,64,450.59,0,1
1761059370667,244.95,10044,1,256,648.59,0,1
1761059372887,234.48,10044,2,1024,217.91,0,1
1761059375026,244.95,10044,1,1024,136.83,1,1
1761059377202,234.48,10044,2,128,174.59,1,1
1761059379671,235.39,10044,1,512,467.66,0,1
1761059382194,244.95,10044,1,64,521.52,0,1
1761059384544,234.48,10044,2,32,349.05,0,1
1761059386759,244.95,10044,1,512,212.45,0,1
1761059389154,234.48,10044,2,512,393.66,0,1
1761059391389,244.95,10044,1,32,232.93,0,1
1761059393762,234.48,10044,2,512,371.02,0,1
1761059395995,244.95,10044,1,64,232.19,0,1
1761059398488,234.48,10044,2,128,491.35,0,1
1761059400978,240.16,10044,1,128,488.19,0,1
1761059403291,229.71,10044,2,1024,312.02,0,1
1761059405460,240.16,10044,1,32,167.58,1,1
1761059407567,229.71,10044,2,128,105.28,1,1
1761059409743,218.51,10044,2,1024,172.73,1,1
1761059411915,240.16,10044,1,128,171.56,1,1
1761059414783,229.71,10044,2,32,866.26,0,1
1761059417137,240.16,10044,1,256,352.8,0,1
1761059419840,229.71,10044,2,256,701.23,0,1
1761059422026,240.16,10044,1,256,185.29,1,1
1761059424559,229.71,10044,2,1024,530.54,0,1
1761059426989,240.16,10044,1,512,427.22,0,1
1761059429381,229.71,10044,2,512,391.26,0,1
1761059431895,240.16,10044,1,512,512.48,0,1
1761059434303,229.77,10044,1,512,405.68,0,1
1761059436770,229.71,10044,2,128,466.27,0,1
1761059439168,240.16,10044,1,64,396.79,0,1
1761059441401,229.71,10044,2,64,233.01,0,1
1761059443781,240.16,10044,1,1024,377.29,0,1
1761059445971,229.52,10044,2,256,188.34,1,1
1761059448315,240.16,10044,1,512,342.7,0,1
1761059450605,229.71,10044,2,256,287.78,0,1
1761059453094,240.16,10044,1,64,486.76,0,1
1761059455922,229.71,10044,2,64,827.04,0,1
1761059458246,230.61,10044,1,256,321.49,0,1
1761059460387,240.16,10044,1,128,139.02,1,1
1761059462515,229.71,10044,2,128,127.0,1,1
1761059464686,240.16,10044,1,64,168.79,1,1
1761059466840,229.71,10044,2,64,152.72,1,1
1761059469133,240.16,10044,1,512,292.14,0,1
1761059471509,229.71,10044,2,512,373.6,0,1
1761059473993,240.16,10044,1,512,482.41,0,1
1761059476364,229.71,10044,2,512,369.35,0,1
1761059478490,240.12,10044,1,512,124.98,1,1
1761059480657,229.71,10044,2,256,165.5,1,1
1761059482845,240.16,10044,1,1024,185.81,1,1
1761059485412,229.71,10044,2,1024,566.52,0,1
1761059487709,240.16,10044,1,128,295.55,0,1
1761059489964,240.16,10044,1,32,252.79,0,1
1761059492296,229.71,10044,2,32,330.79,0,1
1761059494464,240.16,10044,1,1024,167.08,1,1
1761059496665,229.71,10044,2,128,199.57,1,1
1761059499213,240.16,10044,1,32,546.44,0,1
1761059502351,229.71,10044,2,128,1137.05,0,1
1761059504936,240.16,10044,1,128,584.69,0,1
1761059507362,229.71,10044,2,32,424.46,0,1
1761059509578,240.16,10044,1,512,214.87,0,1
1761059512164,229.71,10044,2,32,585.25,0,1
1761059514406,240.16,10044,1,64,239.91,0,1
1761059516650,229.71,10044,2,128,242.36,0,1
1761059519015,240.16,10044,1,512,363.99,0,1
1761059521241,229.71,10044,2,32,224.3,0,1
1761059523615,229.01,10044,1,64,373.23,0,1
1761059525801,240.16,10044,1,128,184.86,1,1
1761059528123,229.71,10044,2,128,320.48,0,1
1761059530445,240.16,10044,1,64,321.66,0,1
1761059533031,229.71,10044,2,128,584.53,0,1
1761059535336,240.16,10044,1,128,304.13,0,1
1761059537711,229.71,10044,2,128,373.23,0,1
1761059540066,240.16,10044,1,256,350.99,0,1
1761059542432,229.71,10044,2,64,365.13,0,1
1761059544867,240.16,10044,1,1024,431.75,0,1
1761059547392,240.16,10044,1,1024,522.65,0,1
1761059549721,229.71,10044,2,512,325.68,0,1
1761059552004,240.16,10044,1,32,281.07,0,1
1761059554313,229.71,10044,2,512,307.05,0,1
1761059556513,240.16,10044,1,64,198.85,1,1
1761059558926,229.71,10044,2,1024,409.46,0,1
1761059561079,240.16,10044,1,32,151.03,1,1
1761059563290,229.71,10044,2,1024,208.81,0,1
1761059566058,240.16,10044,1,512,766.44,0,1
1761059568494,229.71,10044,2,128,434.71,0,1
1761059570955,240.16,10044,1,32,458.05,0,1
1761059573228,229.71,10044,2,32,272.84,0,1
1761059575784,240.16,10044,1,512,553.72,0,1
1761059578106,229.71,10044,2,64,320.39,0,1
1761059580475,229.02,10044,1,512,367.55,0,1
1761059583136,240.16,10044,1,128,659.21,0,1
1761059585584,229.71,10044,2,1024,444.46,0,1
1761059587908,240.16,10044,1,32,322.95,0,1
1761059590489,229.71,10044,2,128,580.5,0,1
1761059592724,240.16,10044,1,128,233.94,0,1
1761059595413,229.71,10044,2,1024,685.79,0,1
1761059597660,240.16,10044,1,512,245.28,0,1
1761059600072,229.71,10044,2,1024,409.55,0,1
1761059602296,240.16,10044,1,128,222.92,0,1
1761059604741,229.71,10044,2,128,443.81,0,1
1761059607347,240.16,10044,1,512,603.71,0,1
1761059609563,229.71,10044,2,128,214.81,0,1
1761059611774,240.16,10044,1,512,209.2,0,1
1761059614211,229.71,10044,2,1024,436.36,0,1
1761059616344,240.16,10044,1,512,131.88,1,1
1761059618502,229.71,10044,2,64,156.19,1,1
1761059620883,221.85,10044,1,1024,379.0,0,1
1761059623131,240.12,10044,1,512,246.38,0,1
1761059625587,229.71,10044,2,256,455.2,0,1
1761059628126,240.16,10044,1,64,537.42,0,1
1761059630501,229.71,10044,2,512,372.63,0,1
1761059632981,240.16,10044,1,128,478.89,0,1
1761059635411,229.71,10044,2,32,426.94,0,1
1761059637949,240.16,10044,1,1024,535.22,0,1
1761059640389,229.71,10044,2,256,438.87,0,1
1761059642894,240.16,10044,1,256,503.54,0,1
1761059645274,229.71,10044,2,256,378.14,0,1
1761059647888,240.16,10044,1,64,612.91,0,1
1761059650248,229.71,10044,2,512,358.17,0,1
1761059652633,240.16,10044,1,512,383.21,0,1
1761059655104,229.71,10044,2,128,468.76,0,1
1761059657463,240.12,10044,1,256,357.69,0,1
1761059659666,240.16,10044,1,256,201.91,0,1
1761059662125,229.71,10044,2,32,458.46,0,1
1761059664528,240.16,10044,1,512,400.94,0,1
1761059666763,229.71,10044,2,1024,233.12,0,1
1761059669307,240.16,10044,1,64,542.52,0,1
1761059671629,229.71,10044,2,32,320.45,0,1
1761059674073,240.16,10044,1,32,442.76,0,1
1761059676402,229.71,10044,2,32,328.28,0,1
1761059678687,240.16,10044,1,128,284.3,0,1
1761059680809,229.71,10044,2,64,121.02,1,1
1761059683075,240.16,10044,1,512,265.09,0,1
1761059685548,229.71,10044,2,1024,470.93,0,1
1761059688052,240.16,10044,1,128,503.36,0,1
1761059690688,229.71,10044,2,256,634.96,0,1
1761059693330,240.12,10044,1,512,639.21,0,1
1761059695526,240.16,10044,1,1024,193.17,1,1
1761059697715,229.71,10044,2,256,188.49,1,1
1761059700234,240.16,10044,1,512,517.75,0,1
1761059702591,229.71,10044,2,64,355.71,0,1
1761059704784,240.16,10044,1,512,191.33,1,1
1761059707187,229.71,10044,2,1024,400.45,0,1
1761059709356,240.16,10044,1,1024,167.19,1,1
1761059711711,229.71,10044,2,1024,352.75,0,1
1761059713965,240.16,10044,1,256,252.55,0,1
1761059716172,240.16,10044,1,32,204.49,0,1
1761059718548,229.71,10044,2,512,374.71,0,1
1761059720855,240.16,10044,1,512,305.04,0,1
1761059723252,229.71,10044,2,32,394.7,0,1
1761059725716,240.16,10044,1,1024,462.02,0,1
1761059728194,229.71,10044,2,256,476.61,0,1
1761059730645,240.16,10044,1,512,449.76,0,1
1761059733151,229.71,10044,2,128,504.31,0,1
1761059735555,240.16,10044,1,32,403.12,0,1
1761059737964,229.71,10044,2,1024,405.91,0,1
1761059740419,240.16,10044,1,128,453.92,0,1
1761059743096,240.16,10044,1,256,674.43,0,1
1761059745350,229.71,10044,2,256,252.51,0,1
1761059747764,240.16,10044,1,1024,412.42,0,1
1761059750283,229.71,10044,2,512,518.01,0,1
1761059752651,240.16,10044,1,128,366.8,0,1
1761059755106,229.71,10044,2,128,452.94,0,1
1761059757610,240.16,10044,1,32,502.47,0,1
1761059760027,229.71,10044,2,256,416.3,0,1
1761059762851,240.12,10044,1,512,823.11,0,1
1761059765539,229.71,10044,2,1024,686.05,0,1
1761059767908,233.8,10044,1,128,368.15,0,1
1761059770261,240.16,10044,1,1024,349.08,0,1
1761059773020,229.71,10044,2,512,754.45,0,1
1761059775420,240.16,10044,1,256,398.1,0,1
1761059777898,229.71,10044,2,512,476.99,0,1
1761059780478,240.16,10044,1,512,578.68,0,1
1761059783484,229.71,10044,2,256,1003.47,0,1
1761059786013,240.16,10044,1,256,527.46,0,1
1761059788374,229.71,10044,2,512,360.22,0,1
1761059790835,240.16,10044,1,256,459.12,0,1
1761059793265,229.71,10044,2,64,429.5,0,1
1761059795741,240.16,10044,1,256,474.13,0,1
1761059798222,229.71,10044,2,256,479.13,0,1
1761059800651,240.16,10044,1,128,428.73,0,1
1761059803051,240.16,10044,1,128,398.65,0,1
1761059805519,229.71,10044,2,1024,466.0,0,1
1761059808109,240.16,10044,1,128,588.83,0,1
1761059810462,229.71,10044,2,1024,350.55,0,1
1761059813150,240.16,10044,1,32,686.67,0,1
1761059815686,229.71,10044,2,512,535.22,0,1
1761059818205,240.16,10044,1,128,518.96,0,1
1761059820773,229.71,10044,2,256,566.16,0,1
1761059823059,240.16,10044,1,512,284.18,0,1
1761059825505,229.71,10044,2,128,445.11,0,1
1761059827916,240.16,10044,1,64,409.1,0,1
1761059830736,229.71,10044,2,1024,818.46,0,1
1761059833182,240.16,10044,1,256,444.15,0,1
1761059835552,229.71,10044,2,128,368.91,0,1
1761059837783,240.16,10044,1,128,229.73,0,1
1761059840299,240.16,10044,1,512,513.92,0,1
1761059842761,229.71,10044,2,32,461.27,0,1
1761059845153,240.16,10044,1,256,390.04,0,1
1761059847532,229.71,10044,2,128,377.89,0,1
1761059849704,240.16,10044,1,32,169.99,1,1
1761059852161,229.71,10044,2,512,455.64,0,1
1761059854826,240.16,10044,1,64,664.4,0,1
1761059857073,229.71,10044,2,64,244.83,0,1
1761059859721,240.16,10044,1,32,645.98,0,1
1761059862337,229.71,10044,2,128,615.21,0,1
1761059864935,240.16,10044,1,512,595.94,0,1
1761059867251,240.16,10044,1,256,314.47,0,1
1761059869761,229.71,10044,2,64,509.19,0,1
1761059872229,240.16,10044,1,64,466.09,0,1
1761059874550,229.71,10044,2,64,318.93,0,1
1761059876992,240.16,10044,1,128,440.52,0,1
1761059879410,229.71,10044,2,128,417.16,0,1
1761059881940,240.16,10044,1,512,528.45,0,1
1761059884417,229.71,10044,2,256,475.77,0,1
1761059886958,240.16,10044,1,64,539.69,0,1
1761059889249,229.71,10044,2,32,289.84,0,1
1761059891419,220.11,10044,1,32,168.37,1,1
1761059893569,240.16,10044,1,32,148.28,1,1
1761059896404,229.71,10044,2,64,833.79,0,1
1761059898849,240.16,10044,1,32,443.85,0,1
1761059901223,229.71,10044,2,32,370.25,0,1
1761059903415,240.16,10044,1,1024,190.42,1,1
1761059905925,229.71,10044,2,512,508.92,0,1
1761059908388,240.16,10044,1,512,461.91,0,1
1761059910882,229.71,10044,2,512,492.37,0,1
1761059913251,240.16,10044,1,64,368.37,0,1
1761059915716,229.71,10044,2,512,463.69,0,1
1761059918273,240.16,10044,1,32,555.41,0,1
1761059920612,240.16,10044,1,64,338.31,0,1
1761059923276,229.71,10044,2,512,661.92,0,1
1761059925892,240.16,10044,1,32,615.36,0,1
1761059928267,229.71,10044,2,128,374.12,0,1
1761059930547,240.16,10044,1,1024,279.06,0,1
1761059933106,229.71,10044,2,32,558.0,0,1
1761059935322,240.16,10044,1,128,214.69,0,1
1761059937499,229.71,10044,2,512,173.9,1,1
1761059940096,240.16,10044,1,256,594.59,0,1
1761059942412,229.73,10044,1,512,314.18,0,1
1761059944947,229.71,10044,2,1024,533.37,0,1
1761059947395,240.16,10044,1,1024,445.39,0,1
1761059949882,229.71,10044,2,32,485.79,0,1
1761059952304,240.16,10044,1,512,419.98,0,1
1761059954760,229.71,10044,2,128,455.38,0,1
1761059957188,240.16,10044,1,512,425.11,0,1
1761059959673,229.71,10044,2,1024,482.94,0,1
1761059962056,240.16,10044,1,256,381.51,0,1
1761059964620,229.71,10044,2,256,561.81,0,1
1761059967132,240.16,10044,1,64,510.46,0,1
1761059969602,229.71,10044,2,256,467.94,0,1
1761059971888,240.16,10044,1,128,284.41,0,1
1761059974526,229.71,10044,2,64,637.15,0,1
1761059976927,240.12,10044,1,64,399.17,0,1
1761059979227,240.16,10044,1,64,300.14,0,1
1761059981669,229.71,10044,2,128,440.89,0,1
1761059983911,240.16,10044,1,32,240.35,0,1
1761059986259,229.71,10044,2,256,347.27,0,1
1761059988438,240.16,10044,1,32,178.23,1,1
1761059990568,229.71,10044,2,128,128.28,1,1
1761059992960,240.16,10044,1,64,391.01,0,1
1761059995195,229.71,10044,2,1024,231.3,0,1
1761059997403,240.16,10044,1,1024,205.67,0,1
1761059999844,229.71,10044,2,32,440.25,0,1
1761060002378,221.64,10044,1,512,532.75,0,1
1761060004745,240.16,10044,1,32,365.19,0,1
1761060007499,229.71,10044,2,256,752.42,0,1
1761060009980,240.16,10044,1,256,479.17,0,1
1761060012787,229.71,10044,2,1024,804.25,0,1
1761060015276,240.16,10044,1,64,487.27,0,1
1761060017724,229.71,10044,2,256,447.34,0,1
1761060020092,240.16,10044,1,256,366.68,0,1
1761060022669,229.71,10044,2,32,576.11,0,1
1761060024979,240.16,10044,1,64,307.74,0,1
1761060027449,229.71,10044,2,128,468.55,0,1
1761060029900,218.65,10044,2,512,448.94,0,1
1761060032302,240.16,10044,1,64,401.57,0,1
1761060034461,229.71,10044,2,128,157.95,1,1
1761060036885,240.16,10044,1,512,422.18,0,1
1761060039132,229.71,10044,2,32,246.19,0,1
1761060041540,240.16,10044,1,1024,403.69,0,1
1761060043683,229.71,10044,2,64,142.17,1,1
1761060045949,240.16,10044,1,256,264.87,0,1
1761060048340,229.71,10044,2,128,390.61,0,1
1761060050816,240.16,10044,1,32,474.07,0,1
1761060053341,229.71,10044,2,256,523.73,0,1
1761060055856,240.16,10044,1,32,514.5,0,1
1761060058314,229.71,10044,2,1024,456.29,0,1
1761060060668,240.16,10044,1,256,352.63,0,1
1761060063032,240.16,10044,1,1024,362.67,0,1
1761060065183,229.71,10044,2,128,149.96,1,1
1761060067411,240.16,10044,1,1024,227.1,0,1
1761060069799,229.71,10044,2,128,386.78,0,1
1761060072203,240.16,10044,1,128,403.06,0,1
1761060074496,229.71,10044,2,64,290.63,0,1
1761060076806,240.16,10044,1,256,309.03,0,1
1761060078927,229.71,10044,2,32,119.79,1,1
1761060081248,240.16,10044,1,64,319.84,0,1
1761060083640,229.71,10044,2,64,390.41,0,1
1761060086230,240.16,10044,1,512,588.42,0,1
1761060088654,229.71,10044,2,64,422.56,0,1
1761060091004,240.16,10044,1,32,349.28,0,1
1761060093511,229.71,10044,2,128,505.1,0,1
1761060096135,240.16,10044,1,64,622.25,0,1
1761060098292,240.16,10044,1,64,153.41,1,1
1761060100498,229.71,10044,2,1024,205.63,0,1
1761060102953,240.16,10044,1,64,452.3,0,1
1761060105531,229.71,10044,2,32,577.22,0,1
1761060107992,240.16,10044,1,64,459.24,0,1
1761060110294,229.71,10044,2,64,301.85,0,1
1761060112584,240.16,10044,1,128,288.71,0,1
1761060114950,229.71,10044,2,64,363.84,0,1
1761060117397,240.16,10044,1,512,445.32,0,1
1761060119814,229.71,10044,2,512,415.07,0,1
1761060122044,240.16,10044,1,32,228.88,0,1
1761060124481,229.71,10044,2,1024,434.44,0,1
1761060127306,240.16,10044,1,32,823.94,0,1
1761060129755,229.71,10044,2,32,448.43,0,1
1761060132543,220.11,10044,2,256,786.69,0,1
1761060134980,240.16,10044,1,1024,435.67,0,1
1761060137321,229.71,10044,2,64,340.26,0,1
1761060139527,240.16,10044,1,32,204.96,0,1
1761060141866,229.71,10044,2,64,337.5,0,1
1761060144279,240.16,10044,1,512,412.08,0,1
1761060146652,229.71,10044,2,128,371.17,0,1
1761060148959,240.16,10044,1,64,306.07,0,1
1761060151206,229.71,10044,2,32,244.55,0,1
1761060153607,240.16,10044,1,128,399.23,0,1
1761060156459,229.71,10044,2,512,849.86,0,1
1761060158801,240.16,10044,1,256,341.09,0,1
1761060160928,229.71,10044,2,128,126.31,1,1
1761060163260,240.16,10044,1,512,330.01,0,1
1761060165704,229.71,10044,2,256,442.27,0,1
1761060168054,220.11,10044,2,1024,348.77,0,1
1761060170476,240.16,10044,1,32,419.78,0,1
1761060172607,229.71,10044,2,512,129.92,1,1
1761060175064,240.16,10044,1,1024,454.44,0,1
1761060177261,229.71,10044,2,64,195.8,1,1
1761060179745,240.16,10044,1,64,482.93,0,1
1761060182152,229.71,10044,2,1024,404.95,0,1
1761060184323,240.16,10044,1,1024,168.02,1,1
1761060186833,229.71,10044,2,32,508.64,0,1
1761060189307,240.16,10044,1,512,472.51,0,1
1761060191726,229.71,10044,2,1024,417.17,0,1
1761060194303,240.16,10044,1,1024,574.6,0,1
1761060196551,229.71,10044,2,64,245.62,0,1
1761060198781,240.16,10044,1,512,228.06,0,1
1761060201340,240.16,10044,1,128,557.04,0,1
1761060203689,229.71,10044,2,1024,347.17,0,1
1761060206245,240.16,10044,1,32,555.63,0,1
1761060208502,229.71,10044,2,256,254.92,0,1
1761060210914,240.16,10044,1,1024,410.29,0,1
1761060213257,229.71,10044,2,512,340.52,0,1
1761060215975,240.16,10044,1,64,716.47,0,1
1761060218456,229.71,10044,2,512,479.4,0,1
1761060220839,240.16,10044,1,1024,380.44,0,1
1761060223311,229.71,10044,2,32,471.62,0,1
1761060225811,240.16,10044,1,256,497.84,0,1
1761060228644,240.16,10044,1,256,831.85,0,1
1761060230947,229.71,10044,2,128,301.19,0,1
1761060233339,240.16,10044,1,64,391.56,0,1
1761060235635,229.71,10044,2,512,294.28,0,1
1761060238400,240.16,10044,1,256,763.68,0,1
1761060240871,229.71,10044,2,512,468.18,0,1
1761060243229,240.16,10044,1,32,356.84,0,1
1761060245632,229.71,10044,2,32,401.69,0,1
1761060247995,240.16,10044,1,128,362.52,0,1
1761060250291,229.71,10044,2,32,294.19,0,1
1761060252506,240.16,10044,1,256,213.36,0,1
1761060255065,229.71,10044,2,32,557.75,0,1
1761060257518,240.16,10044,1,64,452.27,0,1
1761060259940,229.71,10044,2,128,420.19,0,1
1761060262306,218.65,10044,2,256,364.08,0,1
1761060264820,240.16,10044,1,128,512.89,0,1
1761060267153,229.71,10044,2,64,331.69,0,1
1761060269426,240.16,10044,1,512,272.09,0,1
1761060271938,229.71,10044,2,512,509.92,0,1
1761060274490,240.16,10044,1,1024,549.37,0,1
1761060276789,229.71,10044,2,512,297.82,0,1
1761060279277,240.16,10044,1,32,486.6,0,1
1761060281940,229.71,10044,2,512,660.93,0,1
1761060284311,240.16,10044,1,512,369.32,0,1
1761060286505,229.71,10044,2,32,192.44,1,1
1761060288785,240.16,10044,1,1024,279.22,0,1
1761060291177,229.71,10044,2,32,390.97,0,1
1761060293746,240.12,10044,1,256,566.69,0,1
1761060296029,240.16,10044,1,512,281.78,0,1
1761060298140,229.71,10044,2,128,110.26,1,1
1761060300358,240.16,10044,1,256,216.49,0,1
1761060302830,229.71,10044,2,1024,470.42,0,1
1761060305333,240.16,10044,1,512,501.48,0,1
1761060307693,229.71,10044,2,128,358.92,0,1
1761060309857,240.16,10044,1,32,163.23,1,1
1761060312299,229.71,10044,2,256,439.63,0,1
1761060314571,240.16,10044,1,1024,271.34,0,1
1761060316898,229.71,10044,2,32,326.21,0,1
1761060319254,240.16,10044,1,1024,353.75,0,1
1761060321544,229.71,10044,2,256,287.53,0,1
1761060324182,240.16,10044,1,256,636.94,0,1
1761060326594,229.71,10044,2,256,410.05,0,1
1761060328956,229.01,10044,1,1024,359.72,0,1
1761060331393,240.12,10044,1,256,435.85,0,1
1761060333769,229.71,10044,2,32,374.13,0,1
1761060335942,240.16,10044,1,128,171.8,1,1
1761060338181,229.71,10044,2,32,236.83,0,1
1761060340632,240.16,10044,1,256,449.88,0,1
1761060343280,229.71,10044,2,128,646.62,0,1
1761060345577,240.16,10044,1,32,295.86,0,1
1761060348045,229.71,10044,2,512,466.43,0,1
1761060350603,240.16,10044,1,512,557.06,0,1
1761060352870,229.71,10044,2,64,265.65,0,1
1761060355470,240.16,10044,1,64,599.22,0,1
1761060357786,229.71,10044,2,64,314.57,0,1
1761060360079,240.16,10044,1,64,291.49,0,1
1761060362324,240.16,10044,1,1024,243.54,0,1
1761060364513,229.71,10044,2,1024,188.48,1,1
1761060367069,240.16,10044,1,128,554.3,0,1
1761060369371,229.71,10044,2,128,300.54,0,1
1761060371660,240.16,10044,1,1024,288.37,0,1
1761060373992,229.71,10044,2,512,329.17,0,1
1761060376192,240.16,10044,1,512,198.77,1,1
1761060378761,229.71,10044,2,1024,566.35,0,1
1761060381211,240.16,10044,1,512,448.02,0,1
1761060383613,229.71,10044,2,64,401.25,0,1
1761060385983,240.16,10044,1,1024,367.29,0,1
1761060388104,240.16,10044,1,64,119.58,1,1
1761060390457,229.71,10044,2,32,351.5,0,1
1761060392791,240.16,10044,1,64,333.76,0,1
1761060395265,229.71,10044,2,64,473.06,0,1
1761060397628,240.16,10044,1,1024,360.39,0,1
1761060399787,229.71,10044,2,256,157.41,1,1
1761060402006,240.16,10044,1,512,216.84,0,1
1761060404391,229.71,10044,2,128,382.61,0,1
1761060406555,240.16,10044,1,128,161.15,1,1
1761060408863,229.71,10044,2,64,305.85,0,1
1761060411280,240.16,10044,1,128,416.08,0,1
1761060413837,240.16,10044,1,128,556.14,0,1
1761060416101,229.71,10044,2,512,262.86,0,1
1761060418280,240.16,10044,1,64,177.6,1,1
1761060420749,229.71,10044,2,512,467.42,0,1
1761060423132,240.16,10044,1,64,381.56,0,1
1761060425271,229.71,10044,2,1024,135.6,1,1
1761060427513,240.16,10044,1,256,238.51,0,1
1761060430183,229.71,10044,2,32,668.96,0,1
1761060432511,240.16,10044,1,1024,325.61,0,1
1761060434789,229.71,10044,2,64,276.32,0,1
1761060437176,240.16,10044,1,256,385.85,0,1
1761060439389,240.16,10044,1,256,211.31,0,1
1761060441558,229.71,10044,2,512,167.15,1,1
1761060443998,240.16,10044,1,256,438.68,0,1
1761060446452,229.71,10044,2,128,452.23,0,1
1761060448912,240.16,10044,1,32,459.04,0,1
1761060451158,229.71,10044,2,64,244.62,0,1
1761060453293,240.16,10044,1,64,133.76,1,1
1761060455817,229.71,10044,2,64,523.3,0,1
1761060458161,240.16,10044,1,256,342.84,0,1
1761060460646,229.71,10044,2,64,483.8,0,1
1761060463076,240.16,10044,1,1024,427.58,0,1
1761060465528,229.71,10044,2,512,449.05,0,1
1761060468126,239.62,10044,1,1024,595.45,0,1
1761060470483,240.16,10044,1,128,355.68,0,1
1761060472930,229.71,10044,2,32,446.05,0,1
1761060475351,240.16,10044,1,1024,418.12,0,1
1761060477986,229.71,10044,2,1024,633.22,0,1
1761060480617,240.16,10044,1,512,628.81,0,1
1761060483025,229.71,10044,2,512,405.8,0,1
1761060485158,240.16,10044,1,1024,131.06,1,1
1761060487283,229.71,10044,2,128,124.33,1,1
1761060489516,240.16,10044,1,512,230.97,0,1
1761060492018,229.71,10044,2,512,499.45,0,1
1761060494546,240.16,10044,1,256,527.26,0,1
1761060497280,229.71,10044,2,256,731.37,0,1
1761060499717,229.01,10044,1,128,435.02,0,1
1761060502024,240.16,10044,1,512,305.22,0,1
1761060504534,229.71,10044,2,128,508.73,0,1
1761060507272,240.16,10044,1,256,737.16,0,1
1761060509966,229.71,10044,2,1024,692.03,0,1
1761060512487,240.16,10044,1,32,519.26,0,1
1761060515137,229.71,10044,2,1024,646.78,0,1
1761060517476,240.16,10044,1,1024,336.94,0,1
1761060520117,229.71,10044,2,128,638.89,0,1
1761060522403,240.16,10044,1,32,285.33,0,1
1761060524955,229.71,10044,2,32,550.32,0,1
1761060527272,240.16,10044,1,256,315.92,0,1
1761060529724,229.71,10044,2,512,450.25,0,1
1761060532261,240.16,10044,1,512,534.66,0,1
1761060534626,229.71,10044,2,32,363.56,0,1
1761060537175,233.8,10044,1,64,548.27,0,1
1761060539634,240.16,10044,1,128,457.18,0,1
1761060542041,229.71,10044,2,32,406.44,0,1
1761060544415,240.16,10044,1,32,372.55,0,1
1761060546913,229.71,10044,2,128,496.15,0,1
1761060549365,240.16,10044,1,256,450.39,0,1
1761060551775,229.71,10044,2,64,408.19,0,1
1761060553980,240.16,10044,1,64,204.48,0,1
1761060556372,229.71,10044,2,512,389.36,0,1
1761060558575,240.16,10044,1,512,201.6,0,1
1761060561016,240.16,10044,1,32,439.92,0,1
1761060563473,229.71,10044,2,256,455.73,0,1
1761060565941,240.16,10044,1,1024,466.14,0,1
1761060568420,229.71,10044,2,256,476.99,0,1
1761060570922,240.16,10044,1,256,500.48,0,1
1761060573259,229.71,10044,2,128,334.01,0,1
1761060575474,240.16,10044,1,1024,212.76,0,1
1761060577943,229.71,10044,2,32,467.02,0,1
1761060580321,240.16,10044,1,256,377.2,0,1
1761060582578,229.71,10044,2,512,256.99,0,1
1761060584945,220.11,10044,2,128,364.8,0,1
1761060587452,240.16,10044,1,256,505.61,0,1
1761060589939,229.71,10044,2,32,485.58,0,1
1761060592281,240.16,10044,1,256,339.88,0,1
1761060594465,229.71,10044,2,128,182.32,1,1
1761060596963,240.16,10044,1,512,497.11,0,1
1761060599350,229.71,10044,2,512,385.51,0,1
1761060601579,240.12,10044,1,1024,226.69,0,1
1761060603958,229.71,10044,2,32,377.69,0,1
1761060606495,240.16,10044,1,512,535.83,0,1
1761060608858,229.71,10044,2,64,361.65,0,1
1761060611020,233.81,10044,1,64,159.83,1,1
1761060613205,240.16,10044,1,64,183.46,1,1
1761060615632,229.71,10044,2,512,424.6,0,1
1761060617851,240.16,10044,1,32,217.15,0,1
1761060620309,229.71,10044,2,512,456.66,0,1
1761060622709,240.16,10044,1,512,398.44,0,1
1761060625288,229.71,10044,2,512,577.31,0,1
1761060627718,240.16,10044,1,1024,427.51,0,1
1761060630141,229.71,10044,2,512,420.42,0,1
1761060632637,240.16,10044,1,256,495.01,0,1
1761060635299,229.71,10044,2,256,660.94,0,1
1761060637809,231.81,10044,1,64,508.61,0,1
1761060640341,240.12,10044,1,256,531.19,0,1
1761060642767,229.71,10044,2,64,424.34,0,1
1761060645226,240.16,10044,1,1024,456.88,0,1
1761060647703,229.71,10044,2,32,475.84,0,1
1761060650120,240.12,10044,1,128,412.14,0,1
1761060652502,229.71,10044,2,64,381.4,0,1
1761060655094,240.16,10044,1,512,586.61,0,1
1761060657451,229.52,10044,2,64,355.28,0,1
1761060659822,240.16,10044,1,1024,369.28,0,1
1761060662049,229.71,10044,2,512,226.4,0,1
1761060664513,240.12,10044,1,32,462.96,0,1
1761060667061,240.16,10044,1,128,546.91,0,1
1761060669666,229.71,10044,2,128,604.23,0,1
1761060671981,240.12,10044,1,512,313.06,0,1
1761060674251,229.71,10044,2,512,268.19,0,1
1761060676558,240.16,10044,1,1024,304.5,0,1
1761060678946,229.71,10044,2,32,387.18,0,1
1761060681363,240.16,10044,1,128,416.59,0,1
1761060683743,229.71,10044,2,512,378.86,0,1
1761060686158,240.16,10044,1,1024,412.84,0,1
1761060688449,229.77,10044,1,32,289.11,0,1
1761060690955,229.71,10044,2,256,505.36,0,1
1761060693358,240.16,10044,1,128,401.4,0,1
1761060696076,229.71,10044,2,32,716.75,0,1
1761060698567,240.16,10044,1,512,489.52,0,1
1761060700970,229.71,10044,2,1024,400.72,0,1
1761060703497,240.16,10044,1,128,525.78,0,1
1761060706084,229.71,10044,2,256,586.31,0,1
1761060708445,240.16,10044,1,256,358.57,0,1
1761060710960,229.71,10044,2,1024,512.42,0,1
1761060713194,240.16,10044,1,32,232.48,0,1
1761060715463,229.71,10044,2,1024,266.08,0,1
1761060718249,240.16,10044,1,128,785.26,0,1
1761060720694,240.16,10044,1,1024,443.6,0,1
1761060723193,229.71,10044,2,64,496.54,0,1
1761060725558,240.16,10044,1,512,363.57,0,1
1761060727995,229.71,10044,2,64,436.11,0,1
1761060730491,240.16,10044,1,64,494.14,0,1
1761060732910,229.71,10044,2,32,418.56,0,1
1761060735551,240.16,10044,1,32,639.48,0,1
1761060737867,229.71,10044,2,64,314.55,0,1
1761060740293,240.16,10044,1,512,424.4,0,1
1761060742750,229.71,10044,2,512,455.71,0,1
1761060745331,240.16,10044,1,512,579.28,0,1
1761060747755,240.16,10044,1,128,422.77,0,1
1761060750109,229.71,10044,2,1024,351.69,0,1
1761060752664,240.16,10044,1,256,554.01,0,1
1761060755027,229.71,10044,2,1024,361.0,0,1
1761060757797,240.16,10044,1,32,769.31,0,1
1761060760336,229.71,10044,2,32,537.52,0,1
1761060762681,240.16,10044,1,256,344.07,0,1
1761060764877,229.71,10044,2,1024,194.73,1,1
1761060767290,240.16,10044,1,128,410.39,0,1
1761060769442,240.16,10044,1,512,151.19,1,1
1761060771585,229.71,10044,2,64,142.45,1,1
1761060773762,240.16,10044,1,512,174.61,1,1
1761060776183,229.71,10044,2,64,420.32,0,1
1761060778340,240.16,10044,1,64,156.31,1,1
1761060780640,229.71,10044,2,128,299.45,0,1
1761060783186,240.16,10044,1,1024,543.2,0,1
1761060785525,229.71,10044,2,1024,337.65,0,1
1761060787848,240.16,10044,1,512,319.83,0,1
1761060789989,229.71,10044,2,128,140.17,1,1
1761060792275,240.16,10044,1,64,284.58,0,1
1761060794841,240.12,10044,1,256,564.86,0,1
1761060797191,229.71,10044,2,32,347.78,0,1
1761060799727,240.16,10044,1,32,534.79,0,1
1761060802303,229.71,10044,2,32,574.94,0,1
1761060804562,240.16,10044,1,32,258.41,0,1
1761060807128,229.71,10044,2,1024,563.99,0,1
1761060809472,240.16,10044,1,32,342.76,0,1
1761060811891,229.71,10044,2,1024,415.3,0,1
1761060814336,240.16,10044,1,256,444.47,0,1
1761060817408,229.71,10044,2,128,1069.83,0,1
1761060819815,233.8,10044,1,128,405.61,0,1
1761060822364,240.16,10044,1,128,547.93,0,1
1761060824792,229.71,10044,2,512,425.67,0,1
1761060827336,240.12,10044,1,256,542.41,0,1
1761060829612,229.71,10044,2,128,274.08,0,1
1761060831907,240.16,10044,1,256,293.54,0,1
1761060834585,229.71,10044,2,32,676.93,0,1
1761060836985,240.16,10044,1,1024,398.48,0,1
1761060839450,229.71,10044,2,32,463.38,0,1
1761060841976,240.16,10044,1,512,524.82,0,1
1761060844557,229.71,10044,2,128,579.19,0,1
1761060846780,240.16,10044,1,32,222.2,0,1
1761060848988,229.71,10044,2,128,206.52,0,1
1761060851375,240.16,10044,1,1024,384.05,0,1
1761060853547,229.71,10044,2,32,170.97,1,1
1761060855815,240.12,10044,1,64,266.45,0,1
1761060858235,240.16,10044,1,256,418.45,0,1
1761060860593,229.71,10044,2,32,356.74,0,1
1761060862889,240.16,10044,1,1024,294.05,0,1
1761060865284,229.71,10044,2,32,393.64,0,1
1761060867894,240.16,10044,1,1024,608.14,0,1
1761060870252,229.71,10044,2,1024,356.74,0,1
1761060872635,240.16,10044,1,1024,379.24,0,1
1761060875066,229.71,10044,2,32,429.37,0,1
1761060877506,240.16,10044,1,32,439.13,0,1
1761060879983,229.71,10044,2,32,475.16,0,1
1761060882422,240.16,10044,1,1024,436.41,0,1
1761060884999,229.71,10044,2,512,576.21,0,1
1761060887351,240.16,10044,1,64,350.79,0,1
1761060889744,229.71,10044,2,512,390.77,0,1
1761060892118,240.16,10044,1,64,372.0,0,1
1761060894402,229.71,10044,2,32,283.25,0,1
1761060896852,240.11,10044,1,64,448.71,0,1
1761060899064,240.16,10044,1,128,210.41,0,1
1761060901439,229.71,10044,2,32,373.57,0,1
1761060903664,240.16,10044,1,256,223.51,0,1
1761060906185,229.71,10044,2,512,519.56,0,1
1761060908494,240.16,10044,1,32,307.96,0,1
1761060910844,229.71,10044,2,64,348.56,0,1
1761060913092,240.16,10044,1,64,246.4,0,1
1761060915454,229.71,10044,2,32,361.02,0,1
1761060917713,240.16,10044,1,32,257.75,0,1
1761060920124,229.71,10044,2,256,409.87,0,1
1761060922318,240.16,10044,1,64,192.51,1,1
1761060924499,229.71,10044,2,256,179.74,1,1
1761060926941,218.65,10044,1,64,439.97,0,1
1761060929390,240.12,10044,1,512,448.43,0,1
1761060931985,229.71,10044,2,128,593.91,0,1
1761060934456,240.16,10044,1,256,469.22,0,1
1761060936985,229.71,10044,2,128,528.32,0,1
1761060939307,240.16,10044,1,1024,318.91,0,1
1761060941945,229.71,10044,2,1024,636.17,0,1
1761060944506,240.16,10044,1,64,559.96,0,1
1761060946986,229.73,10044,1,1024,478.32,0,1
1761060949433,229.71,10044,2,1024,445.74,0,1
1761060951852,240.16,10044,1,512,416.96,0,1
1761060954291,229.71,10044,2,1024,437.22,0,1
1761060956664,240.16,10044,1,1024,372.24,0,1
1761060959002,229.71,10044,2,32,337.07,0,1
1761060961296,240.16,10044,1,512,291.33,0,1
1761060963459,229.71,10044,2,256,162.19,1,1
1761060965872,240.16,10044,1,512,410.9,0,1
1761060968107,229.71,10044,2,64,233.85,0,1
1761060970602,240.16,10044,1,128,494.34,0,1
1761060973000,229.71,10044,2,128,396.81,0,1
1761060975573,240.16,10044,1,1024,571.06,0,1
1761060977884,229.71,10044,2,1024,307.78,0,1
1761060980072,240.16,10044,1,128,187.3,1,1
1761060982514,229.71,10044,2,1024,439.55,0,1
1761060985187,221.64,10044,2,128,671.65,0,1
1761060987588,240.16,10044,1,256,400.71,0,1
1761060989913,229.71,10044,2,256,323.52,0,1
1761060992412,240.16,10044,1,256,498.87,0,1
1761060994848,229.71,10044,2,64,434.36,0,1
1761060997347,240.16,10044,1,512,496.99,0,1
1761060999818,229.71,10044,2,64,470.25,0,1
1761061002256,240.16,10044,1,64,436.89,0,1
1761061004761,229.71,10044,2,128,503.21,0,1
1761061007208,240.12,10044,1,512,445.62,0,1
1761061009520,240.16,10044,1,1024,310.59,0,1
1761061012006,229.71,10044,2,64,484.0,0,1
1761061014581,240.16,10044,1,256,574.18,0,1
1761061016994,229.71,10044,2,512,410.98,0,1
1761061019325,240.16,10044,1,64,329.27,0,1
1761061021446,229.71,10044,2,512,119.71,1,1
1761061023851,240.16,10044,1,512,403.27,0,1
1761061026062,229.71,10044,2,1024,208.61,0,1
1761061028236,240.16,10044,1,32,172.17,1,1
1761061030532,229.71,10044,2,1024,293.48,0,1
1761061032880,240.12,10044,1,512,346.44,0,1
1761061035334,229.71,10044,2,256,452.58,0,1
1761061037807,220.11,10044,2,256,472.02,0,1
1761061040191,240.16,10044,1,1024,381.87,0,1
1761061042525,229.71,10044,2,32,332.59,0,1
1761061044867,240.16,10044,1,64,341.21,0,1
1761061047310,229.71,10044,2,256,440.44,0,1
1761061049795,240.16,10044,1,32,484.25,0,1
1761061052200,229.71,10044,2,1024,403.29,0,1
1761061054631,240.16,10044,1,128,429.23,0,1
1761061056914,229.71,10044,2,32,282.13,0,1
1761061059261,240.16,10044,1,512,345.44,0,1
1761061061677,229.71,10044,2,1024,414.57,0,1
1761061063928,240.16,10044,1,64,249.58,0,1
1761061066798,229.71,10044,2,128,869.42,0,1
1761061069220,240.16,10044,1,128,420.74,0,1
1761061071607,229.71,10044,2,512,385.59,0,1
1761061074146,221.64,10044,1,512,537.35,0,1
1761061076411,240.16,10044,1,1024,263.47,0,1
1761061078615,229.71,10044,2,64,201.89,0,1
1761061081290,240.16,10044,1,256,674.11,0,1
1761061083606,229.71,10044,2,64,314.97,0,1
1761061085973,240.16,10044,1,128,366.06,0,1
1761061088569,229.71,10044,2,128,593.82,0,1
1761061090887,240.16,10044,1,32,316.99,0,1
1761061093104,229.71,10044,2,64,216.69,0,1
1761061095813,240.16,10044,1,32,707.67,0,1
1761061098262,229.71,10044,2,128,447.32,0,1
1761061100844,240.12,10044,1,128,580.75,0,1
1761061103204,240.16,10044,1,32,358.98,0,1
1761061105861,229.71,10044,2,32,655.7,0,1
1761061108105,240.16,10044,1,128,242.94,0,1
1761061110814,229.71,10044,2,32,708.09,0,1
1761061112983,240.16,10044,1,512,167.63,1,1
1761061115513,229.71,10044,2,1024,527.36,0,1
1761061118125,240.16,10044,1,1024,608.87,0,1
1761061120337,229.71,10044,2,32,210.75,0,1
1761061122618,240.16,10044,1,128,279.64,0,1
1761061125056,229.71,10044,2,64,436.41,0,1
1761061127584,240.16,10044,1,512,526.36,0,1
1761061129989,229.71,10044,2,128,403.6,0,1
1761061132422,240.16,10044,1,128,432.74,0,1
1761061134833,240.16,10044,1,1024,408.16,0,1
1761061137316,229.71,10044,2,256,481.32,0,1
1761061139715,240.16,10044,1,128,397.29,0,1
1761061142173,229.71,10044,2,64,456.96,0,1
1761061144751,240.16,10044,1,32,576.91,0,1
1761061147015,229.71,10044,2,256,263.15,0,1
1761061149264,240.16,10044,1,32,248.28,0,1
1761061151655,229.71,10044,2,512,389.68,0,1
1761061153820,240.16,10044,1,1024,163.25,1,1
1761061156236,229.71,10044,2,64,414.63,0,1
1761061158423,240.16,10044,1,128,186.72,1,1
1761061160991,229.71,10044,2,512,566.63,0,1
1761061163309,240.16,10044,1,64,316.23,0,1
1761061165494,229.71,10044,2,64,184.75,1,1
1761061167990,240.16,10044,1,256,494.85,0,1
1761061170378,229.71,10044,2,64,386.73,0,1
1761061172662,240.12,10044,1,128,282.51,0,1
1761061175150,240.16,10044,1,512,486.66,0,1
1761061177463,229.71,10044,2,256,311.43,0,1
1761061179910,240.16,10044,1,32,446.41,0,1
1761061182421,229.71,10044,2,32,510.43,0,1
1761061184811,240.16,10044,1,512,388.18,0,1
1761061187363,229.71,10044,2,512,550.71,0,1
1761061189742,240.16,10044,1,256,377.35,0,1
1761061192225,229.71,10044,2,128,481.82,0,1
1761061194663,240.16,10044,1,32,436.27,0,1
1761061197222,229.71,10044,2,32,558.92,0,1
1761061199873,240.16,10044,1,128,648.83,0,1
1761061202290,229.71,10044,2,32,415.52,0,1
1761061204613,240.12,10044,1,1024,319.34,0,1
1761061207016,240.16,10044,1,1024,400.54,0,1
1761061209564,229.71,10044,2,64,547.48,0,1
1761061212038,240.16,10044,1,512,471.81,0,1
1761061214313,229.71,10044,2,128,274.37,0,1
1761061216512,240.12,10044,1,64,197.5,1,1
1761061219106,229.71,10044,2,32,592.16,0,1
1761061221580,240.16,10044,1,1024,472.31,0,1
1761061223836,229.71,10044,2,512,253.62,0,1
1761061226232,240.16,10044,1,128,394.99,0,1
1761061228405,229.71,10044,2,64,171.71,1,1
1761061230872,240.16,10044,1,64,465.8,0,1
1761061233359,229.71,10044,2,512,485.32,0,1
1761061235782,240.16,10044,1,512,421.52,0,1
1761061238215,229.71,10044,2,32,432.31,0,1
1761061240486,240.12,10044,1,64,268.94,0,1
1761061242854,240.16,10044,1,32,367.24,0,1
1761061245326,229.71,10044,2,512,469.47,0,1
1761061247775,240.16,10044,1,32,447.96,0,1
1761061250225,229.71,10044,2,1024,446.96,0,1
1761061252681,240.16,10044,1,256,455.11,0,1
1761061255112,229.71,10044,2,1024,428.18,0,1
1761061257316,240.16,10044,1,512,202.79,0,1
1761061259701,229.71,10044,2,512,383.07,0,1
1761061262161,240.16,10044,1,32,458.9,0,1
1761061264606,229.71,10044,2,256,443.23,0,1
1761061266865,240.16,10044,1,64,257.93,0,1
1761061269218,229.71,10044,2,512,351.37,0,1
1761061271408,233.81,10044,1,128,188.52,1,1
1761061273888,240.16,10044,1,128,478.36,0,1
1761061276604,229.71,10044,2,32,714.83,0,1
1761061279205,240.16,10044,1,32,599.87,0,1
1761061281580,229.71,10044,2,64,373.33,0,1
1761061283996,240.16,10044,1,256,414.41,0,1
1761061286531,229.71,10044,2,1024,533.17,0,1
1761061288991,240.16,10044,1,256,457.97,0,1
1761061291426,229.71,10044,2,256,433.05,0,1
1761061293937,240.16,10044,1,128,510.28,0,1
1761061296475,229.71,10044,2,64,537.14,0,1
1761061298761,240.16,10044,1,256,284.62,0,1
1761061301203,229.71,10044,2,64,440.25,0,1
1761061303651,230.61,10044,1,32,446.27,0,1
1761061306168,240.16,10044,1,512,515.89,0,1
1761061308592,229.71,10044,2,1024,422.29,0,1
1761061311147,240.16,10044,1,256,552.71,0,1
1761061313843,229.71,10044,2,128,694.8,0,1
1761061316535,240.16,10044,1,32,691.34,0,1
1761061319059,229.71,10044,2,64,522.52,0,1
1761061321425,240.16,10044,1,256,365.08,0,1
1761061323948,229.71,10044,2,256,521.74,0,1
1761061326460,240.16,10044,1,256,510.85,0,1
1761061328933,229.71,10044,2,512,471.81,0,1
1761061331338,240.16,10044,1,128,403.77,0,1
1761061333736,229.71,10044,2,1024,395.47,0,1
1761061336343,240.12,10044,1,256,605.86,0,1
1761061339080,229.71,10044,2,1024,734.55,0,1
1761061341531,229.01,10044,1,512,449.58,0,1
1761061343987,240.16,10044,1,32,454.92,0,1
1761061346803,229.71,10044,2,256,814.56,0,1
1761061349076,240.16,10044,1,256,271.31,0,1
1761061351644,229.71,10044,2,256,566.7,0,1
1761061354084,240.16,10044,1,32,439.16,0,1
1761061356406,229.71,10044,2,256,320.21,0,1
1761061358779,240.16,10044,1,128,372.38,0,1
1761061361066,229.71,10044,2,128,285.4,0,1
1761061363802,240.16,10044,1,512,734.73,0,1
1761061366413,229.71,10044,2,64,609.21,0,1
1761061368833,240.16,10044,1,1024,418.19,0,1
1761061371237,229.71,10044,2,64,403.12,0,1
1761061373971,240.16,10044,1,1024,732.08,0,1
1761061376425,229.71,10044,2,512,451.74,0,1
1761061378982,240.16,10044,1,64,555.7,0,1
1761061381452,229.71,10044,2,64,468.3,0,1
1761061383972,229.01,10044,1,64,518.95,0,1
1761061386215,240.12,10044,1,1024,239.72,0,1
1761061388686,229.71,10044,2,1024,469.26,0,1
1761061391173,240.16,10044,1,32,485.84,0,1
1761061393592,229.71,10044,2,256,417.44,0,1
1761061396495,240.16,10044,1,256,901.26,0,1
1761061398875,229.71,10044,2,256,378.9,0,1
1761061401350,240.16,10044,1,256,473.17,0,1
1761061403676,229.71,10044,2,512,324.27,0,1
1761061405899,240.16,10044,1,1024,220.54,0,1
1761061408395,229.71,10044,2,256,495.77,0,1
1761061410893,240.16,10044,1,1024,496.41,0,1
1761061413342,229.71,10044,2,512,447.95,0,1
1761061415836,240.16,10044,1,32,492.57,0,1
1761061418132,229.71,10044,2,512,293.9,0,1
1761061420689,240.16,10044,1,128,555.29,0,1
1761061423070,229.71,10044,2,512,379.4,0,1
1761061425506,220.11,10044,2,128,435.38,0,1
1761061427963,240.16,10044,1,1024,455.0,0,1
1761061430423,229.71,10044,2,1024,458.88,0,1
1761061432955,240.16,10044,1,1024,529.6,0,1
1761061435358,229.71,10044,2,64,401.74,0,1
1761061437812,240.16,10044,1,128,452.92,0,1
1761061440262,229.71,10044,2,128,448.67,0,1
1761061442771,240.16,10044,1,256,506.68,0,1
1761061445462,229.71,10044,2,512,689.48,0,1
1761061447895,240.16,10044,1,128,432.51,0,1
1761061450400,240.16,10044,1,1024,503.14,0,1
1761061452822,229.71,10044,2,32,421.1,0,1
1761061455457,240.16,10044,1,512,632.7,0,1
1761061457756,229.71,10044,2,32,298.44,0,1
1761061460162,240.16,10044,1,1024,403.26,0,1
1761061462483,229.71,10044,2,128,320.03,0,1
1761061464764,240.16,10044,1,64,280.91,0,1
1761061467041,229.71,10044,2,256,275.62,0,1
1761061469740,240.16,10044,1,128,697.73,0,1
1761061472189,229.71,10044,2,512,447.32,0,1
1761061474598,240.16,10044,1,256,407.63,0,1
1761061476837,240.16,10044,1,32,237.61,0,1
1761061479221,229.71,10044,2,32,382.62,0,1
1761061481453,240.16,10044,1,64,230.71,0,1
1761061483789,229.71,10044,2,32,334.98,0,1
1761061486051,240.16,10044,1,512,260.29,0,1
1761061488462,229.71,10044,2,512,409.75,0,1
1761061490961,240.16,10044,1,64,497.62,0,1
1761061493150,229.71,10044,2,1024,186.12,1,1
1761061495493,240.16,10044,1,128,341.68,0,1
1761061497946,229.71,10044,2,1024,450.41,0,1
1761061500146,240.12,10044,1,512,198.36,1,1
1761061502734,240.16,10044,1,256,586.85,0,1
1761061505104,229.71,10044,2,64,368.92,0,1
1761061507535,240.16,10044,1,64,430.1,0,1
1761061510074,229.71,10044,2,256,538.59,0,1
1761061512686,240.16,10044,1,1024,610.51,0,1
1761061515175,229.71,10044,2,32,487.69,0,1
1761061517849,240.16,10044,1,32,673.12,0,1
1761061520052,229.71,10044,2,64,201.28,0,1
1761061522485,240.16,10044,1,1024,431.25,0,1
1761061524635,229.71,10044,2,32,149.87,1,1
1761061526803,240.16,10044,1,1024,165.51,1,1
1761061528978,229.71,10044,2,32,173.65,1,1
1761061531483,240.16,10044,1,128,504.26,0,1
1761061533846,229.71,10044,2,32,362.08,0,1
1761061536264,240.16,10044,1,64,416.53,0,1
1761061538545,229.71,10044,2,128,279.59,0,1
1761061541187,240.16,10044,1,512,640.31,0,1
1761061543374,229.71,10044,2,64,186.8,1,1
1761061545696,240.0,10044,1,64,320.15,0,1
1761061548030,229.71,10044,2,128,332.42,0,1
1761061550503,220.11,10044,2,256,472.62,0,1
1761061553186,240.16,10044,1,512,681.28,0,1
1761061555769,229.71,10044,2,64,582.72,0,1
1761061558136,240.16,10044,1,256,364.89,0,1
1761061560588,229.71,10044,2,1024,449.21,0,1
1761061563048,240.16,10044,1,1024,458.23,0,1
1761061565459,229.71,10044,2,128,409.35,0,1
1761061567646,240.16,10044,1,512,184.82,1,1
1761061570072,229.71,10044,2,128,424.95,0,1
1761061572214,240.16,10044,1,128,140.93,1,1
1761061574358,229.71,10044,2,256,142.97,1,1
1761061576774,240.12,10044,1,64,414.7,0,1
1761061579174,229.71,10044,2,1024,398.44,0,1
1761061581526,240.16,10044,1,64,349.62,0,1
1761061584025,229.71,10044,2,256,498.34,0,1
1761061586518,240.16,10044,1,512,491.7,0,1
1761061588795,240.16,10044,1,256,275.07,0,1
1761061591020,229.71,10044,2,64,224.45,0,1
1761061593418,240.16,10044,1,256,396.38,0,1
1761061595555,229.71,10044,2,256,136.07,1,1
1761061598189,240.16,10044,1,512,632.34,0,1
1761061600493,229.71,10044,2,1024,302.58,0,1
1761061602619,240.16,10044,1,32,124.23,1,1
1761061605060,229.71,10044,2,1024,438.78,0,1
1761061607266,229.01,10044,1,512,205.41,0,1
1761061609713,240.16,10044,1,1024,444.66,0,1
1761061612496,229.71,10044,2,1024,780.78,0,1
1761061615120,240.16,10044,1,64,622.35,0,1
1761061617694,229.71,10044,2,256,572.45,0,1
1761061620143,240.16,10044,1,256,447.58,0,1
1761061622805,229.71,10044,2,64,659.69,0,1
1761061625054,240.16,10044,1,128,247.52,0,1
1761061627533,229.71,10044,2,64,475.98,0,1
1761061629993,240.16,10044,1,128,459.15,0,1
1761061632752,229.71,10044,2,1024,755.97,0,1
1761061635294,240.12,10044,1,32,540.97,0,1
1761061637700,240.16,10044,1,1024,403.97,0,1
1761061640266,229.71,10044,2,128,565.04,0,1
1761061642630,240.16,10044,1,64,363.31,0,1
1761061645020,229.71,10044,2,128,388.28,0,1
1761061647576,240.16,10044,1,32,554.32,0,1
1761061649905,229.71,10044,2,256,328.01,0,1
1761061652052,240.16,10044,1,256,145.51,1,1
1761061654190,229.71,10044,2,512,135.8,1,1
1761061656546,240.16,10044,1,512,354.04,0,1
1761061658808,229.73,10044,1,1024,259.02,0,1
1761061661128,229.71,10044,2,512,318.63,0,1
1761061663547,240.16,10044,1,512,417.11,0,1
1761061666031,229.71,10044,2,32,482.79,0,1
1761061668404,240.16,10044,1,32,372.25,0,1
1761061670790,229.71,10044,2,128,385.01,0,1
1761061673247,240.16,10044,1,64,455.42,0,1
1761061675804,229.71,10044,2,512,555.54,0,1
1761061678163,240.16,10044,1,512,358.34,0,1
1761061680941,229.71,10044,2,64,776.02,0,1
1761061683336,240.16,10044,1,512,393.91,0,1
1761061685495,229.71,10044,2,64,158.27,1,1
1761061687795,220.01,10044,2,512,296.15,0,1
1761061690081,240.16,10044,1,32,284.99,0,1
1761061692360,229.71,10044,2,256,277.19,0,1
1761061694845,240.16,10044,1,128,483.5,0,1
1761061697149,229.71,10044,2,512,302.65,0,1
1761061699692,240.16,10044,1,32,542.14,0,1
1761061702086,229.71,10044,2,256,391.6,0,1
1761061704244,240.16,10044,1,128,157.31,1,1
1761061706696,229.71,10044,2,256,450.29,0,1
1761061708943,240.16,10044,1,256,243.43,0,1
1761061711584,229.71,10044,2,128,639.68,0,1
1761061713733,240.16,10044,1,32,148.32,1,1
1761061716043,229.71,10044,2,64,308.72,0,1
1761061718505,239.62,10044,1,64,460.24,0,1
1761061720946,240.16,10044,1,128,440.34,0,1
1761061723402,229.71,10044,2,128,454.28,0,1
1761061725916,240.16,10044,1,64,512.71,0,1
1761061728197,229.71,10044,2,32,280.36,0,1
1761061730620,240.16,10044,1,1024,420.31,0,1
1761061732903,229.71,10044,2,256,280.79,0,1
1761061735261,240.16,10044,1,32,357.29,0,1
1761061737664,229.71,10044,2,64,402.21,0,1
1761061740203,240.12,10044,1,256,536.46,0,1
1761061742591,240.16,10044,1,1024,386.8,0,1
1761061744754,229.71,10044,2,512,160.3,1,1
1761061746959,240.16,10044,1,256,203.73,0,1
1761061749344,229.71,10044,2,512,383.96,0,1
1761061751756,240.16,10044,1,512,409.8,0,1
1761061754007,229.71,10044,2,1024,248.26,0,1
1761061756764,240.16,10044,1,128,755.51,0,1
1761061759222,229.71,10044,2,1024,456.25,0,1
1761061761853,240.16,10044,1,64,628.88,0,1
1761061764269,229.71,10044,2,1024,414.84,0,1
1761061766804,240.16,10044,1,512,533.68,0,1
1761061768994,229.71,10044,2,512,187.95,1,1
1761061771223,240.16,10044,1,32,227.97,0,1
1761061773664,229.71,10044,2,1024,437.87,0,1
1761061776507,240.16,10044,1,512,842.07,0,1
1761061779463,229.71,10044,2,32,954.27,0,1
1761061781935,240.16,10044,1,512,469.81,0,1
1761061785795,229.71,10044,2,1024,1857.79,0,1
1761061790959,240.12,10044,1,128,3162.38,0,1
1761061793462,240.16,10044,1,512,501.13,0,1
1761061795907,229.71,10044,2,64,444.37,0,1
1761061798178,240.16,10044,1,256,269.83,0,1
1761061800691,229.71,10044,2,128,511.81,0,1
1761061803469,240.16,10044,1,256,777.05,0,1
1761061806031,229.71,10044,2,256,561.59,0,1
1761061808487,240.16,10044,1,128,454.75,0,1
1761061810847,229.71,10044,2,256,358.34,0,1
1761061813605,240.16,10044,1,128,756.99,0,1
1761061816303,229.71,10044,2,256,696.45,0,1
1761061818525,240.16,10044,1,32,221.23,0,1
1761061821070,229.71,10044,2,128,542.76,0,1
1761061823348,240.16,10044,1,64,277.39,0,1
1761061825980,240.16,10044,1,64,630.51,0,1
1761061828487,229.71,10044,2,64,505.41,0,1
1761061830977,240.16,10044,1,32,488.27,0,1
1761061833136,229.71,10044,2,256,158.39,1,1
1761061835439,240.16,10044,1,1024,300.96,0,1
1761061838334,229.71,10044,2,64,893.4,0,1
1761061841002,240.16,10044,1,32,667.06,0,1
1761061843756,229.71,10044,2,128,752.3,0,1
1761061846076,240.16,10044,1,64,318.74,0,1
1761061848297,229.71,10044,2,64,220.51,0,1
1761061850913,229.01,10044,1,1024,614.55,0,1
1761061853222,240.12,10044,1,1024,307.75,0,1
1761061856002,229.71,10044,2,1024,777.59,0,1
1761061858557,240.16,10044,1,32,553.19,0,1
1761061860929,229.71,10044,2,256,370.7,0,1
1761061863266,240.16,10044,1,1024,336.23,0,1
1761061865478,229.71,10044,2,64,210.54,0,1
1761061867917,240.16,10044,1,1024,436.27,0,1
1761061870435,229.71,10044,2,512,516.26,0,1
1761061872911,240.16,10044,1,32,473.79,0,1
1761061875260,229.71,10044,2,1024,347.47,0,1
1761061877730,240.12,10044,1,64,468.77,0,1
1761061880121,240.16,10044,1,256,389.6,0,1
1761061882286,229.71,10044,2,512,163.35,1,1
1761061884522,240.16,10044,1,128,234.88,0,1
1761061886854,229.71,10044,2,32,331.57,0,1
1761061889140,240.16,10044,1,64,284.68,0,1
1761061891602,229.71,10044,2,1024,460.62,0,1
1761061894000,240.16,10044,1,1024,395.29,0,1
1761061896724,229.71,10044,2,128,723.13,0,1
1761061899331,240.16,10044,1,256,604.3,0,1
1761061901920,229.71,10044,2,128,587.97,0,1
1761061904359,229.01,10044,1,64,437.31,0,1
1761061906683,240.16,10044,1,1024,322.36,0,1
1761061909106,229.71,10044,2,64,421.0,0,1
1761061911627,240.16,10044,1,512,519.41,0,1
1761061914069,229.71,10044,2,32,439.3,0,1
1761061916394,240.16,10044,1,1024,322.23,0,1
1761061919245,229.71,10044,2,256,849.4,0,1
1761061921685,240.16,10044,1,64,438.91,0,1
1761061924060,229.71,10044,2,256,373.43,0,1
1761061926234,240.16,10044,1,512,171.76,1,1
1761061928658,229.71,10044,2,128,422.65,0,1
1761061931023,240.16,10044,1,256,364.02,0,1
1761061933353,240.16,10044,1,1024,327.07,0,1
1761061935795,229.71,10044,2,128,440.87,0,1
1761061938173,240.16,10044,1,1024,375.37,0,1
1761061940346,229.71,10044,2,64,171.77,1,1
1761061942772,240.16,10044,1,32,425.32,0,1
1761061945182,229.71,10044,2,64,408.19,0,1
1761061947579,240.16,10044,1,256,394.77,0,1
1761061949902,229.71,10044,2,1024,321.17,0,1
1761061952413,240.16,10044,1,32,509.76,0,1
1761061954781,229.71,10044,2,128,366.3,0,1
1761061957213,240.16,10044,1,64,430.8,0,1
1761061959465,240.16,10044,1,128,251.63,0,1
1761061961882,229.71,10044,2,128,415.33,0,1
1761061964333,244.95,10044,1,512,449.45,0,1
1761061966673,234.48,10044,2,32,338.76,0,1
1761061969105,244.95,10044,1,512,430.44,0,1
1761061971334,234.48,10044,2,256,226.94,0,1
1761061973988,244.95,10044,1,32,652.05,0,1
1761061976246,234.48,10044,2,1024,256.68,0,1
1761061978666,244.95,10044,1,32,418.2,0,1
1761061980934,234.48,10044,2,1024,265.78,0,1
1761061983307,244.95,10044,1,128,371.77,0,1
1761061985869,234.48,10044,2,1024,559.3,0,1
1761061988235,244.95,10044,1,128,365.1,0,1
1761061990915,234.48,10044,2,64,678.63,0,1
1761061993146,244.95,10044,1,256,228.87,0,1
1761061995711,234.48,10044,2,1024,562.25,0,1
1761061998174,244.93,10044,1,256,460.89,0,1
1761062000469,234.48,10044,2,32,294.02,0,1
1761062002867,223.3,10044,2,256,396.58,0,1
1761062005570,244.95,10044,1,64,702.22,0,1
1761062007913,234.48,10044,2,32,341.88,0,1
1761062010478,244.95,10044,1,256,563.18,0,1
1761062012876,234.48,10044,2,64,396.84,0,1
1761062015276,244.95,10044,1,64,399.02,0,1
1761062017719,234.48,10044,2,128,442.03,0,1
1761062020406,244.95,10044,1,512,685.44,0,1
1761062022694,234.48,10044,2,32,287.56,0,1
1761062025164,244.95,10044,1,1024,467.22,0,1
1761062028056,234.48,10044,2,1024,890.26,0,1
1761062030232,244.95,10044,1,512,173.91,1,1
1761062032422,244.95,10044,1,128,188.58,1,1
1761062035050,234.48,10044,2,512,627.11,0,1
1761062037341,244.95,10044,1,512,289.05,0,1
1761062039773,234.48,10044,2,128,431.2,0,1
1761062041939,244.95,10044,1,64,164.24,1,1
1761062044695,234.48,10044,2,512,753.47,0,1
1761062047024,244.95,10044,1,1024,326.79,0,1
1761062049380,234.48,10044,2,1024,355.47,0,1
1761062051793,244.95,10044,1,32,412.01,0,1
1761062054203,234.48,10044,2,1024,407.06,0,1
1761062056544,244.95,10044,1,256,339.72,0,1
1761062059033,234.48,10044,2,32,488.12,0,1
1761062061524,233.8,10044,1,512,489.45,0,1
1761062063750,244.95,10044,1,256,224.56,0,1
1761062066218,234.48,10044,2,128,466.97,0,1
1761062068826,244.95,10044,1,256,606.83,0,1
1761062071141,234.48,10044,2,256,313.67,0,1
1761062074307,244.95,10044,1,32,1164.94,0,1
1761062076636,234.48,10044,2,32,327.99,0,1
1761062078914,244.95,10044,1,512,276.43,0,1
1761062081213,234.48,10044,2,256,296.75,0,1
1761062083380,235.39,10044,1,64,166.68,1,1
1761062086121,244.95,10044,1,32,740.26,0,1
1761062088363,234.48,10044,2,512,239.68,0,1
1761062090734,244.95,10044,1,64,370.02,0,1
1761062093136,234.48,10044,2,512,400.49,0,1
1761062095373,244.95,10044,1,32,235.83,0,1
1761062097774,234.48,10044,2,256,398.67,0,1
1761062099921,244.95,10044,1,128,145.94,1,1
1761062102101,234.48,10044,2,32,178.54,1,1
1761062104227,244.95,10044,1,32,125.66,1,1
1761062106588,234.48,10044,2,256,358.86,0,1
1761062108854,244.95,10044,1,1024,263.71,0,1
1761062111010,234.48,10044,2,32,155.0,1,1
1761062113222,244.95,10044,1,512,210.4,0,1
1761062115631,244.95,10044,1,256,407.9,0,1
1761062117932,234.48,10044,2,256,299.11,0,1
1761062120282,244.95,10044,1,256,349.18,0,1
1761062122698,234.48,10044,2,1024,414.33,0,1
1761062125110,244.95,10044,1,32,410.81,0,1
1761062127535,234.48,10044,2,128,423.58,0,1
1761062129808,244.95,10044,1,128,270.64,0,1
1761062132185,234.48,10044,2,128,376.16,0,1
1761062134649,233.8,10044,1,32,462.74,0,1
1761062137096,244.95,10044,1,1024,445.89,0,1
1761062139561,234.48,10044,2,64,463.56,0,1
1761062142090,244.91,10044,1,512,527.63,0,1
1761062144553,234.48,10044,2,64,462.16,0,1
1761062147009,244.95,10044,1,32,454.48,0,1
1761062149601,234.48,10044,2,32,591.59,0,1
1761062151942,244.95,10044,1,64,338.9,0,1
1761062154496,234.48,10044,2,32,552.78,0,1
1761062156856,244.95,10044,1,512,358.92,0,1
1761062159297,234.48,10044,2,1024,438.9,0,1
1761062161764,244.95,10044,1,32,465.81,0,1
1761062164143,244.95,10044,1,64,377.36,0,1
1761062166596,234.48,10044,2,512,451.25,0,1
1761062169211,244.95,10044,1,256,613.76,0,1
1761062171681,234.48,10044,2,32,468.85,0,1
1761062174040,244.95,10044,1,1024,356.83,0,1
1761062176450,234.48,10044,2,64,408.69,0,1
1761062178982,244.95,10044,1,512,529.84,0,1
1761062181341,234.48,10044,2,64,357.24,0,1
1761062183804,244.95,10044,1,32,461.89,0,1
1761062186269,234.48,10044,2,256,463.34,0,1
1761062188826,236.85,10044,1,1024,555.03,0,1
1761062191172,244.95,10044,1,512,344.37,0,1
1761062193626,234.48,10044,2,1024,451.65,0,1
1761062195793,244.95,10044,1,512,164.78,1,1
1761062198375,234.48,10044,2,512,580.46,0,1
1761062200832,244.95,10044,1,128,455.34,0,1
1761062203301,234.48,10044,2,512,467.3,0,1
1761062205520,244.95,10044,1,512,217.64,0,1
1761062207856,234.48,10044,2,512,334.31,0,1
1761062210232,244.95,10044,1,32,375.02,0,1
1761062212638,234.48,10044,2,512,403.99,0,1
1761062215113,244.95,10044,1,512,473.51,0,1
1761062217571,234.48,10044,2,32,456.43,0,1
1761062220024,244.95,10044,1,1024,451.6,0,1
1761062222663,234.48,10044,2,512,637.32,0,1
1761062224875,244.89,10044,1,256,210.68,0,1
1761062227071,244.95,10044,1,1024,195.31,1,1
1761062229491,234.48,10044,2,32,419.27,0,1
1761062231627,244.95,10044,1,256,133.69,1,1
1761062233822,234.48,10044,2,128,193.7,1,1
1761062235939,244.91,10044,1,256,115.64,1,1
1761062238094,234.48,10044,2,32,153.97,1,1
1761062240242,244.95,10044,1,512,145.62,1,1
1761062242555,234.48,10044,2,32,311.28,0,1
1761062245043,244.95,10044,1,256,486.51,0,1
1761062247301,234.48,10044,2,128,257.64,0,1
1761062249474,244.95,10044,1,256,171.0,1,1
1761062251734,234.48,10044,2,1024,257.85,0,1
1761062254321,244.95,10044,1,32,585.8,0,1
1761062256576,234.48,10044,2,32,253.07,0,1
1761062258979,244.89,10044,1,256,401.8,0,1
1761062261145,244.95,10044,1,1024,163.35,1,1
1761062263575,234.48,10044,2,128,428.85,0,1
1761062265787,244.95,10044,1,1024,210.89,0,1
1761062268245,234.48,10044,2,256,455.67,0,1
1761062270639,244.95,10044,1,128,392.32,0,1
1761062272789,234.48,10044,2,512,147.93,1,1
1761062275008,244.95,10044,1,32,218.12,0,1
1761062277457,234.48,10044,2,32,447.79,0,1
1761062279996,244.95,10044,1,1024,538.24,0,1
1761062282332,234.48,10044,2,512,334.33,0,1
1761062284794,244.95,10044,1,1024,459.86,0,1
1761062287388,234.48,10044,2,128,591.71,0,1
1761062290447,233.8,10044,1,128,1058.6,0,1
1761062293026,244.95,10044,1,256,577.74,0,1
1761062295430,234.48,10044,2,32,403.26,0,1
1761062297878,244.95,10044,1,64,447.49,0,1
1761062300472,234.48,10044,2,32,591.7,0,1
1761062303058,244.95,10044,1,512,585.44,0,1
1761062305384,234.48,10044,2,256,324.83,0,1
1761062307807,244.95,10044,1,64,422.2,0,1
1761062309921,234.48,10044,2,256,112.16,1,1
1761062312089,244.95,10044,1,32,167.02,1,1
1761062314267,234.48,10044,2,1024,174.83,1,1
1761062316736,244.95,10044,1,64,468.12,0,1
1761062319240,234.48,10044,2,128,502.88,0,1
1761062321601,244.95,10044,1,512,359.77,0,1
1761062323814,244.95,10044,1,512,211.18,0,1
1761062326238,234.48,10044,2,128,422.4,0,1
1761062328685,244.95,10044,1,256,445.64,0,1
1761062331136,234.48,10044,2,512,448.98,0,1
1761062333679,244.95,10044,1,256,541.41,0,1
1761062336054,234.48,10044,2,512,373.91,0,1
1761062338475,244.95,10044,1,256,419.08,0,1
1761062340691,234.48,10044,2,64,214.31,0,1
1761062343152,244.95,10044,1,64,460.02,0,1
1761062345859,244.95,10044,1,256,706.16,0,1
1761062348206,234.48,10044,2,1024,344.89,0,1
1761062350596,244.95,10044,1,128,388.78,0,1
1761062353343,234.48,10044,2,1024,744.84,0,1
1761062355747,244.95,10044,1,64,402.65,0,1
1761062358276,234.48,10044,2,512,526.65,0,1
1761062360615,244.95,10044,1,32,338.07,0,1
1761062362748,234.48,10044,2,32,131.23,1,1
1761062365055,244.95,10044,1,64,304.99,0,1
1761062367450,234.5,10044,1,64,393.65,0,1
1761062369866,234.48,10044,2,64,415.08,0,1
1761062372251,244.95,10044,1,1024,382.96,0,1
1761062374387,234.48,10044,2,64,134.33,1,1
1761062376746,244.95,10044,1,128,358.25,0,1
1761062379035,234.48,10044,2,32,287.36,0,1
1761062381517,244.95,10044,1,64,480.33,0,1
1761062383971,234.48,10044,2,512,452.94,0,1
1761062386451,244.95,10044,1,64,478.33,0,1
1761062388949,234.48,10044,2,256,497.65,0,1
1761062391461,244.95,10044,1,64,511.27,0,1
1761062393803,234.48,10044,2,32,340.3,0,1
1761062396345,244.95,10044,1,1024,540.32,0,1
1761062398650,244.95,10044,1,64,304.19,0,1
1761062400897,234.48,10044,2,256,245.62,0,1
1761062403275,244.95,10044,1,256,376.06,0,1
1761062405604,234.48,10044,2,128,327.3,0,1
1761062407936,244.95,10044,1,256,330.87,0,1
1761062410339,234.48,10044,2,512,400.89,0,1
1761062412603,244.95,10044,1,128,262.85,0,1
1761062414969,234.48,10044,2,512,364.95,0,1
1761062417541,244.91,10044,1,32,570.82,0,1
1761062419869,234.48,10044,2,512,325.9,0,1
1761062422280,244.95,10044,1,32,409.58,0,1
1761062424436,234.48,10044,2,128,155.34,1,1
1761062426594,238.59,10044,1,128,157.7,1,1
1761062428804,244.95,10044,1,64,208.93,0,1
1761062431267,234.48,10044,2,256,461.46,0,1
1761062433752,244.95,10044,1,256,482.91,0,1
1761062436117,234.48,10044,2,1024,362.95,0,1
1761062438304,244.95,10044,1,32,185.76,1,1
1761062440784,234.48,10044,2,256,478.41,0,1
1761062443232,244.95,10044,1,512,447.04,0,1
1761062445879,234.48,10044,2,32,645.48,0,1
1761062448139,244.95,10044,1,512,257.29,0,1
1761062450632,234.48,10044,2,256,492.16,0,1
1761062453031,244.95,10044,1,32,397.44,0,1
1761062455853,234.48,10044,2,512,819.73,0,1
1761062458205,244.93,10044,1,1024,349.79,0,1
1761062460584,234.5,10044,1,64,377.47,0,1
1761062462940,234.48,10044,2,128,354.01,0,1
1761062465601,244.95,10044,1,512,659.74,0,1
1761062468124,234.48,10044,2,256,520.41,0,1
1761062470504,244.95,10044,1,128,379.11,0,1
1761062472981,234.48,10044,2,64,475.71,0,1
1761062475440,244.95,10044,1,1024,458.73,0,1
1761062477900,234.48,10044,2,512,457.36,0,1
1761062480418,244.95,10044,1,64,516.78,0,1
1761062482941,234.48,10044,2,128,522.4,0,1
1761062485297,244.95,10044,1,32,354.88,0,1
1761062487694,234.48,10044,2,1024,394.65,0,1
1761062489939,238.58,10044,1,512,243.97,0,1
1761062492518,244.91,10044,1,256,577.19,0,1
1761062495072,234.48,10044,2,32,552.25,0,1
1761062497296,244.95,10044,1,128,222.29,0,1
1761062499526,234.48,10044,2,1024,228.15,0,1
1761062501825,244.95,10044,1,1024,296.99,0,1
1761062504277,234.48,10044,2,64,449.84,0,1
1761062506711,244.95,10044,1,256,432.87,0,1
1761062509112,234.48,10044,2,256,399.78,0,1
1761062511427,244.95,10044,1,32,313.86,0,1
1761062513775,244.95,10044,1,1024,345.13,0,1
1761062515924,234.48,10044,2,32,147.34,1,1
1761062518181,244.95,10044,1,1024,256.26,0,1
1761062520559,234.48,10044,2,32,377.1,0,1
1761062523021,244.95,10044,1,512,460.0,0,1
1761062525544,234.48,10044,2,128,522.21,0,1
1761062528046,244.95,10044,1,256,500.22,0,1
1761062530363,234.48,10044,2,64,316.1,0,1
1761062532676,244.95,10044,1,256,311.72,0,1
1761062534963,234.48,10044,2,128,284.65,0,1
1761062538488,244.95,10044,1,512,1523.9,0,1
1761062541063,234.48,10044,2,128,573.74,0,1
1761062543403,244.89,10044,1,32,338.27,0,1
1761062545805,244.95,10044,1,512,400.04,0,1
1761062548217,234.48,10044,2,64,411.19,0,1
1761062550835,244.95,10044,1,1024,616.41,0,1
1761062553096,234.48,10044,2,512,258.6,0,1
1761062555622,244.95,10044,1,32,524.5,0,1
1761062558135,234.48,10044,2,128,512.08,0,1
1761062560453,244.95,10044,1,512,316.33,0,1
1761062562913,234.48,10044,2,128,458.49,0,1
1761062565460,244.95,10044,1,32,546.4,0,1
1761062568239,244.95,10044,1,1024,777.84,0,1
1761062570672,234.48,10044,2,1024,429.88,0,1
1761062573135,244.95,10044,1,32,461.95,0,1
1761062575625,234.48,10044,2,1024,486.81,0,1
1761062578013,244.95,10044,1,512,386.39,0,1
1761062580698,234.48,10044,2,128,684.95,0,1
1761062583027,244.95,10044,1,64,326.91,0,1
1761062585311,234.48,10044,2,256,283.54,0,1
1761062587693,244.95,10044,1,64,380.99,0,1
1761062589984,234.48,10044,2,64,290.3,0,1
1761062592421,244.95,10044,1,256,434.79,0,1
1761062594957,234.48,10044,2,128,534.56,0,1
1761062597297,244.95,10044,1,128,339.09,0,1
1761062599520,234.48,10044,2,128,222.2,0,1
1761062602078,244.39,10044,1,512,556.57,0,1
1761062604470,244.95,10044,1,512,389.68,0,1
1761062606938,234.48,10044,2,64,467.07,0,1
1761062609411,244.95,10044,1,256,471.44,0,1
1761062611792,234.48,10044,2,256,378.66,0,1
1761062614312,244.95,10044,1,512,517.93,0,1
1761062616658,234.48,10044,2,64,345.58,0,1
1761062619168,244.95,10044,1,512,508.02,0,1
1761062621512,234.48,10044,2,512,342.9,0,1
1761062623793,244.95,10044,1,1024,279.71,0,1
1761062626213,234.48,10044,2,32,417.81,0,1
1761062628649,236.63,10044,1,128,434.82,0,1
1761062631119,244.95,10044,1,256,469.15,0,1
1761062633577,234.48,10044,2,128,456.03,0,1
1761062636154,244.95,10044,1,128,574.56,0,1
1761062638430,234.48,10044,2,64,274.6,0,1
1761062640652,244.95,10044,1,64,221.83,0,1
1761062643032,234.48,10044,2,1024,377.82,0,1
1761062645167,244.95,10044,1,32,134.29,1,1
1761062647354,234.48,10044,2,64,186.0,1,1
1761062649826,244.95,10044,1,64,470.45,0,1
1761062652325,234.48,10044,2,256,497.25,0,1
1761062654881,244.91,10044,1,64,555.48,0,1
1761062657346,234.48,10044,2,128,463.14,0,1
1761062659751,244.95,10044,1,256,404.05,0,1
1761062662052,242.82,10044,1,32,299.95,0,1
1761062664284,234.48,10044,2,256,230.86,0,1
1761062666664,244.95,10044,1,32,379.66,0,1
1761062668827,234.48,10044,2,256,161.43,1,1
1761062671050,244.95,10044,1,512,221.74,0,1
1761062673477,234.48,10044,2,32,425.76,0,1
1761062676148,244.95,10044,1,32,670.13,0,1
1761062678353,234.48,10044,2,128,203.7,0,1
1761062680480,244.95,10044,1,64,125.68,1,1
1761062683022,234.48,10044,2,256,540.41,0,1
1761062685578,244.95,10044,1,32,553.89,0,1
1761062687969,234.48,10044,2,256,389.98,0,1
1761062690385,244.95,10044,1,256,414.85,0,1
1761062692754,244.95,10044,1,1024,366.82,0,1
1761062694936,234.48,10044,2,512,180.29,1,1
1761062697441,244.95,10044,1,1024,503.18,0,1
1761062699889,234.48,10044,2,256,445.98,0,1
1761062702383,244.95,10044,1,512,492.99,0,1
1761062704900,234.48,10044,2,512,515.81,0,1
1761062707243,244.95,10044,1,128,341.67,0,1
1761062709694,234.48,10044,2,32,449.91,0,1
1761062712104,244.95,10044,1,512,408.81,0,1
1761062714370,234.48,10044,2,512,264.33,0,1
1761062717085,244.95,10044,1,128,714.13,0,1
1761062719624,234.48,10044,2,64,537.85,0,1
1761062721998,244.93,10044,1,32,372.11,0,1
1761062724399,234.48,10044,2,256,400.34,0,1
1761062726979,224.9,10044,2,64,578.6,0,1
1761062729368,244.95,10044,1,512,388.56,0,1
1761062731832,234.48,10044,2,256,462.37,0,1
1761062734543,244.95,10044,1,128,709.93,0,1
1761062737060,234.48,10044,2,512,516.18,0,1
1761062739491,244.95,10044,1,64,429.35,0,1
1761062742057,234.48,10044,2,256,564.57,0,1
1761062744561,244.95,10044,1,512,502.26,0,1
1761062746825,234.48,10044,2,256,262.83,0,1
1761062749388,244.91,10044,1,512,561.74,0,1
1761062751685,244.95,10044,1,32,295.17,0,1
1761062753936,234.48,10044,2,32,249.93,0,1
1761062756331,241.68,10044,1,64,393.94,0,1
1761062758894,231.23,10044,2,64,561.72,0,1
1761062761231,241.68,10044,1,1024,334.15,0,1
1761062763786,231.23,10044,2,128,554.21,0,1
1761062766175,241.68,10044,1,128,387.67,0,1
1761062768683,231.23,10044,2,32,506.21,0,1
1761062771060,241.68,10044,1,32,375.59,0,1
1761062773565,231.23,10044,2,512,502.81,0,1
1761062775936,241.68,10044,1,128,369.09,0,1
1761062778252,241.68,10044,1,64,314.71,0,1
1761062780581,231.23,10044,2,64,327.85,0,1
1761062783181,241.64,10044,1,128,598.8,0,1
1761062785625,231.23,10044,2,1024,442.75,0,1
1761062788058,241.68,10044,1,32,431.58,0,1
1761062790633,231.23,10044,2,32,573.07,0,1
1761062792923,241.68,10044,1,512,287.98,0,1
1761062795339,231.23,10044,2,32,414.7,0,1
1761062797803,241.68,10044,1,512,462.06,0,1
1761062800232,231.23,10044,2,32,428.06,0,1
1761062802580,241.68,10044,1,64,346.3,0,1
1761062804841,231.23,10044,2,1024,260.14,0,1
1761062807105,230.55,10044,1,512,262.71,0,1
1761062809614,241.68,10044,1,32,507.69,0,1
1761062812131,231.23,10044,2,1024,515.57,0,1
1761062814364,241.68,10044,1,128,231.79,0,1
1761062816815,231.23,10044,2,64,449.64,0,1
1761062819292,241.68,10044,1,32,475.5,0,1
1761062822148,231.23,10044,2,32,854.85,0,1
1761062824566,241.68,10044,1,1024,415.32,0,1
1761062826961,231.23,10044,2,512,394.63,0,1
1761062829555,241.68,10044,1,256,592.39,0,1
1761062831991,231.23,10044,2,128,434.73,0,1
1761062834316,241.68,10044,1,256,322.76,0,1
1761062837147,241.68,10044,1,512,829.2,0,1
1761062839854,231.23,10044,2,32,705.33,0,1
1761062842403,241.68,10044,1,512,547.53,0,1
1761062844832,231.23,10044,2,256,428.0,0,1
1761062847623,241.68,10044,1,128,789.76,0,1
1761062850031,231.23,10044,2,512,406.52,0,1
1761062853013,241.68,10044,1,32,981.45,0,1
1761062855967,231.23,10044,2,512,952.09,0,1
1761062858440,241.68,10044,1,512,471.19,0,1
1761062860774,241.68,10044,1,512,332.08,0,1
1761062863255,231.23,10044,2,128,479.98,0,1
1761062865741,241.68,10044,1,256,485.06,0,1
1761062868239,231.23,10044,2,256,496.04,0,1
1761062870551,241.68,10044,1,128,310.58,0,1
1761062872957,231.23,10044,2,256,403.83,0,1
1761062875432,241.68,10044,1,64,473.71,0,1
1761062877792,231.23,10044,2,256,359.6,0,1
1761062880044,241.68,10044,1,256,250.94,0,1
1761062882577,231.23,10044,2,32,531.72,0,1
1761062885147,241.68,10044,1,128,568.51,0,1
1761062887813,231.23,10044,2,256,664.64,0,1
1761062890190,241.68,10044,1,512,374.95,0,1
1761062892669,231.23,10044,2,64,477.08,0,1
1761062895116,233.74,10044,1,32,446.39,0,1
1761062897594,241.68,10044,1,128,476.75,0,1
1761062900030,231.23,10044,2,1024,433.19,0,1
1761062902496,241.68,10044,1,128,464.81,0,1
1761062904895,231.23,10044,2,64,397.57,0,1
1761062907132,241.68,10044,1,512,235.45,0,1
1761062909480,231.23,10044,2,256,346.48,0,1
1761062911902,241.68,10044,1,128,419.55,0,1
1761062914217,231.23,10044,2,128,314.62,0,1
1761062916629,241.68,10044,1,32,409.99,0,1
1761062919075,231.23,10044,2,256,444.8,0,1
1761062921611,241.68,10044,1,1024,533.52,0,1
1761062924146,231.23,10044,2,1024,532.48,0,1
1761062926523,241.68,10044,1,128,375.37,0,1
1761062928954,231.23,10044,2,64,430.45,0,1
1761062931376,241.64,10044,1,32,419.97,0,1
1761062933751,241.68,10044,1,64,374.18,0,1
1761062935946,231.23,10044,2,1024,193.62,1,1
1761062938499,241.68,10044,1,1024,551.43,0,1
1761062940857,231.23,10044,2,512,356.06,0,1
1761062943517,241.68,10044,1,256,658.57,0,1
1761062945844,231.23,10044,2,512,325.39,0,1
1761062948557,241.68,10044,1,128,712.03,0,1
1761062951001,231.23,10044,2,1024,441.1,0,1
1761062953606,241.68,10044,1,512,603.89,0,1
1761062955958,231.23,10044,2,64,350.24,0,1
1761062958603,241.68,10044,1,512,643.26,0,1
1761062961039,231.23,10044,2,1024,432.86,0,1
1761062963266,241.68,10044,1,128,225.77,0,1
1761062965783,231.23,10044,2,64,516.37,0,1
1761062968281,241.64,10044,1,32,495.9,0,1
1761062970629,241.68,10044,1,128,347.19,0,1
1761062973323,231.23,10044,2,1024,691.72,0,1
1761062975468,241.68,10044,1,64,143.58,1,1
1761062977714,231.23,10044,2,256,243.81,0,1
1761062980277,241.68,10044,1,32,562.1,0,1
1761062982609,231.23,10044,2,128,331.08,0,1
1761062985334,241.68,10044,1,32,722.95,0,1
1761062987455,231.23,10044,2,256,119.81,1,1
1761062989697,241.68,10044,1,256,240.92,0,1
1761062992074,231.23,10044,2,256,376.06,0,1
1761062994225,241.68,10044,1,512,149.99,1,1
1761062996435,231.23,10044,2,1024,208.05,0,1
1761062998817,241.68,10044,1,512,380.65,0,1
1761063001084,241.68,10044,1,512,265.43,0,1
1761063003487,231.23,10044,2,512,400.73,0,1
1761063005917,241.68,10044,1,256,429.59,0,1
1761063008198,231.23,10044,2,32,280.16,0,1
1761063010632,241.68,10044,1,64,432.64,0,1
1761063012993,231.23,10044,2,64,359.06,0,1
1761063015576,241.68,10044,1,256,581.54,0,1
1761063018075,231.23,10044,2,256,496.85,0,1
1761063020399,241.68,10044,1,256,321.76,0,1
1761063022634,231.23,10044,2,32,233.91,0,1
1761063024980,241.64,10044,1,512,344.16,0,1
1761063027516,241.68,10044,1,1024,533.64,0,1
1761063029861,231.23,10044,2,128,343.39,0,1
1761063032330,241.68,10044,1,32,468.47,0,1
1761063034907,231.23,10044,2,256,575.28,0,1
1761063037238,241.64,10044,1,256,329.04,0,1
1761063039646,231.23,10044,2,1024,405.96,0,1
1761063041826,241.68,10044,1,256,178.26,1,1
1761063044461,231.23,10044,2,256,633.3,0,1
1761063046797,241.68,10044,1,512,335.14,0,1
1761063049231,231.23,10044,2,1024,431.7,0,1
1761063052049,241.68,10044,1,512,815.74,0,1
1761063054486,231.23,10044,2,128,436.25,0,1
1761063057039,220.2,10044,2,32,551.68,0,1
1761063059345,241.64,10044,1,128,305.22,0,1
1761063061866,231.23,10044,2,32,519.2,0,1
1761063064165,241.68,10044,1,32,298.22,0,1
1761063066405,231.23,10044,2,256,238.68,0,1
1761063068976,241.68,10044,1,128,569.46,0,1
1761063071381,231.23,10044,2,32,404.46,0,1
1761063074040,241.68,10044,1,512,657.16,0,1
1761063076284,231.23,10044,2,128,242.83,0,1
1761063078735,241.68,10044,1,512,449.87,0,1
1761063081134,231.23,10044,2,256,398.62,0,1
1761063083558,231.86,10044,1,512,422.4,0,1
1761063085736,241.68,10044,1,256,177.12,1,1
1761063088266,231.23,10044,2,256,528.97,0,1
1761063090678,241.68,10044,1,32,411.6,0,1
1761063093185,231.23,10044,2,32,505.56,0,1
1761063095524,241.68,10044,1,256,337.89,0,1
1761063097912,231.23,10044,2,512,386.12,0,1
1761063100291,241.68,10044,1,32,378.1,0,1
1761063102847,231.23,10044,2,1024,553.91,0,1
1761063105151,241.68,10044,1,512,302.52,0,1
1761063107577,231.23,10044,2,32,424.86,0,1
1761063109971,241.68,10044,1,32,392.39,0,1
1761063112338,231.25,10044,1,128,365.59,0,1
1761063114696,231.23,10044,2,32,356.55,0,1
1761063117164,241.68,10044,1,256,466.31,0,1
1761063119716,231.23,10044,2,64,550.42,0,1
1761063122101,241.68,10044,1,256,383.32,0,1
1761063124464,231.23,10044,2,512,360.69,0,1
1761063126892,241.68,10044,1,256,427.51,0,1
1761063129661,231.23,10044,2,512,767.52,0,1
1761063132420,241.68,10044,1,1024,756.57,0,1
1761063134967,231.23,10044,2,128,545.71,0,1
1761063137363,241.68,10044,1,128,394.17,0,1
1761063139877,231.23,10044,2,1024,512.21,0,1
1761063142362,230.55,10044,1,512,482.84,0,1
1761063144719,241.68,10044,1,1024,355.69,0,1
1761063147182,231.23,10044,2,256,461.48,0,1
1761063149606,241.68,10044,1,128,423.46,0,1
1761063152268,231.23,10044,2,256,660.0,0,1
1761063154645,241.68,10044,1,128,376.0,0,1
1761063157090,231.23,10044,2,256,443.57,0,1
1761063159475,241.68,10044,1,128,382.61,0,1
1761063161881,231.23,10044,2,512,404.15,0,1
1761063164311,241.68,10044,1,128,429.68,0,1
1761063166793,231.23,10044,2,128,480.66,0,1
1761063169426,241.68,10044,1,32,631.09,0,1
1761063172204,231.23,10044,2,128,777.11,0,1
1761063174663,241.68,10044,1,512,457.35,0,1
1761063176883,231.23,10044,2,1024,218.49,0,1
1761063179066,241.68,10044,1,64,182.56,1,1
1761063181465,231.23,10044,2,512,397.35,0,1
1761063184035,241.64,10044,1,64,569.01,0,1
1761063186411,241.68,10044,1,128,374.14,0,1
1761063188687,231.23,10044,2,128,274.93,0,1
1761063191033,241.68,10044,1,128,345.47,0,1
1761063193603,231.23,10044,2,32,568.68,0,1
1761063196006,241.68,10044,1,512,401.62,0,1
1761063198423,231.23,10044,2,1024,414.55,0,1
1761063200891,241.68,10044,1,32,466.56,0,1
1761063203329,231.23,10044,2,256,437.58,0,1
1761063205877,241.68,10044,1,64,547.35,0,1
1761063208256,231.23,10044,2,64,377.25,0,1
1761063210719,241.68,10044,1,512,461.65,0,1
1761063213191,231.23,10044,2,256,470.07,0,1
1761063215677,241.64,10044,1,32,484.96,0,1
1761063218111,241.68,10044,1,32,432.74,0,1
1761063220562,231.23,10044,2,64,449.21,0,1
1761063223101,241.68,10044,1,512,538.27,0,1
1761063225453,231.23,10044,2,128,351.45,0,1
1761063227914,241.68,10044,1,1024,457.91,0,1
1761063230516,231.23,10044,2,128,601.09,0,1
1761063232813,241.68,10044,1,128,295.16,0,1
1761063235324,231.23,10044,2,512,508.98,0,1
1761063237779,241.68,10044,1,64,454.4,0,1
1761063240338,231.23,10044,2,1024,558.32,0,1
1761063242725,241.68,10044,1,512,384.32,0,1
1761063245130,231.23,10044,2,1024,403.12,0,1
1761063247604,241.64,10044,1,1024,471.19,0,1
1761063250018,241.68,10044,1,512,412.71,0,1
1761063253124,231.23,10044,2,64,1105.04,0,1
1761063255553,241.68,10044,1,128,427.46,0,1
1761063258328,231.23,10044,2,32,773.06,0,1
1761063260732,241.68,10044,1,256,402.36,0,1
1761063263232,231.23,10044,2,512,498.1,0,1
1761063265665,241.68,10044,1,32,432.39,0,1
1761063268146,231.23,10044,2,64,480.64,0,1
1761063270604,241.68,10044,1,512,455.73,0,1
1761063273062,241.68,10044,1,64,457.31,0,1
1761063275612,231.23,10044,2,512,547.61,0,1
1761063278153,241.68,10044,1,64,540.33,0,1
1761063280577,231.23,10044,2,512,421.84,0,1
1761063282980,241.68,10044,1,256,402.0,0,1
1761063285272,231.23,10044,2,32,291.22,0,1
1761063287509,241.68,10044,1,32,234.63,0,1
1761063289932,231.23,10044,2,64,422.25,0,1
1761063292366,241.68,10044,1,32,432.44,0,1
1761063294913,231.23,10044,2,64,546.01,0,1
1761063297251,241.68,10044,1,128,336.29,0,1
1761063299688,241.68,10044,1,64,435.17,0,1
1761063302173,231.23,10044,2,1024,484.35,0,1
1761063304712,241.68,10044,1,1024,536.23,0,1
1761063307043,231.23,10044,2,64,329.3,0,1
1761063309219,241.68,10044,1,64,175.14,1,1
1761063311835,231.23,10044,2,32,614.55,0,1
1761063314111,241.68,10044,1,512,274.16,0,1
1761063316332,231.23,10044,2,128,219.38,0,1
1761063318856,241.68,10044,1,256,522.29,0,1
1761063321302,231.23,10044,2,128,445.13,0,1
1761063323986,241.68,10044,1,32,682.31,0,1
1761063326369,231.23,10044,2,512,381.22,0,1
1761063328918,241.64,10044,1,1024,545.98,0,1
1761063331368,241.68,10044,1,512,448.74,0,1
1761063333865,231.23,10044,2,512,494.45,0,1
1761063336481,241.68,10044,1,256,614.58,0,1
1761063338670,231.23,10044,2,64,187.63,1,1
1761063340882,241.68,10044,1,64,210.39,0,1
1761063343737,231.23,10044,2,256,852.25,0,1
1761063346029,241.64,10044,1,64,291.49,0,1
1761063348334,231.23,10044,2,128,303.04,0,1
1761063350820,241.68,10044,1,1024,483.67,0,1
1761063353190,231.23,10044,2,256,368.26,0,1
1761063355594,241.68,10044,1,512,402.95,0,1
1761063357786,231.23,10044,2,128,189.12,1,1
1761063360243,241.68,10044,1,1024,455.34,0,1
1761063362657,231.23,10044,2,32,413.24,0,1
1761063365266,241.68,10044,1,128,608.01,0,1
1761063367511,231.23,10044,2,256,243.75,0,1
1761063369737,241.64,10044,1,32,224.35,0,1
1761063372438,241.68,10044,1,256,699.63,0,1
1761063374617,231.23,10044,2,32,177.38,1,1
1761063377111,241.68,10044,1,256,491.82,0,1
1761063379597,231.23,10044,2,128,485.2,0,1
1761063382075,241.68,10044,1,1024,475.66,0,1
1761063384532,231.23,10044,2,1024,454.37,0,1
1761063387314,241.68,10044,1,1024,780.17,0,1
1761063389675,231.23,10044,2,1024,358.97,0,1
1761063392206,241.68,10044,1,64,529.74,0,1
1761063394791,231.23,10044,2,64,583.94,0,1
1761063397072,241.68,10044,1,64,279.9,0,1
1761063399645,231.23,10044,2,128,572.72,0,1
1761063401995,241.68,10044,1,512,347.69,0,1
1761063404388,241.68,10044,1,128,391.43,0,1
1761063406701,231.23,10044,2,128,312.22,0,1
1761063409111,241.68,10044,1,32,409.12,0,1
1761063411394,231.23,10044,2,1024,280.69,0,1
1761063413607,241.68,10044,1,1024,211.23,0,1
1761063416959,231.23,10044,2,256,1350.21,0,1
1761063419085,241.68,10044,1,1024,123.78,1,1
1761063421225,231.23,10044,2,256,138.34,1,1
1761063423493,241.68,10044,1,64,266.42,0,1
1761063425873,231.23,10044,2,64,378.94,0,1
1761063427986,223.18,10044,1,64,110.53,1,1
1761063430213,241.68,10044,1,1024,225.0,0,1
1761063432944,231.23,10044,2,1024,729.57,0,1
1761063435511,241.68,10044,1,1024,563.44,0,1
1761063437923,231.23,10044,2,32,410.52,0,1
1761063440349,241.68,10044,1,128,425.71,0,1
1761063442864,231.23,10044,2,1024,512.84,0,1
1761063445551,241.64,10044,1,32,685.42,0,1
1761063447955,231.23,10044,2,256,402.16,0,1
1761063450140,241.68,10044,1,32,183.26,1,1
1761063452547,231.23,10044,2,64,405.7,0,1
1761063454767,241.68,10044,1,64,219.18,0,1
1761063457302,241.68,10044,1,64,533.03,0,1
1761063459664,231.23,10044,2,256,358.92,0,1
1761063462031,241.64,10044,1,64,366.21,0,1
1761063464795,231.23,10044,2,1024,762.23,0,1
1761063467127,241.68,10044,1,128,330.95,0,1
1761063469875,231.23,10044,2,256,745.71,0,1
1761063472519,241.68,10044,1,64,642.93,0,1
1761063475293,231.23,10044,2,512,772.46,0,1
1761063477642,241.68,10044,1,512,347.06,0,1
1761063480006,231.23,10044,2,256,362.18,0,1
1761063482354,241.68,10044,1,1024,346.76,0,1
1761063484591,231.23,10044,2,512,234.63,0,1
1761063487191,241.68,10044,1,32,599.09,0,1
1761063489423,231.23,10044,2,64,230.87,0,1
1761063491696,232.14,10044,1,256,271.31,0,1
1761063494067,241.68,10044,1,32,369.55,0,1
1761063496315,231.23,10044,2,1024,246.89,0,1
1761063498709,241.68,10044,1,512,392.52,0,1
1761063501092,231.23,10044,2,128,381.39,0,1
1761063503724,241.68,10044,1,256,631.73,0,1
1761063506118,231.23,10044,2,1024,392.45,0,1
1761063508516,241.68,10044,1,64,396.53,0,1
1761063510933,231.23,10044,2,128,416.27,0,1
1761063513565,241.68,10044,1,256,630.52,0,1
1761063515872,231.23,10044,2,64,305.85,0,1
1761063518304,241.68,10044,1,256,430.97,0,1
1761063520877,231.23,10044,2,256,570.6,0,1
1761063523385,221.65,10044,2,64,506.12,0,1
1761063525862,241.68,10044,1,1024,475.53,0,1
1761063528746,231.23,10044,2,256,882.21,0,1
1761063531242,241.68,10044,1,32,495.32,0,1
1761063533725,231.23,10044,2,32,482.37,0,1
1761063536121,241.68,10044,1,512,394.02,0,1
1761063538639,231.23,10044,2,512,516.35,0,1
1761063541441,241.68,10044,1,512,800.32,0,1
1761063544271,231.23,10044,2,1024,828.05,0,1
1761063546804,241.68,10044,1,64,531.37,0,1
1761063548965,241.68,10044,1,256,159.44,1,1
1761063551123,231.23,10044,2,32,157.21,1,1
1761063553271,241.68,10044,1,256,146.34,1,1
1761063555439,231.23,10044,2,64,166.8,1,1
1761063557969,241.68,10044,1,512,527.85,0,1
1761063560625,231.23,10044,2,256,654.9,0,1
1761063562826,241.68,10044,1,256,199.4,1,1
1761063565351,231.23,10044,2,256,522.94,0,1
1761063567860,241.68,10044,1,128,507.64,0,1
1761063570385,231.23,10044,2,64,524.43,0,1
1761063572923,241.68,10044,1,64,537.15,0,1
1761063575125,241.64,10044,1,1024,199.44,1,1
1761063577646,231.23,10044,2,32,519.24,0,1
1761063580236,241.68,10044,1,128,589.24,0,1
1761063582992,231.23,10044,2,256,754.22,0,1
1761063585257,241.68,10044,1,32,263.32,0,1
1761063587723,231.23,10044,2,64,464.75,0,1
1761063590127,241.68,10044,1,256,401.86,0,1
1761063592610,231.23,10044,2,128,481.12,0,1
1761063595043,241.68,10044,1,32,431.63,0,1
1761063597564,231.23,10044,2,64,519.93,0,1
1761063600215,241.68,10044,1,64,650.1,0,1
1761063602411,231.25,10044,1,1024,193.54,1,1
1761063604902,231.23,10044,2,32,490.21,0,1
1761063607385,241.68,10044,1,32,482.03,0,1
1761063609957,231.23,10044,2,1024,570.83,0,1
1761063612560,241.68,10044,1,512,601.92,0,1
1761063615006,231.23,10044,2,32,444.5,0,1
1761063617807,241.68,10044,1,128,799.95,0,1
1761063620186,231.23,10044,2,512,377.6,0,1
1761063622348,241.68,10044,1,1024,159.03,1,1
1761063624669,231.23,10044,2,256,319.48,0,1
1761063626972,230.55,10044,1,32,301.69,0,1
1761063629225,241.68,10044,1,64,251.82,0,1
1761063631566,231.23,10044,2,512,339.87,0,1
1761063633779,241.68,10044,1,256,211.67,0,1
1761063636316,231.23,10044,2,256,535.02,0,1
1761063638641,241.68,10044,1,1024,323.79,0,1
1761063641003,231.23,10044,2,512,359.81,0,1
1761063643281,241.68,10044,1,32,277.3,0,1
1761063645710,231.23,10044,2,512,427.67,0,1
1761063648181,241.68,10044,1,32,469.04,0,1
1761063650638,241.68,10044,1,64,455.13,0,1
1761063653154,231.23,10044,2,256,514.97,0,1
1761063656030,241.68,10044,1,256,874.63,0,1
1761063658496,231.23,10044,2,512,464.9,0,1
1761063660821,241.68,10044,1,128,323.68,0,1
1761063663235,231.23,10044,2,512,411.74,0,1
1761063666151,241.68,10044,1,64,914.72,0,1
1761063668505,231.23,10044,2,512,352.41,0,1
1761063670907,241.68,10044,1,64,401.53,0,1
1761063673346,231.23,10044,2,32,437.05,0,1
1761063675785,241.14,10044,1,64,437.0,0,1
1761063678607,241.68,10044,1,512,819.89,0,1
1761063681003,231.23,10044,2,32,395.09,0,1
1761063683521,241.68,10044,1,1024,516.65,0,1
1761063685892,231.23,10044,2,32,369.72,0,1
1761063688137,241.68,10044,1,64,243.93,0,1
1761063691333,231.23,10044,2,64,1194.69,0,1
1761063693602,241.68,10044,1,128,267.26,0,1
1761063696153,231.23,10044,2,128,549.45,0,1
1761063698484,241.68,10044,1,256,330.06,0,1
1761063700673,231.23,10044,2,256,188.12,1,1
1761063703096,239.4,10044,1,256,420.96,0,1
1761063705338,241.68,10044,1,512,241.12,0,1
1761063708021,231.23,10044,2,128,681.63,0,1
1761063710286,241.68,10044,1,1024,263.8,0,1
1761063712761,231.23,10044,2,32,473.46,0,1
1761063715076,241.68,10044,1,128,313.33,0,1
1761063717273,231.23,10044,2,1024,194.97,1,1
1761063719861,241.68,10044,1,512,586.4,0,1
1761063722136,231.23,10044,2,256,273.24,0,1
1761063724614,241.68,10044,1,1024,476.05,0,1
1761063727203,231.23,10044,2,1024,587.31,0,1
1761063729482,241.68,10044,1,64,277.98,0,1
1761063731851,231.23,10044,2,128,367.15,0,1
1761063734131,218.91,10044,1,32,279.42,0,1
1761063736741,241.68,10044,1,512,607.73,0,1
1761063739287,231.23,10044,2,256,544.29,0,1
1761063741453,241.68,10044,1,512,164.15,1,1
1761063743641,231.23,10044,2,512,186.06,1,1
1761063746130,241.68,10044,1,512,487.93,0,1
1761063748691,231.23,10044,2,512,559.93,0,1
1761063751089,241.68,10044,1,256,396.97,0,1
1761063753629,231.23,10044,2,256,538.36,0,1
1761063756069,241.68,10044,1,512,437.92,0,1
1761063758353,241.68,10044,1,512,282.25,0,1
1761063760635,231.23,10044,2,1024,281.49,0,1
1761063763007,241.68,10044,1,512,369.05,0,1
1761063765476,231.23,10044,2,256,467.85,0,1
1761063767914,241.68,10044,1,512,435.88,0,1
1761063770418,231.23,10044,2,128,502.68,0,1
1761063772946,241.68,10044,1,128,526.04,0,1
1761063775216,231.23,10044,2,128,268.8,0,1
1761063777381,241.68,10044,1,512,163.66,1,1
1761063779883,231.23,10044,2,1024,500.14,0,1
1761063782347,241.68,10044,1,64,463.33,0,1
1761063784885,231.23,10044,2,128,535.94,0,1
1761063787176,241.68,10044,1,64,289.47,0,1
1761063789320,231.23,10044,2,64,143.33,1,1
1761063791601,241.64,10044,1,128,279.65,0,1
1761063794089,241.68,10044,1,32,486.83,0,1
1761063796606,231.23,10044,2,64,515.78,0,1
1761063798868,241.68,10044,1,64,260.58,0,1
1761063801135,231.23,10044,2,128,265.99,0,1
1761063803782,241.68,10044,1,256,645.51,0,1
1761063806126,231.23,10044,2,256,342.19,0,1
1761063808423,241.68,10044,1,1024,294.2,0,1
1761063810934,231.23,10044,2,512,509.67,0,1
1761063813287,241.64,10044,1,512,351.18,0,1
1761063815517,231.23,10044,2,64,228.61,0,1
1761063817985,241.68,10044,1,256,466.7,0,1
1761063820486,231.23,10044,2,128,498.2,0,1
1761063823041,241.68,10044,1,512,551.63,0,1
1761063825265,231.23,10044,2,64,222.9,0,1
1761063827758,223.18,10044,1,1024,490.05,0,1
1761063830140,241.68,10044,1,32,379.54,0,1
1761063832440,231.23,10044,2,128,299.18,0,1
1761063834811,241.64,10044,1,128,369.84,0,1
1761063837443,231.23,10044,2,32,630.68,0,1
1761063839906,241.68,10044,1,128,461.17,0,1
1761063842140,231.23,10044,2,128,232.99,0,1
1761063844274,241.68,10044,1,64,133.17,1,1
1761063846525,231.23,10044,2,32,249.67,0,1
1761063849062,241.68,10044,1,128,535.83,0,1
1761063851392,231.23,10044,2,256,329.09,0,1
1761063853851,241.68,10044,1,1024,456.78,0,1
1761063856910,241.68,10044,1,128,1057.88,0,1
1761063859350,231.23,10044,2,128,439.23,0,1
1761063861487,241.68,10044,1,32,135.63,1,1
1761063863746,231.23,10044,2,256,257.88,0,1
1761063866495,241.68,10044,1,256,747.46,0,1
1761063868914,231.23,10044,2,512,417.62,0,1
1761063871327,241.68,10044,1,32,411.31,0,1
1761063873549,231.23,10044,2,256,221.06,0,1
1761063876030,241.68,10044,1,256,478.93,0,1
1761063878471,231.23,10044,2,256,439.65,0,1
1761063880998,241.68,10044,1,64,525.03,0,1
1761063883378,241.68,10044,1,256,378.72,0,1
1761063885790,231.23,10044,2,64,411.11,0,1
1761063888295,241.68,10044,1,256,502.77,0,1
1761063890890,231.23,10044,2,128,594.16,0,1
1761063893244,241.68,10044,1,256,353.03,0,1
1761063895572,231.23,10044,2,512,325.58,0,1
1761063897778,241.68,10044,1,1024,205.39,0,1
1761063900237,231.23,10044,2,128,457.39,0,1
1761063902763,241.68,10044,1,256,524.13,0,1
1761063905332,231.23,10044,2,256,567.61,0,1
1761063907524,241.68,10044,1,128,190.83,1,1
1761063909691,231.23,10044,2,64,166.02,1,1
1761063911988,241.64,10044,1,256,295.39,0,1
1761063914336,241.68,10044,1,256,347.89,0,1
1761063917172,231.23,10044,2,128,834.25,0,1
1761063919502,241.68,10044,1,128,328.57,0,1
1761063921654,231.23,10044,2,256,150.79,1,1
1761063924076,241.68,10044,1,32,420.54,0,1
1761063926315,231.23,10044,2,512,237.68,0,1
1761063928777,241.68,10044,1,128,460.56,0,1
1761063931463,231.23,10044,2,256,683.88,0,1
1761063933708,241.68,10044,1,512,243.66,0,1
1761063936146,231.23,10044,2,64,436.51,0,1
1761063938810,241.68,10044,1,32,663.34,0,1
1761063941208,241.68,10044,1,256,396.92,0,1
1761063944142,231.23,10044,2,256,932.39,0,1
1761063946643,241.68,10044,1,512,499.27,0,1
1761063949115,231.23,10044,2,64,471.36,0,1
1761063951556,241.68,10044,1,64,440.29,0,1
1761063954002,231.23,10044,2,1024,443.09,0,1
1761063956525,241.68,10044,1,1024,520.5,0,1
1761063958975,231.23,10044,2,64,448.44,0,1
1761063961720,241.68,10044,1,1024,742.78,0,1
1761063964098,231.23,10044,2,32,376.62,0,1
1761063966554,241.64,10044,1,128,454.56,0,1
1761063968989,231.23,10044,2,1024,432.84,0,1
1761063971511,241.68,10044,1,512,519.89,0,1
1761063973848,239.56,10044,1,64,334.99,0,1
1761063975968,231.23,10044,2,64,118.73,1,1
1761063978191,241.68,10044,1,32,221.99,0,1
1761063980719,231.23,10044,2,128,526.87,0,1
1761063983119,241.68,10044,1,64,399.18,0,1
1761063985657,231.23,10044,2,32,536.24,0,1
1761063987987,241.68,10044,1,128,329.97,0,1
1761063990441,231.23,10044,2,32,452.46,0,1
1761063992605,241.68,10044,1,256,162.78,1,1
1761063995180,231.23,10044,2,512,572.35,0,1
1761063997505,241.68,10044,1,512,323.38,0,1
1761063999819,231.23,10044,2,128,313.24,0,1
1761064002464,241.68,10044,1,128,643.52,0,1
1761064004886,231.23,10044,2,32,421.63,0,1
1761064007325,241.64,10044,1,64,437.71,0,1
1761064009463,241.68,10044,1,32,137.48,1,1
1761064011864,231.23,10044,2,128,399.34,0,1
1761064014103,241.68,10044,1,1024,236.63,0,1
1761064016716,231.23,10044,2,256,611.73,0,1
1761064019233,241.68,10044,1,32,515.88,0,1
1761064021727,231.23,10044,2,256,492.24,0,1
1761064023912,241.68,10044,1,128,184.15,1,1
1761064026156,231.23,10044,2,256,241.98,0,1
1761064028554,241.68,10044,1,128,397.94,0,1
1761064031013,231.23,10044,2,256,458.63,0,1
1761064033423,241.68,10044,1,64,408.24,0,1
1761064036543,231.23,10044,2,32,1119.18,0,1
1761064038945,233.59,10044,1,512,400.34,0,1
1761064041115,241.68,10044,1,64,168.87,1,1
1761064043664,231.23,10044,2,32,547.89,0,1
1761064046165,241.68,10044,1,1024,500.48,0,1
